rel.group,area,year,season,program,length,lendist
1,2,1990,3,RTTP,10,0
1,2,1990,3,RTTP,12,0
1,2,1990,3,RTTP,14,0
1,2,1990,3,RTTP,16,0
1,2,1990,3,RTTP,18,0
1,2,1990,3,RTTP,20,0
1,2,1990,3,RTTP,22,0
1,2,1990,3,RTTP,24,0
1,2,1990,3,RTTP,26,0
1,2,1990,3,RTTP,28,0
1,2,1990,3,RTTP,30,0
1,2,1990,3,RTTP,32,0
1,2,1990,3,RTTP,34,9.83922885554112
1,2,1990,3,RTTP,36,2.81120824444032
1,2,1990,3,RTTP,38,7.73082267221088
1,2,1990,3,RTTP,40,9.83922885554112
1,2,1990,3,RTTP,42,5.62241648888064
1,2,1990,3,RTTP,44,7.0280206111008
1,2,1990,3,RTTP,46,1.40560412222016
1,2,1990,3,RTTP,48,4.21681236666048
1,2,1990,3,RTTP,50,2.10840618333024
1,2,1990,3,RTTP,52,2.10840618333024
1,2,1990,3,RTTP,54,0
1,2,1990,3,RTTP,56,0.70280206111008
1,2,1990,3,RTTP,58,0.70280206111008
1,2,1990,3,RTTP,60,0
1,2,1990,3,RTTP,62,0.70280206111008
1,2,1990,3,RTTP,64,0
1,2,1990,3,RTTP,66,0
1,2,1990,3,RTTP,68,0
1,2,1990,3,RTTP,70,0
1,2,1990,3,RTTP,72,0
1,2,1990,3,RTTP,74,0
1,2,1990,3,RTTP,76,0
1,2,1990,3,RTTP,78,0
1,2,1990,3,RTTP,80,0
1,2,1990,3,RTTP,82,0
1,2,1990,3,RTTP,84,0
1,2,1990,3,RTTP,86,0
1,2,1990,3,RTTP,88,0
1,2,1990,3,RTTP,90,0
1,2,1990,3,RTTP,92,0
1,2,1990,3,RTTP,94,0
1,2,1990,3,RTTP,96,0
1,2,1990,3,RTTP,98,0
1,2,1990,3,RTTP,100,0
1,2,1990,3,RTTP,102,0
1,2,1990,3,RTTP,104,0
1,2,1990,3,RTTP,106,0
1,2,1990,3,RTTP,108,0
1,2,1990,3,RTTP,110,0
1,2,1990,3,RTTP,112,0
1,2,1990,3,RTTP,114,0
1,2,1990,3,RTTP,116,0
1,2,1990,3,RTTP,118,0
1,2,1990,3,RTTP,120,0
1,2,1990,3,RTTP,122,0
1,2,1990,3,RTTP,124,0
1,2,1990,3,RTTP,126,0
1,2,1990,3,RTTP,128,0
1,2,1990,3,RTTP,130,0
1,2,1990,3,RTTP,132,0
1,2,1990,3,RTTP,134,0
1,2,1990,3,RTTP,136,0
1,2,1990,3,RTTP,138,0
1,2,1990,3,RTTP,140,0
1,2,1990,3,RTTP,142,0
1,2,1990,3,RTTP,144,0
1,2,1990,3,RTTP,146,0
1,2,1990,3,RTTP,148,0
1,2,1990,3,RTTP,150,0
1,2,1990,3,RTTP,152,0
1,2,1990,3,RTTP,154,0
1,2,1990,3,RTTP,156,0
1,2,1990,3,RTTP,158,0
1,2,1990,3,RTTP,160,0
1,2,1990,3,RTTP,162,0
1,2,1990,3,RTTP,164,0
1,2,1990,3,RTTP,166,0
1,2,1990,3,RTTP,168,0
1,2,1990,3,RTTP,170,0
1,2,1990,3,RTTP,172,0
1,2,1990,3,RTTP,174,0
1,2,1990,3,RTTP,176,0
1,2,1990,3,RTTP,178,0
1,2,1990,3,RTTP,180,0
1,2,1990,3,RTTP,182,0
1,2,1990,3,RTTP,184,0
1,2,1990,3,RTTP,186,0
1,2,1990,3,RTTP,188,0
1,2,1990,3,RTTP,190,0
1,2,1990,3,RTTP,192,0
1,2,1990,3,RTTP,194,0
1,2,1990,3,RTTP,196,0
1,2,1990,3,RTTP,198,0
2,2,1991,1,RTTP,10,0
2,2,1991,1,RTTP,12,0
2,2,1991,1,RTTP,14,0
2,2,1991,1,RTTP,16,0
2,2,1991,1,RTTP,18,0
2,2,1991,1,RTTP,20,0
2,2,1991,1,RTTP,22,0
2,2,1991,1,RTTP,24,0.778973283784428
2,2,1991,1,RTTP,26,1.55794656756886
2,2,1991,1,RTTP,28,2.33691985135328
2,2,1991,1,RTTP,30,2.33691985135328
2,2,1991,1,RTTP,32,7.01075955405985
2,2,1991,1,RTTP,34,9.34767940541313
2,2,1991,1,RTTP,36,4.67383970270657
2,2,1991,1,RTTP,38,6.23178627027542
2,2,1991,1,RTTP,40,0
2,2,1991,1,RTTP,42,1
2,2,1991,1,RTTP,44,0
2,2,1991,1,RTTP,46,0
2,2,1991,1,RTTP,48,0
2,2,1991,1,RTTP,50,0
2,2,1991,1,RTTP,52,0
2,2,1991,1,RTTP,54,1.55794656756886
2,2,1991,1,RTTP,56,0.778973283784428
2,2,1991,1,RTTP,58,0
2,2,1991,1,RTTP,60,0
2,2,1991,1,RTTP,62,0
2,2,1991,1,RTTP,64,0
2,2,1991,1,RTTP,66,0
2,2,1991,1,RTTP,68,0
2,2,1991,1,RTTP,70,0
2,2,1991,1,RTTP,72,0
2,2,1991,1,RTTP,74,0
2,2,1991,1,RTTP,76,0
2,2,1991,1,RTTP,78,0
2,2,1991,1,RTTP,80,0
2,2,1991,1,RTTP,82,0
2,2,1991,1,RTTP,84,0
2,2,1991,1,RTTP,86,0
2,2,1991,1,RTTP,88,0
2,2,1991,1,RTTP,90,0
2,2,1991,1,RTTP,92,0
2,2,1991,1,RTTP,94,0
2,2,1991,1,RTTP,96,0
2,2,1991,1,RTTP,98,0
2,2,1991,1,RTTP,100,0
2,2,1991,1,RTTP,102,0
2,2,1991,1,RTTP,104,0
2,2,1991,1,RTTP,106,0
2,2,1991,1,RTTP,108,0
2,2,1991,1,RTTP,110,0
2,2,1991,1,RTTP,112,0
2,2,1991,1,RTTP,114,0
2,2,1991,1,RTTP,116,0
2,2,1991,1,RTTP,118,0
2,2,1991,1,RTTP,120,0
2,2,1991,1,RTTP,122,0
2,2,1991,1,RTTP,124,0
2,2,1991,1,RTTP,126,0
2,2,1991,1,RTTP,128,0
2,2,1991,1,RTTP,130,0
2,2,1991,1,RTTP,132,0
2,2,1991,1,RTTP,134,0
2,2,1991,1,RTTP,136,0
2,2,1991,1,RTTP,138,0
2,2,1991,1,RTTP,140,0
2,2,1991,1,RTTP,142,0
2,2,1991,1,RTTP,144,0
2,2,1991,1,RTTP,146,0
2,2,1991,1,RTTP,148,0
2,2,1991,1,RTTP,150,0
2,2,1991,1,RTTP,152,0
2,2,1991,1,RTTP,154,0
2,2,1991,1,RTTP,156,0
2,2,1991,1,RTTP,158,0
2,2,1991,1,RTTP,160,0
2,2,1991,1,RTTP,162,0
2,2,1991,1,RTTP,164,0
2,2,1991,1,RTTP,166,0
2,2,1991,1,RTTP,168,0
2,2,1991,1,RTTP,170,0
2,2,1991,1,RTTP,172,0
2,2,1991,1,RTTP,174,0
2,2,1991,1,RTTP,176,0
2,2,1991,1,RTTP,178,0
2,2,1991,1,RTTP,180,0
2,2,1991,1,RTTP,182,0
2,2,1991,1,RTTP,184,0
2,2,1991,1,RTTP,186,0
2,2,1991,1,RTTP,188,0
2,2,1991,1,RTTP,190,0
2,2,1991,1,RTTP,192,0
2,2,1991,1,RTTP,194,0
2,2,1991,1,RTTP,196,0
2,2,1991,1,RTTP,198,0
3,2,1991,2,RTTP,10,0
3,2,1991,2,RTTP,12,0
3,2,1991,2,RTTP,14,0
3,2,1991,2,RTTP,16,0
3,2,1991,2,RTTP,18,0
3,2,1991,2,RTTP,20,0
3,2,1991,2,RTTP,22,0
3,2,1991,2,RTTP,24,0
3,2,1991,2,RTTP,26,0.782225740508399
3,2,1991,2,RTTP,28,0
3,2,1991,2,RTTP,30,0
3,2,1991,2,RTTP,32,2.3466772215252
3,2,1991,2,RTTP,34,1
3,2,1991,2,RTTP,36,0.782225740508399
3,2,1991,2,RTTP,38,2.3466772215252
3,2,1991,2,RTTP,40,2.3466772215252
3,2,1991,2,RTTP,42,1.5644514810168
3,2,1991,2,RTTP,44,1.5644514810168
3,2,1991,2,RTTP,46,0
3,2,1991,2,RTTP,48,0
3,2,1991,2,RTTP,50,0
3,2,1991,2,RTTP,52,0
3,2,1991,2,RTTP,54,0
3,2,1991,2,RTTP,56,0
3,2,1991,2,RTTP,58,0
3,2,1991,2,RTTP,60,0
3,2,1991,2,RTTP,62,0
3,2,1991,2,RTTP,64,0
3,2,1991,2,RTTP,66,0
3,2,1991,2,RTTP,68,0
3,2,1991,2,RTTP,70,0
3,2,1991,2,RTTP,72,0
3,2,1991,2,RTTP,74,0
3,2,1991,2,RTTP,76,0
3,2,1991,2,RTTP,78,0
3,2,1991,2,RTTP,80,0
3,2,1991,2,RTTP,82,0
3,2,1991,2,RTTP,84,0
3,2,1991,2,RTTP,86,0
3,2,1991,2,RTTP,88,0
3,2,1991,2,RTTP,90,0
3,2,1991,2,RTTP,92,0
3,2,1991,2,RTTP,94,0
3,2,1991,2,RTTP,96,0
3,2,1991,2,RTTP,98,0
3,2,1991,2,RTTP,100,0
3,2,1991,2,RTTP,102,0
3,2,1991,2,RTTP,104,0
3,2,1991,2,RTTP,106,0
3,2,1991,2,RTTP,108,0
3,2,1991,2,RTTP,110,0
3,2,1991,2,RTTP,112,0
3,2,1991,2,RTTP,114,0
3,2,1991,2,RTTP,116,0
3,2,1991,2,RTTP,118,0
3,2,1991,2,RTTP,120,0
3,2,1991,2,RTTP,122,0
3,2,1991,2,RTTP,124,0
3,2,1991,2,RTTP,126,0
3,2,1991,2,RTTP,128,0
3,2,1991,2,RTTP,130,0
3,2,1991,2,RTTP,132,0
3,2,1991,2,RTTP,134,0
3,2,1991,2,RTTP,136,0
3,2,1991,2,RTTP,138,0
3,2,1991,2,RTTP,140,0
3,2,1991,2,RTTP,142,0
3,2,1991,2,RTTP,144,0
3,2,1991,2,RTTP,146,0
3,2,1991,2,RTTP,148,0
3,2,1991,2,RTTP,150,0
3,2,1991,2,RTTP,152,0
3,2,1991,2,RTTP,154,0
3,2,1991,2,RTTP,156,0
3,2,1991,2,RTTP,158,0
3,2,1991,2,RTTP,160,0
3,2,1991,2,RTTP,162,0
3,2,1991,2,RTTP,164,0
3,2,1991,2,RTTP,166,0
3,2,1991,2,RTTP,168,0
3,2,1991,2,RTTP,170,0
3,2,1991,2,RTTP,172,0
3,2,1991,2,RTTP,174,0
3,2,1991,2,RTTP,176,0
3,2,1991,2,RTTP,178,0
3,2,1991,2,RTTP,180,0
3,2,1991,2,RTTP,182,0
3,2,1991,2,RTTP,184,0
3,2,1991,2,RTTP,186,0
3,2,1991,2,RTTP,188,0
3,2,1991,2,RTTP,190,0
3,2,1991,2,RTTP,192,0
3,2,1991,2,RTTP,194,0
3,2,1991,2,RTTP,196,0
3,2,1991,2,RTTP,198,0
4,2,1992,3,RTTP,10,0
4,2,1992,3,RTTP,12,0
4,2,1992,3,RTTP,14,0
4,2,1992,3,RTTP,16,0
4,2,1992,3,RTTP,18,0
4,2,1992,3,RTTP,20,0.798820370327226
4,2,1992,3,RTTP,22,2.39646111098168
4,2,1992,3,RTTP,24,21.5681499988351
4,2,1992,3,RTTP,26,101.450187031558
4,2,1992,3,RTTP,28,314.735225908927
4,2,1992,3,RTTP,30,174.941661101663
4,2,1992,3,RTTP,32,75.0891148107593
4,2,1992,3,RTTP,34,47.1304018493063
4,2,1992,3,RTTP,36,13.5799462955628
4,2,1992,3,RTTP,38,4.79292222196336
4,2,1992,3,RTTP,40,1.59764074065445
4,2,1992,3,RTTP,42,0
4,2,1992,3,RTTP,44,1
4,2,1992,3,RTTP,46,1.59764074065445
4,2,1992,3,RTTP,48,0
4,2,1992,3,RTTP,50,0
4,2,1992,3,RTTP,52,0
4,2,1992,3,RTTP,54,0
4,2,1992,3,RTTP,56,0
4,2,1992,3,RTTP,58,0
4,2,1992,3,RTTP,60,0
4,2,1992,3,RTTP,62,0
4,2,1992,3,RTTP,64,0
4,2,1992,3,RTTP,66,0
4,2,1992,3,RTTP,68,0
4,2,1992,3,RTTP,70,0
4,2,1992,3,RTTP,72,0
4,2,1992,3,RTTP,74,0
4,2,1992,3,RTTP,76,0
4,2,1992,3,RTTP,78,0
4,2,1992,3,RTTP,80,0
4,2,1992,3,RTTP,82,0
4,2,1992,3,RTTP,84,0
4,2,1992,3,RTTP,86,0
4,2,1992,3,RTTP,88,0
4,2,1992,3,RTTP,90,0
4,2,1992,3,RTTP,92,0
4,2,1992,3,RTTP,94,0
4,2,1992,3,RTTP,96,0
4,2,1992,3,RTTP,98,0
4,2,1992,3,RTTP,100,0
4,2,1992,3,RTTP,102,0
4,2,1992,3,RTTP,104,0
4,2,1992,3,RTTP,106,0
4,2,1992,3,RTTP,108,0
4,2,1992,3,RTTP,110,0
4,2,1992,3,RTTP,112,0
4,2,1992,3,RTTP,114,0
4,2,1992,3,RTTP,116,0
4,2,1992,3,RTTP,118,0
4,2,1992,3,RTTP,120,0
4,2,1992,3,RTTP,122,0
4,2,1992,3,RTTP,124,0
4,2,1992,3,RTTP,126,0
4,2,1992,3,RTTP,128,0
4,2,1992,3,RTTP,130,0
4,2,1992,3,RTTP,132,0
4,2,1992,3,RTTP,134,0
4,2,1992,3,RTTP,136,0
4,2,1992,3,RTTP,138,0
4,2,1992,3,RTTP,140,0
4,2,1992,3,RTTP,142,0
4,2,1992,3,RTTP,144,0
4,2,1992,3,RTTP,146,0
4,2,1992,3,RTTP,148,0
4,2,1992,3,RTTP,150,0
4,2,1992,3,RTTP,152,0
4,2,1992,3,RTTP,154,0
4,2,1992,3,RTTP,156,0
4,2,1992,3,RTTP,158,0
4,2,1992,3,RTTP,160,0
4,2,1992,3,RTTP,162,0
4,2,1992,3,RTTP,164,0
4,2,1992,3,RTTP,166,0
4,2,1992,3,RTTP,168,0
4,2,1992,3,RTTP,170,0
4,2,1992,3,RTTP,172,0
4,2,1992,3,RTTP,174,0
4,2,1992,3,RTTP,176,0
4,2,1992,3,RTTP,178,0
4,2,1992,3,RTTP,180,0
4,2,1992,3,RTTP,182,0
4,2,1992,3,RTTP,184,0
4,2,1992,3,RTTP,186,0
4,2,1992,3,RTTP,188,0
4,2,1992,3,RTTP,190,0
4,2,1992,3,RTTP,192,0
4,2,1992,3,RTTP,194,0
4,2,1992,3,RTTP,196,0
4,2,1992,3,RTTP,198,0
5,2,1992,4,RTTP,10,0
5,2,1992,4,RTTP,12,0
5,2,1992,4,RTTP,14,0
5,2,1992,4,RTTP,16,0
5,2,1992,4,RTTP,18,0
5,2,1992,4,RTTP,20,1.5597339129855
5,2,1992,4,RTTP,22,1.5597339129855
5,2,1992,4,RTTP,24,1.5597339129855
5,2,1992,4,RTTP,26,8.57853652142026
5,2,1992,4,RTTP,28,26.5154765207535
5,2,1992,4,RTTP,30,11.6980043473913
5,2,1992,4,RTTP,32,17.9369399993333
5,2,1992,4,RTTP,34,22.6161417382898
5,2,1992,4,RTTP,36,57.7101547804636
5,2,1992,4,RTTP,38,56.9302878239708
5,2,1992,4,RTTP,40,24.955742607768
5,2,1992,4,RTTP,42,7.01880260843476
5,2,1992,4,RTTP,44,1.5597339129855
5,2,1992,4,RTTP,46,4.67920173895651
5,2,1992,4,RTTP,48,2.33960086947825
5,2,1992,4,RTTP,50,0
5,2,1992,4,RTTP,52,0.779866956492751
5,2,1992,4,RTTP,54,0.779866956492751
5,2,1992,4,RTTP,56,0
5,2,1992,4,RTTP,58,0
5,2,1992,4,RTTP,60,0
5,2,1992,4,RTTP,62,0
5,2,1992,4,RTTP,64,0
5,2,1992,4,RTTP,66,0
5,2,1992,4,RTTP,68,0
5,2,1992,4,RTTP,70,0
5,2,1992,4,RTTP,72,0
5,2,1992,4,RTTP,74,0
5,2,1992,4,RTTP,76,0
5,2,1992,4,RTTP,78,0
5,2,1992,4,RTTP,80,0
5,2,1992,4,RTTP,82,0
5,2,1992,4,RTTP,84,0
5,2,1992,4,RTTP,86,0
5,2,1992,4,RTTP,88,0
5,2,1992,4,RTTP,90,0
5,2,1992,4,RTTP,92,0
5,2,1992,4,RTTP,94,0
5,2,1992,4,RTTP,96,0
5,2,1992,4,RTTP,98,0
5,2,1992,4,RTTP,100,0
5,2,1992,4,RTTP,102,0
5,2,1992,4,RTTP,104,0
5,2,1992,4,RTTP,106,0
5,2,1992,4,RTTP,108,0
5,2,1992,4,RTTP,110,0
5,2,1992,4,RTTP,112,0
5,2,1992,4,RTTP,114,0
5,2,1992,4,RTTP,116,0
5,2,1992,4,RTTP,118,0
5,2,1992,4,RTTP,120,0
5,2,1992,4,RTTP,122,0
5,2,1992,4,RTTP,124,0
5,2,1992,4,RTTP,126,0
5,2,1992,4,RTTP,128,0
5,2,1992,4,RTTP,130,0
5,2,1992,4,RTTP,132,0
5,2,1992,4,RTTP,134,0
5,2,1992,4,RTTP,136,0
5,2,1992,4,RTTP,138,0
5,2,1992,4,RTTP,140,0
5,2,1992,4,RTTP,142,0
5,2,1992,4,RTTP,144,0
5,2,1992,4,RTTP,146,0
5,2,1992,4,RTTP,148,0
5,2,1992,4,RTTP,150,0
5,2,1992,4,RTTP,152,0
5,2,1992,4,RTTP,154,0
5,2,1992,4,RTTP,156,0
5,2,1992,4,RTTP,158,0
5,2,1992,4,RTTP,160,0
5,2,1992,4,RTTP,162,0
5,2,1992,4,RTTP,164,0
5,2,1992,4,RTTP,166,0
5,2,1992,4,RTTP,168,0
5,2,1992,4,RTTP,170,0
5,2,1992,4,RTTP,172,0
5,2,1992,4,RTTP,174,0
5,2,1992,4,RTTP,176,0
5,2,1992,4,RTTP,178,0
5,2,1992,4,RTTP,180,0
5,2,1992,4,RTTP,182,0
5,2,1992,4,RTTP,184,0
5,2,1992,4,RTTP,186,0
5,2,1992,4,RTTP,188,0
5,2,1992,4,RTTP,190,0
5,2,1992,4,RTTP,192,0
5,2,1992,4,RTTP,194,0
5,2,1992,4,RTTP,196,0
5,2,1992,4,RTTP,198,0
6,3,1989,4,RTTP,10,0
6,3,1989,4,RTTP,12,0
6,3,1989,4,RTTP,14,0
6,3,1989,4,RTTP,16,0
6,3,1989,4,RTTP,18,0
6,3,1989,4,RTTP,20,0
6,3,1989,4,RTTP,22,0
6,3,1989,4,RTTP,24,0
6,3,1989,4,RTTP,26,0.799003956061773
6,3,1989,4,RTTP,28,0
6,3,1989,4,RTTP,30,0
6,3,1989,4,RTTP,32,0.799003956061773
6,3,1989,4,RTTP,34,3.99501978030886
6,3,1989,4,RTTP,36,3.19601582424709
6,3,1989,4,RTTP,38,4.79402373637064
6,3,1989,4,RTTP,40,2.39701186818532
6,3,1989,4,RTTP,42,0
6,3,1989,4,RTTP,44,0
6,3,1989,4,RTTP,46,5.59302769243241
6,3,1989,4,RTTP,48,1.59800791212355
6,3,1989,4,RTTP,50,0
6,3,1989,4,RTTP,52,0
6,3,1989,4,RTTP,54,0
6,3,1989,4,RTTP,56,0
6,3,1989,4,RTTP,58,0
6,3,1989,4,RTTP,60,0
6,3,1989,4,RTTP,62,0
6,3,1989,4,RTTP,64,0
6,3,1989,4,RTTP,66,0
6,3,1989,4,RTTP,68,0
6,3,1989,4,RTTP,70,0
6,3,1989,4,RTTP,72,0
6,3,1989,4,RTTP,74,0
6,3,1989,4,RTTP,76,0
6,3,1989,4,RTTP,78,0
6,3,1989,4,RTTP,80,0
6,3,1989,4,RTTP,82,0
6,3,1989,4,RTTP,84,0
6,3,1989,4,RTTP,86,0
6,3,1989,4,RTTP,88,0
6,3,1989,4,RTTP,90,0
6,3,1989,4,RTTP,92,0
6,3,1989,4,RTTP,94,0
6,3,1989,4,RTTP,96,0
6,3,1989,4,RTTP,98,0
6,3,1989,4,RTTP,100,0
6,3,1989,4,RTTP,102,0
6,3,1989,4,RTTP,104,0
6,3,1989,4,RTTP,106,0
6,3,1989,4,RTTP,108,0
6,3,1989,4,RTTP,110,0
6,3,1989,4,RTTP,112,0
6,3,1989,4,RTTP,114,0
6,3,1989,4,RTTP,116,0
6,3,1989,4,RTTP,118,0
6,3,1989,4,RTTP,120,0
6,3,1989,4,RTTP,122,0
6,3,1989,4,RTTP,124,0
6,3,1989,4,RTTP,126,0
6,3,1989,4,RTTP,128,0
6,3,1989,4,RTTP,130,0
6,3,1989,4,RTTP,132,0
6,3,1989,4,RTTP,134,0
6,3,1989,4,RTTP,136,0
6,3,1989,4,RTTP,138,0
6,3,1989,4,RTTP,140,0
6,3,1989,4,RTTP,142,0
6,3,1989,4,RTTP,144,0
6,3,1989,4,RTTP,146,0
6,3,1989,4,RTTP,148,0
6,3,1989,4,RTTP,150,0
6,3,1989,4,RTTP,152,0
6,3,1989,4,RTTP,154,0
6,3,1989,4,RTTP,156,0
6,3,1989,4,RTTP,158,0
6,3,1989,4,RTTP,160,0
6,3,1989,4,RTTP,162,0
6,3,1989,4,RTTP,164,0
6,3,1989,4,RTTP,166,0
6,3,1989,4,RTTP,168,0
6,3,1989,4,RTTP,170,0
6,3,1989,4,RTTP,172,0
6,3,1989,4,RTTP,174,0
6,3,1989,4,RTTP,176,0
6,3,1989,4,RTTP,178,0
6,3,1989,4,RTTP,180,0
6,3,1989,4,RTTP,182,0
6,3,1989,4,RTTP,184,0
6,3,1989,4,RTTP,186,0
6,3,1989,4,RTTP,188,0
6,3,1989,4,RTTP,190,0
6,3,1989,4,RTTP,192,0
6,3,1989,4,RTTP,194,0
6,3,1989,4,RTTP,196,0
6,3,1989,4,RTTP,198,0
7,3,1990,1,RTTP,10,0
7,3,1990,1,RTTP,12,0
7,3,1990,1,RTTP,14,0
7,3,1990,1,RTTP,16,0
7,3,1990,1,RTTP,18,0
7,3,1990,1,RTTP,20,0
7,3,1990,1,RTTP,22,0
7,3,1990,1,RTTP,24,0
7,3,1990,1,RTTP,26,0
7,3,1990,1,RTTP,28,0
7,3,1990,1,RTTP,30,0
7,3,1990,1,RTTP,32,2.47090673955522
7,3,1990,1,RTTP,34,3.70636010933284
7,3,1990,1,RTTP,36,1.85318005466642
7,3,1990,1,RTTP,38,4.94181347911045
7,3,1990,1,RTTP,40,8.03044690355448
7,3,1990,1,RTTP,42,8.64817358844328
7,3,1990,1,RTTP,44,14.2077137524425
7,3,1990,1,RTTP,46,23.4736140257746
7,3,1990,1,RTTP,48,91.4235493635433
7,3,1990,1,RTTP,50,77.2158356111007
7,3,1990,1,RTTP,52,11.1190803279985
7,3,1990,1,RTTP,54,2.47090673955522
7,3,1990,1,RTTP,56,0.617726684888806
7,3,1990,1,RTTP,58,1.23545336977761
7,3,1990,1,RTTP,60,0
7,3,1990,1,RTTP,62,0
7,3,1990,1,RTTP,64,0
7,3,1990,1,RTTP,66,0
7,3,1990,1,RTTP,68,0.617726684888806
7,3,1990,1,RTTP,70,6.17726684888806
7,3,1990,1,RTTP,72,2.47090673955522
7,3,1990,1,RTTP,74,3.70636010933284
7,3,1990,1,RTTP,76,1.23545336977761
7,3,1990,1,RTTP,78,0
7,3,1990,1,RTTP,80,0
7,3,1990,1,RTTP,82,0
7,3,1990,1,RTTP,84,0
7,3,1990,1,RTTP,86,0
7,3,1990,1,RTTP,88,0
7,3,1990,1,RTTP,90,0
7,3,1990,1,RTTP,92,0
7,3,1990,1,RTTP,94,0
7,3,1990,1,RTTP,96,0
7,3,1990,1,RTTP,98,0
7,3,1990,1,RTTP,100,0
7,3,1990,1,RTTP,102,0
7,3,1990,1,RTTP,104,0
7,3,1990,1,RTTP,106,0
7,3,1990,1,RTTP,108,0
7,3,1990,1,RTTP,110,0
7,3,1990,1,RTTP,112,0
7,3,1990,1,RTTP,114,0
7,3,1990,1,RTTP,116,0
7,3,1990,1,RTTP,118,0
7,3,1990,1,RTTP,120,0
7,3,1990,1,RTTP,122,0
7,3,1990,1,RTTP,124,0
7,3,1990,1,RTTP,126,0
7,3,1990,1,RTTP,128,0
7,3,1990,1,RTTP,130,0
7,3,1990,1,RTTP,132,0
7,3,1990,1,RTTP,134,0
7,3,1990,1,RTTP,136,0
7,3,1990,1,RTTP,138,0
7,3,1990,1,RTTP,140,0
7,3,1990,1,RTTP,142,0
7,3,1990,1,RTTP,144,0
7,3,1990,1,RTTP,146,0
7,3,1990,1,RTTP,148,0
7,3,1990,1,RTTP,150,0
7,3,1990,1,RTTP,152,0
7,3,1990,1,RTTP,154,0
7,3,1990,1,RTTP,156,0
7,3,1990,1,RTTP,158,0
7,3,1990,1,RTTP,160,0
7,3,1990,1,RTTP,162,0
7,3,1990,1,RTTP,164,0
7,3,1990,1,RTTP,166,0
7,3,1990,1,RTTP,168,0
7,3,1990,1,RTTP,170,0
7,3,1990,1,RTTP,172,0
7,3,1990,1,RTTP,174,0
7,3,1990,1,RTTP,176,0
7,3,1990,1,RTTP,178,0
7,3,1990,1,RTTP,180,0
7,3,1990,1,RTTP,182,0
7,3,1990,1,RTTP,184,0
7,3,1990,1,RTTP,186,0
7,3,1990,1,RTTP,188,0
7,3,1990,1,RTTP,190,0
7,3,1990,1,RTTP,192,0
7,3,1990,1,RTTP,194,0
7,3,1990,1,RTTP,196,0
7,3,1990,1,RTTP,198,0
8,3,1990,2,RTTP,10,0
8,3,1990,2,RTTP,12,0
8,3,1990,2,RTTP,14,0
8,3,1990,2,RTTP,16,0
8,3,1990,2,RTTP,18,0
8,3,1990,2,RTTP,20,0
8,3,1990,2,RTTP,22,0
8,3,1990,2,RTTP,24,0
8,3,1990,2,RTTP,26,0
8,3,1990,2,RTTP,28,0
8,3,1990,2,RTTP,30,0
8,3,1990,2,RTTP,32,0
8,3,1990,2,RTTP,34,2.77116841680411
8,3,1990,2,RTTP,36,6.23512893780925
8,3,1990,2,RTTP,38,2.77116841680411
8,3,1990,2,RTTP,40,6.92792104201028
8,3,1990,2,RTTP,42,4.84954472940719
8,3,1990,2,RTTP,44,6.23512893780925
8,3,1990,2,RTTP,46,2.77116841680411
8,3,1990,2,RTTP,48,7.62071314621131
8,3,1990,2,RTTP,50,8.31350525041233
8,3,1990,2,RTTP,52,13.8558420840206
8,3,1990,2,RTTP,54,42.9531104604637
8,3,1990,2,RTTP,56,45.7242788772678
8,3,1990,2,RTTP,58,33.2540210016493
8,3,1990,2,RTTP,60,7.62071314621131
8,3,1990,2,RTTP,62,0.692792104201028
8,3,1990,2,RTTP,64,0
8,3,1990,2,RTTP,66,1.38558420840206
8,3,1990,2,RTTP,68,0
8,3,1990,2,RTTP,70,0
8,3,1990,2,RTTP,72,0.692792104201028
8,3,1990,2,RTTP,74,0
8,3,1990,2,RTTP,76,0
8,3,1990,2,RTTP,78,0
8,3,1990,2,RTTP,80,0
8,3,1990,2,RTTP,82,0
8,3,1990,2,RTTP,84,0
8,3,1990,2,RTTP,86,0
8,3,1990,2,RTTP,88,0
8,3,1990,2,RTTP,90,0
8,3,1990,2,RTTP,92,0
8,3,1990,2,RTTP,94,0
8,3,1990,2,RTTP,96,0
8,3,1990,2,RTTP,98,0
8,3,1990,2,RTTP,100,0
8,3,1990,2,RTTP,102,0
8,3,1990,2,RTTP,104,0
8,3,1990,2,RTTP,106,0
8,3,1990,2,RTTP,108,0
8,3,1990,2,RTTP,110,0
8,3,1990,2,RTTP,112,0
8,3,1990,2,RTTP,114,0
8,3,1990,2,RTTP,116,0
8,3,1990,2,RTTP,118,0
8,3,1990,2,RTTP,120,0
8,3,1990,2,RTTP,122,0
8,3,1990,2,RTTP,124,0
8,3,1990,2,RTTP,126,0
8,3,1990,2,RTTP,128,0
8,3,1990,2,RTTP,130,0
8,3,1990,2,RTTP,132,0
8,3,1990,2,RTTP,134,0
8,3,1990,2,RTTP,136,0
8,3,1990,2,RTTP,138,0
8,3,1990,2,RTTP,140,0
8,3,1990,2,RTTP,142,0
8,3,1990,2,RTTP,144,0
8,3,1990,2,RTTP,146,0
8,3,1990,2,RTTP,148,0
8,3,1990,2,RTTP,150,0
8,3,1990,2,RTTP,152,0
8,3,1990,2,RTTP,154,0
8,3,1990,2,RTTP,156,0
8,3,1990,2,RTTP,158,0
8,3,1990,2,RTTP,160,0
8,3,1990,2,RTTP,162,0
8,3,1990,2,RTTP,164,0
8,3,1990,2,RTTP,166,0
8,3,1990,2,RTTP,168,0
8,3,1990,2,RTTP,170,0
8,3,1990,2,RTTP,172,0
8,3,1990,2,RTTP,174,0
8,3,1990,2,RTTP,176,0
8,3,1990,2,RTTP,178,0
8,3,1990,2,RTTP,180,0
8,3,1990,2,RTTP,182,0
8,3,1990,2,RTTP,184,0
8,3,1990,2,RTTP,186,0
8,3,1990,2,RTTP,188,0
8,3,1990,2,RTTP,190,0
8,3,1990,2,RTTP,192,0
8,3,1990,2,RTTP,194,0
8,3,1990,2,RTTP,196,0
8,3,1990,2,RTTP,198,0
9,3,1990,3,RTTP,10,0
9,3,1990,3,RTTP,12,0
9,3,1990,3,RTTP,14,0
9,3,1990,3,RTTP,16,0
9,3,1990,3,RTTP,18,0
9,3,1990,3,RTTP,20,0
9,3,1990,3,RTTP,22,0
9,3,1990,3,RTTP,24,0
9,3,1990,3,RTTP,26,0
9,3,1990,3,RTTP,28,2.21967100485713
9,3,1990,3,RTTP,30,5.17923234466665
9,3,1990,3,RTTP,32,2.21967100485713
9,3,1990,3,RTTP,34,2.21967100485713
9,3,1990,3,RTTP,36,9.61857435438091
9,3,1990,3,RTTP,38,8.13879368447616
9,3,1990,3,RTTP,40,9.61857435438091
9,3,1990,3,RTTP,42,4.43934200971427
9,3,1990,3,RTTP,44,1.47978066990476
9,3,1990,3,RTTP,46,0.739890334952378
9,3,1990,3,RTTP,48,0.739890334952378
9,3,1990,3,RTTP,50,0
9,3,1990,3,RTTP,52,0
9,3,1990,3,RTTP,54,0
9,3,1990,3,RTTP,56,0
9,3,1990,3,RTTP,58,0
9,3,1990,3,RTTP,60,0.739890334952378
9,3,1990,3,RTTP,62,0
9,3,1990,3,RTTP,64,0
9,3,1990,3,RTTP,66,0
9,3,1990,3,RTTP,68,0
9,3,1990,3,RTTP,70,0
9,3,1990,3,RTTP,72,0
9,3,1990,3,RTTP,74,0
9,3,1990,3,RTTP,76,0
9,3,1990,3,RTTP,78,0
9,3,1990,3,RTTP,80,0
9,3,1990,3,RTTP,82,0
9,3,1990,3,RTTP,84,0
9,3,1990,3,RTTP,86,0
9,3,1990,3,RTTP,88,0
9,3,1990,3,RTTP,90,0
9,3,1990,3,RTTP,92,0
9,3,1990,3,RTTP,94,0
9,3,1990,3,RTTP,96,0
9,3,1990,3,RTTP,98,0
9,3,1990,3,RTTP,100,0
9,3,1990,3,RTTP,102,0
9,3,1990,3,RTTP,104,0
9,3,1990,3,RTTP,106,0
9,3,1990,3,RTTP,108,0
9,3,1990,3,RTTP,110,0
9,3,1990,3,RTTP,112,0
9,3,1990,3,RTTP,114,0
9,3,1990,3,RTTP,116,0
9,3,1990,3,RTTP,118,0
9,3,1990,3,RTTP,120,0
9,3,1990,3,RTTP,122,0
9,3,1990,3,RTTP,124,0
9,3,1990,3,RTTP,126,0
9,3,1990,3,RTTP,128,0
9,3,1990,3,RTTP,130,0
9,3,1990,3,RTTP,132,0
9,3,1990,3,RTTP,134,0
9,3,1990,3,RTTP,136,0
9,3,1990,3,RTTP,138,0
9,3,1990,3,RTTP,140,0
9,3,1990,3,RTTP,142,0
9,3,1990,3,RTTP,144,0
9,3,1990,3,RTTP,146,0
9,3,1990,3,RTTP,148,0
9,3,1990,3,RTTP,150,0
9,3,1990,3,RTTP,152,0
9,3,1990,3,RTTP,154,0
9,3,1990,3,RTTP,156,0
9,3,1990,3,RTTP,158,0
9,3,1990,3,RTTP,160,0
9,3,1990,3,RTTP,162,0
9,3,1990,3,RTTP,164,0
9,3,1990,3,RTTP,166,0
9,3,1990,3,RTTP,168,0
9,3,1990,3,RTTP,170,0
9,3,1990,3,RTTP,172,0
9,3,1990,3,RTTP,174,0
9,3,1990,3,RTTP,176,0
9,3,1990,3,RTTP,178,0
9,3,1990,3,RTTP,180,0
9,3,1990,3,RTTP,182,0
9,3,1990,3,RTTP,184,0
9,3,1990,3,RTTP,186,0
9,3,1990,3,RTTP,188,0
9,3,1990,3,RTTP,190,0
9,3,1990,3,RTTP,192,0
9,3,1990,3,RTTP,194,0
9,3,1990,3,RTTP,196,0
9,3,1990,3,RTTP,198,0
10,3,1991,1,RTTP,10,0
10,3,1991,1,RTTP,12,0
10,3,1991,1,RTTP,14,0
10,3,1991,1,RTTP,16,0
10,3,1991,1,RTTP,18,0
10,3,1991,1,RTTP,20,0
10,3,1991,1,RTTP,22,0
10,3,1991,1,RTTP,24,0
10,3,1991,1,RTTP,26,0
10,3,1991,1,RTTP,28,0
10,3,1991,1,RTTP,30,0.633173413458832
10,3,1991,1,RTTP,32,1.8995202403765
10,3,1991,1,RTTP,34,0
10,3,1991,1,RTTP,36,1.26634682691766
10,3,1991,1,RTTP,38,5.06538730767065
10,3,1991,1,RTTP,40,6.33173413458832
10,3,1991,1,RTTP,42,2.53269365383533
10,3,1991,1,RTTP,44,0
10,3,1991,1,RTTP,46,0
10,3,1991,1,RTTP,48,11.397121442259
10,3,1991,1,RTTP,50,3.79904048075299
10,3,1991,1,RTTP,52,0
10,3,1991,1,RTTP,54,0
10,3,1991,1,RTTP,56,1.26634682691766
10,3,1991,1,RTTP,58,0
10,3,1991,1,RTTP,60,0
10,3,1991,1,RTTP,62,0
10,3,1991,1,RTTP,64,0
10,3,1991,1,RTTP,66,0
10,3,1991,1,RTTP,68,0
10,3,1991,1,RTTP,70,0
10,3,1991,1,RTTP,72,0
10,3,1991,1,RTTP,74,0
10,3,1991,1,RTTP,76,0
10,3,1991,1,RTTP,78,0
10,3,1991,1,RTTP,80,0
10,3,1991,1,RTTP,82,0
10,3,1991,1,RTTP,84,0
10,3,1991,1,RTTP,86,0
10,3,1991,1,RTTP,88,0
10,3,1991,1,RTTP,90,0
10,3,1991,1,RTTP,92,0
10,3,1991,1,RTTP,94,0
10,3,1991,1,RTTP,96,0
10,3,1991,1,RTTP,98,0
10,3,1991,1,RTTP,100,0
10,3,1991,1,RTTP,102,0
10,3,1991,1,RTTP,104,0
10,3,1991,1,RTTP,106,0
10,3,1991,1,RTTP,108,0
10,3,1991,1,RTTP,110,0
10,3,1991,1,RTTP,112,0
10,3,1991,1,RTTP,114,0
10,3,1991,1,RTTP,116,0
10,3,1991,1,RTTP,118,0
10,3,1991,1,RTTP,120,0
10,3,1991,1,RTTP,122,0
10,3,1991,1,RTTP,124,0
10,3,1991,1,RTTP,126,0
10,3,1991,1,RTTP,128,0
10,3,1991,1,RTTP,130,0
10,3,1991,1,RTTP,132,0
10,3,1991,1,RTTP,134,0
10,3,1991,1,RTTP,136,0
10,3,1991,1,RTTP,138,0
10,3,1991,1,RTTP,140,0
10,3,1991,1,RTTP,142,0
10,3,1991,1,RTTP,144,0
10,3,1991,1,RTTP,146,0
10,3,1991,1,RTTP,148,0
10,3,1991,1,RTTP,150,0
10,3,1991,1,RTTP,152,0
10,3,1991,1,RTTP,154,0
10,3,1991,1,RTTP,156,0
10,3,1991,1,RTTP,158,0
10,3,1991,1,RTTP,160,0
10,3,1991,1,RTTP,162,0
10,3,1991,1,RTTP,164,0
10,3,1991,1,RTTP,166,0
10,3,1991,1,RTTP,168,0
10,3,1991,1,RTTP,170,0
10,3,1991,1,RTTP,172,0
10,3,1991,1,RTTP,174,0
10,3,1991,1,RTTP,176,0
10,3,1991,1,RTTP,178,0
10,3,1991,1,RTTP,180,0
10,3,1991,1,RTTP,182,0
10,3,1991,1,RTTP,184,0
10,3,1991,1,RTTP,186,0
10,3,1991,1,RTTP,188,0
10,3,1991,1,RTTP,190,0
10,3,1991,1,RTTP,192,0
10,3,1991,1,RTTP,194,0
10,3,1991,1,RTTP,196,0
10,3,1991,1,RTTP,198,0
11,3,1991,3,RTTP,10,0
11,3,1991,3,RTTP,12,0
11,3,1991,3,RTTP,14,0
11,3,1991,3,RTTP,16,0
11,3,1991,3,RTTP,18,0
11,3,1991,3,RTTP,20,0
11,3,1991,3,RTTP,22,0
11,3,1991,3,RTTP,24,0.833570291939103
11,3,1991,3,RTTP,26,0.833570291939103
11,3,1991,3,RTTP,28,0.833570291939103
11,3,1991,3,RTTP,30,20.0056870065385
11,3,1991,3,RTTP,32,25.0071087581731
11,3,1991,3,RTTP,34,8.33570291939103
11,3,1991,3,RTTP,36,10.0028435032692
11,3,1991,3,RTTP,38,11.6699840871474
11,3,1991,3,RTTP,40,5.00142175163462
11,3,1991,3,RTTP,42,5.83499204357372
11,3,1991,3,RTTP,44,4.16785145969552
11,3,1991,3,RTTP,46,2.50071087581731
11,3,1991,3,RTTP,48,4.16785145969552
11,3,1991,3,RTTP,50,5.00142175163462
11,3,1991,3,RTTP,52,8.33570291939103
11,3,1991,3,RTTP,54,15.837835546843
11,3,1991,3,RTTP,56,32.509241385625
11,3,1991,3,RTTP,58,17.5049761307212
11,3,1991,3,RTTP,60,24.173538466234
11,3,1991,3,RTTP,62,10.0028435032692
11,3,1991,3,RTTP,64,8.33570291939103
11,3,1991,3,RTTP,66,2.50071087581731
11,3,1991,3,RTTP,68,3.33428116775641
11,3,1991,3,RTTP,70,3.33428116775641
11,3,1991,3,RTTP,72,0
11,3,1991,3,RTTP,74,0.833570291939103
11,3,1991,3,RTTP,76,0
11,3,1991,3,RTTP,78,0
11,3,1991,3,RTTP,80,0
11,3,1991,3,RTTP,82,0
11,3,1991,3,RTTP,84,0
11,3,1991,3,RTTP,86,0
11,3,1991,3,RTTP,88,0
11,3,1991,3,RTTP,90,0
11,3,1991,3,RTTP,92,0
11,3,1991,3,RTTP,94,0
11,3,1991,3,RTTP,96,0
11,3,1991,3,RTTP,98,0
11,3,1991,3,RTTP,100,0
11,3,1991,3,RTTP,102,0
11,3,1991,3,RTTP,104,0
11,3,1991,3,RTTP,106,0
11,3,1991,3,RTTP,108,0
11,3,1991,3,RTTP,110,0
11,3,1991,3,RTTP,112,0
11,3,1991,3,RTTP,114,0
11,3,1991,3,RTTP,116,0
11,3,1991,3,RTTP,118,0
11,3,1991,3,RTTP,120,0
11,3,1991,3,RTTP,122,0
11,3,1991,3,RTTP,124,0
11,3,1991,3,RTTP,126,0
11,3,1991,3,RTTP,128,0
11,3,1991,3,RTTP,130,0
11,3,1991,3,RTTP,132,0
11,3,1991,3,RTTP,134,0
11,3,1991,3,RTTP,136,0
11,3,1991,3,RTTP,138,0
11,3,1991,3,RTTP,140,0
11,3,1991,3,RTTP,142,0
11,3,1991,3,RTTP,144,0
11,3,1991,3,RTTP,146,0
11,3,1991,3,RTTP,148,0
11,3,1991,3,RTTP,150,0
11,3,1991,3,RTTP,152,0
11,3,1991,3,RTTP,154,0
11,3,1991,3,RTTP,156,0
11,3,1991,3,RTTP,158,0
11,3,1991,3,RTTP,160,0
11,3,1991,3,RTTP,162,0
11,3,1991,3,RTTP,164,0
11,3,1991,3,RTTP,166,0
11,3,1991,3,RTTP,168,0
11,3,1991,3,RTTP,170,0
11,3,1991,3,RTTP,172,0
11,3,1991,3,RTTP,174,0
11,3,1991,3,RTTP,176,0
11,3,1991,3,RTTP,178,0
11,3,1991,3,RTTP,180,0
11,3,1991,3,RTTP,182,0
11,3,1991,3,RTTP,184,0
11,3,1991,3,RTTP,186,0
11,3,1991,3,RTTP,188,0
11,3,1991,3,RTTP,190,0
11,3,1991,3,RTTP,192,0
11,3,1991,3,RTTP,194,0
11,3,1991,3,RTTP,196,0
11,3,1991,3,RTTP,198,0
12,3,1992,1,RTTP,10,0
12,3,1992,1,RTTP,12,0
12,3,1992,1,RTTP,14,0
12,3,1992,1,RTTP,16,0
12,3,1992,1,RTTP,18,0
12,3,1992,1,RTTP,20,0
12,3,1992,1,RTTP,22,0
12,3,1992,1,RTTP,24,0
12,3,1992,1,RTTP,26,0
12,3,1992,1,RTTP,28,0
12,3,1992,1,RTTP,30,0
12,3,1992,1,RTTP,32,0.712462790905701
12,3,1992,1,RTTP,34,0
12,3,1992,1,RTTP,36,0.712462790905701
12,3,1992,1,RTTP,38,0
12,3,1992,1,RTTP,40,1.4249255818114
12,3,1992,1,RTTP,42,0
12,3,1992,1,RTTP,44,4.27477674543421
12,3,1992,1,RTTP,46,7.12462790905701
12,3,1992,1,RTTP,48,22.0863465180767
12,3,1992,1,RTTP,50,52.0097837361162
12,3,1992,1,RTTP,52,39.1854534998136
12,3,1992,1,RTTP,54,23.5112720998881
12,3,1992,1,RTTP,56,14.249255818114
12,3,1992,1,RTTP,58,1.4249255818114
12,3,1992,1,RTTP,60,2.1373883727171
12,3,1992,1,RTTP,62,1.4249255818114
12,3,1992,1,RTTP,64,0.712462790905701
12,3,1992,1,RTTP,66,0
12,3,1992,1,RTTP,68,0.712462790905701
12,3,1992,1,RTTP,70,0.712462790905701
12,3,1992,1,RTTP,72,0.712462790905701
12,3,1992,1,RTTP,74,0
12,3,1992,1,RTTP,76,0
12,3,1992,1,RTTP,78,0
12,3,1992,1,RTTP,80,0.712462790905701
12,3,1992,1,RTTP,82,0
12,3,1992,1,RTTP,84,0
12,3,1992,1,RTTP,86,0
12,3,1992,1,RTTP,88,0
12,3,1992,1,RTTP,90,0
12,3,1992,1,RTTP,92,0
12,3,1992,1,RTTP,94,0
12,3,1992,1,RTTP,96,0
12,3,1992,1,RTTP,98,0
12,3,1992,1,RTTP,100,0
12,3,1992,1,RTTP,102,0
12,3,1992,1,RTTP,104,0
12,3,1992,1,RTTP,106,0
12,3,1992,1,RTTP,108,0
12,3,1992,1,RTTP,110,0
12,3,1992,1,RTTP,112,0
12,3,1992,1,RTTP,114,0
12,3,1992,1,RTTP,116,0
12,3,1992,1,RTTP,118,0
12,3,1992,1,RTTP,120,0
12,3,1992,1,RTTP,122,0
12,3,1992,1,RTTP,124,0
12,3,1992,1,RTTP,126,0
12,3,1992,1,RTTP,128,0
12,3,1992,1,RTTP,130,0
12,3,1992,1,RTTP,132,0
12,3,1992,1,RTTP,134,0
12,3,1992,1,RTTP,136,0
12,3,1992,1,RTTP,138,0
12,3,1992,1,RTTP,140,0
12,3,1992,1,RTTP,142,0
12,3,1992,1,RTTP,144,0
12,3,1992,1,RTTP,146,0
12,3,1992,1,RTTP,148,0
12,3,1992,1,RTTP,150,0
12,3,1992,1,RTTP,152,0
12,3,1992,1,RTTP,154,0
12,3,1992,1,RTTP,156,0
12,3,1992,1,RTTP,158,0
12,3,1992,1,RTTP,160,0
12,3,1992,1,RTTP,162,0
12,3,1992,1,RTTP,164,0
12,3,1992,1,RTTP,166,0
12,3,1992,1,RTTP,168,0
12,3,1992,1,RTTP,170,0
12,3,1992,1,RTTP,172,0
12,3,1992,1,RTTP,174,0
12,3,1992,1,RTTP,176,0
12,3,1992,1,RTTP,178,0
12,3,1992,1,RTTP,180,0
12,3,1992,1,RTTP,182,0
12,3,1992,1,RTTP,184,0
12,3,1992,1,RTTP,186,0
12,3,1992,1,RTTP,188,0
12,3,1992,1,RTTP,190,0
12,3,1992,1,RTTP,192,0
12,3,1992,1,RTTP,194,0
12,3,1992,1,RTTP,196,0
12,3,1992,1,RTTP,198,0
13,3,1992,2,RTTP,10,0
13,3,1992,2,RTTP,12,0
13,3,1992,2,RTTP,14,0
13,3,1992,2,RTTP,16,0
13,3,1992,2,RTTP,18,0
13,3,1992,2,RTTP,20,0
13,3,1992,2,RTTP,22,0
13,3,1992,2,RTTP,24,0
13,3,1992,2,RTTP,26,0
13,3,1992,2,RTTP,28,0
13,3,1992,2,RTTP,30,0
13,3,1992,2,RTTP,32,0
13,3,1992,2,RTTP,34,0
13,3,1992,2,RTTP,36,0
13,3,1992,2,RTTP,38,0
13,3,1992,2,RTTP,40,2.13024560551824
13,3,1992,2,RTTP,42,4.26049121103648
13,3,1992,2,RTTP,44,20.5923741866763
13,3,1992,2,RTTP,46,25.5629472662189
13,3,1992,2,RTTP,48,46.1553214528952
13,3,1992,2,RTTP,50,145.566783043746
13,3,1992,2,RTTP,52,202.373332524233
13,3,1992,2,RTTP,54,138.465964358685
13,3,1992,2,RTTP,56,84.4997423522234
13,3,1992,2,RTTP,58,53.966222006462
13,3,1992,2,RTTP,60,33.3738478197857
13,3,1992,2,RTTP,62,14.9117192386277
13,3,1992,2,RTTP,64,14.9117192386277
13,3,1992,2,RTTP,66,5.68065494804863
13,3,1992,2,RTTP,68,4.26049121103648
13,3,1992,2,RTTP,70,1.42016373701216
13,3,1992,2,RTTP,72,3.5504093425304
13,3,1992,2,RTTP,74,2.13024560551824
13,3,1992,2,RTTP,76,7.81090055356687
13,3,1992,2,RTTP,78,2.84032747402432
13,3,1992,2,RTTP,80,0
13,3,1992,2,RTTP,82,0
13,3,1992,2,RTTP,84,0
13,3,1992,2,RTTP,86,2
13,3,1992,2,RTTP,88,0
13,3,1992,2,RTTP,90,0.710081868506079
13,3,1992,2,RTTP,92,2.13024560551824
13,3,1992,2,RTTP,94,2.13024560551824
13,3,1992,2,RTTP,96,1.42016373701216
13,3,1992,2,RTTP,98,0
13,3,1992,2,RTTP,100,2.84032747402432
13,3,1992,2,RTTP,102,3.5504093425304
13,3,1992,2,RTTP,104,1.42016373701216
13,3,1992,2,RTTP,106,0
13,3,1992,2,RTTP,108,0
13,3,1992,2,RTTP,110,0
13,3,1992,2,RTTP,112,0.710081868506079
13,3,1992,2,RTTP,114,0
13,3,1992,2,RTTP,116,0
13,3,1992,2,RTTP,118,0
13,3,1992,2,RTTP,120,0
13,3,1992,2,RTTP,122,0
13,3,1992,2,RTTP,124,0
13,3,1992,2,RTTP,126,0
13,3,1992,2,RTTP,128,0
13,3,1992,2,RTTP,130,0
13,3,1992,2,RTTP,132,0
13,3,1992,2,RTTP,134,0
13,3,1992,2,RTTP,136,0
13,3,1992,2,RTTP,138,0
13,3,1992,2,RTTP,140,0
13,3,1992,2,RTTP,142,0
13,3,1992,2,RTTP,144,0
13,3,1992,2,RTTP,146,0
13,3,1992,2,RTTP,148,0
13,3,1992,2,RTTP,150,0
13,3,1992,2,RTTP,152,0
13,3,1992,2,RTTP,154,0
13,3,1992,2,RTTP,156,0
13,3,1992,2,RTTP,158,0
13,3,1992,2,RTTP,160,0
13,3,1992,2,RTTP,162,0
13,3,1992,2,RTTP,164,0
13,3,1992,2,RTTP,166,0
13,3,1992,2,RTTP,168,0
13,3,1992,2,RTTP,170,0
13,3,1992,2,RTTP,172,0
13,3,1992,2,RTTP,174,0
13,3,1992,2,RTTP,176,0
13,3,1992,2,RTTP,178,0
13,3,1992,2,RTTP,180,0
13,3,1992,2,RTTP,182,0
13,3,1992,2,RTTP,184,0
13,3,1992,2,RTTP,186,0
13,3,1992,2,RTTP,188,0
13,3,1992,2,RTTP,190,0
13,3,1992,2,RTTP,192,0
13,3,1992,2,RTTP,194,0
13,3,1992,2,RTTP,196,0
13,3,1992,2,RTTP,198,0
14,3,1992,3,RTTP,10,0
14,3,1992,3,RTTP,12,0
14,3,1992,3,RTTP,14,0
14,3,1992,3,RTTP,16,0
14,3,1992,3,RTTP,18,0
14,3,1992,3,RTTP,20,0
14,3,1992,3,RTTP,22,0
14,3,1992,3,RTTP,24,0
14,3,1992,3,RTTP,26,0.497433127750574
14,3,1992,3,RTTP,28,2.48716563875287
14,3,1992,3,RTTP,30,8.95379629951034
14,3,1992,3,RTTP,32,0.994866255501149
14,3,1992,3,RTTP,34,2.98459876650345
14,3,1992,3,RTTP,36,1.9897325110023
14,3,1992,3,RTTP,38,0.994866255501149
14,3,1992,3,RTTP,40,0
14,3,1992,3,RTTP,42,0
14,3,1992,3,RTTP,44,0.497433127750574
14,3,1992,3,RTTP,46,0
14,3,1992,3,RTTP,48,0
14,3,1992,3,RTTP,50,0.994866255501149
14,3,1992,3,RTTP,52,0
14,3,1992,3,RTTP,54,1.49229938325172
14,3,1992,3,RTTP,56,5.96919753300689
14,3,1992,3,RTTP,58,4.47689814975517
14,3,1992,3,RTTP,60,1
14,3,1992,3,RTTP,62,0.497433127750574
14,3,1992,3,RTTP,64,0
14,3,1992,3,RTTP,66,0.497433127750574
14,3,1992,3,RTTP,68,0
14,3,1992,3,RTTP,70,0
14,3,1992,3,RTTP,72,0
14,3,1992,3,RTTP,74,0
14,3,1992,3,RTTP,76,0
14,3,1992,3,RTTP,78,0
14,3,1992,3,RTTP,80,0
14,3,1992,3,RTTP,82,0
14,3,1992,3,RTTP,84,0
14,3,1992,3,RTTP,86,0
14,3,1992,3,RTTP,88,0
14,3,1992,3,RTTP,90,0
14,3,1992,3,RTTP,92,0
14,3,1992,3,RTTP,94,0
14,3,1992,3,RTTP,96,0
14,3,1992,3,RTTP,98,0
14,3,1992,3,RTTP,100,0
14,3,1992,3,RTTP,102,0
14,3,1992,3,RTTP,104,0
14,3,1992,3,RTTP,106,0
14,3,1992,3,RTTP,108,0
14,3,1992,3,RTTP,110,0
14,3,1992,3,RTTP,112,0
14,3,1992,3,RTTP,114,0
14,3,1992,3,RTTP,116,0
14,3,1992,3,RTTP,118,0
14,3,1992,3,RTTP,120,0
14,3,1992,3,RTTP,122,0
14,3,1992,3,RTTP,124,0
14,3,1992,3,RTTP,126,0
14,3,1992,3,RTTP,128,0
14,3,1992,3,RTTP,130,0
14,3,1992,3,RTTP,132,0
14,3,1992,3,RTTP,134,0
14,3,1992,3,RTTP,136,0
14,3,1992,3,RTTP,138,0
14,3,1992,3,RTTP,140,0
14,3,1992,3,RTTP,142,0
14,3,1992,3,RTTP,144,0
14,3,1992,3,RTTP,146,0
14,3,1992,3,RTTP,148,0
14,3,1992,3,RTTP,150,0
14,3,1992,3,RTTP,152,0
14,3,1992,3,RTTP,154,0
14,3,1992,3,RTTP,156,0
14,3,1992,3,RTTP,158,0
14,3,1992,3,RTTP,160,0
14,3,1992,3,RTTP,162,0
14,3,1992,3,RTTP,164,0
14,3,1992,3,RTTP,166,0
14,3,1992,3,RTTP,168,0
14,3,1992,3,RTTP,170,0
14,3,1992,3,RTTP,172,0
14,3,1992,3,RTTP,174,0
14,3,1992,3,RTTP,176,0
14,3,1992,3,RTTP,178,0
14,3,1992,3,RTTP,180,0
14,3,1992,3,RTTP,182,0
14,3,1992,3,RTTP,184,0
14,3,1992,3,RTTP,186,0
14,3,1992,3,RTTP,188,0
14,3,1992,3,RTTP,190,0
14,3,1992,3,RTTP,192,0
14,3,1992,3,RTTP,194,0
14,3,1992,3,RTTP,196,0
14,3,1992,3,RTTP,198,0
15,5,1991,1,RTTP,10,0
15,5,1991,1,RTTP,12,0
15,5,1991,1,RTTP,14,0
15,5,1991,1,RTTP,16,0
15,5,1991,1,RTTP,18,0
15,5,1991,1,RTTP,20,0
15,5,1991,1,RTTP,22,0
15,5,1991,1,RTTP,24,0
15,5,1991,1,RTTP,26,0
15,5,1991,1,RTTP,28,0
15,5,1991,1,RTTP,30,0
15,5,1991,1,RTTP,32,0
15,5,1991,1,RTTP,34,0
15,5,1991,1,RTTP,36,0
15,5,1991,1,RTTP,38,0
15,5,1991,1,RTTP,40,0
15,5,1991,1,RTTP,42,0.619942190418787
15,5,1991,1,RTTP,44,0.619942190418787
15,5,1991,1,RTTP,46,0
15,5,1991,1,RTTP,48,1.23988438083757
15,5,1991,1,RTTP,50,2.47976876167515
15,5,1991,1,RTTP,52,1.23988438083757
15,5,1991,1,RTTP,54,8.05924847544423
15,5,1991,1,RTTP,56,8.05924847544423
15,5,1991,1,RTTP,58,15.4985547604697
15,5,1991,1,RTTP,60,12.3988438083757
15,5,1991,1,RTTP,62,11.1589594275382
15,5,1991,1,RTTP,64,3.71965314251272
15,5,1991,1,RTTP,66,5.57947971376908
15,5,1991,1,RTTP,68,16.1184969508885
15,5,1991,1,RTTP,70,23.5578032359139
15,5,1991,1,RTTP,72,13.6387281892133
15,5,1991,1,RTTP,74,4.33959533293151
15,5,1991,1,RTTP,76,0.619942190418787
15,5,1991,1,RTTP,78,1.23988438083757
15,5,1991,1,RTTP,80,0
15,5,1991,1,RTTP,82,0
15,5,1991,1,RTTP,84,0
15,5,1991,1,RTTP,86,0
15,5,1991,1,RTTP,88,0
15,5,1991,1,RTTP,90,0
15,5,1991,1,RTTP,92,0
15,5,1991,1,RTTP,94,0
15,5,1991,1,RTTP,96,0
15,5,1991,1,RTTP,98,0
15,5,1991,1,RTTP,100,0
15,5,1991,1,RTTP,102,0
15,5,1991,1,RTTP,104,0
15,5,1991,1,RTTP,106,0
15,5,1991,1,RTTP,108,0
15,5,1991,1,RTTP,110,0
15,5,1991,1,RTTP,112,0
15,5,1991,1,RTTP,114,0
15,5,1991,1,RTTP,116,0
15,5,1991,1,RTTP,118,0
15,5,1991,1,RTTP,120,0
15,5,1991,1,RTTP,122,0
15,5,1991,1,RTTP,124,0
15,5,1991,1,RTTP,126,0
15,5,1991,1,RTTP,128,0
15,5,1991,1,RTTP,130,0
15,5,1991,1,RTTP,132,0
15,5,1991,1,RTTP,134,0
15,5,1991,1,RTTP,136,0
15,5,1991,1,RTTP,138,0
15,5,1991,1,RTTP,140,0
15,5,1991,1,RTTP,142,0
15,5,1991,1,RTTP,144,0
15,5,1991,1,RTTP,146,0
15,5,1991,1,RTTP,148,0
15,5,1991,1,RTTP,150,0
15,5,1991,1,RTTP,152,0
15,5,1991,1,RTTP,154,0
15,5,1991,1,RTTP,156,0
15,5,1991,1,RTTP,158,0
15,5,1991,1,RTTP,160,0
15,5,1991,1,RTTP,162,0
15,5,1991,1,RTTP,164,0
15,5,1991,1,RTTP,166,0
15,5,1991,1,RTTP,168,0
15,5,1991,1,RTTP,170,0
15,5,1991,1,RTTP,172,0
15,5,1991,1,RTTP,174,0
15,5,1991,1,RTTP,176,0
15,5,1991,1,RTTP,178,0
15,5,1991,1,RTTP,180,0
15,5,1991,1,RTTP,182,0
15,5,1991,1,RTTP,184,0
15,5,1991,1,RTTP,186,0
15,5,1991,1,RTTP,188,0
15,5,1991,1,RTTP,190,0
15,5,1991,1,RTTP,192,0
15,5,1991,1,RTTP,194,0
15,5,1991,1,RTTP,196,0
15,5,1991,1,RTTP,198,0
16,1,2020,3,PTTP,10,0
16,1,2020,3,PTTP,12,0
16,1,2020,3,PTTP,14,0
16,1,2020,3,PTTP,16,0
16,1,2020,3,PTTP,18,0
16,1,2020,3,PTTP,20,0
16,1,2020,3,PTTP,22,0
16,1,2020,3,PTTP,24,0
16,1,2020,3,PTTP,26,0
16,1,2020,3,PTTP,28,0
16,1,2020,3,PTTP,30,2.03605002715042
16,1,2020,3,PTTP,32,5.09012506787604
16,1,2020,3,PTTP,34,27.4866753665306
16,1,2020,3,PTTP,36,41.2300130497959
16,1,2020,3,PTTP,38,62.0995258280877
16,1,2020,3,PTTP,40,56.500388253424
16,1,2020,3,PTTP,42,33.0858129411943
16,1,2020,3,PTTP,44,16.2884002172033
16,1,2020,3,PTTP,46,14.2523501900529
16,1,2020,3,PTTP,48,8.14420010860166
16,1,2020,3,PTTP,50,1.01802501357521
16,1,2020,3,PTTP,52,0.509012506787604
16,1,2020,3,PTTP,54,0
16,1,2020,3,PTTP,56,0.509012506787604
16,1,2020,3,PTTP,58,1.01802501357521
16,1,2020,3,PTTP,60,0
16,1,2020,3,PTTP,62,0
16,1,2020,3,PTTP,64,0
16,1,2020,3,PTTP,66,0
16,1,2020,3,PTTP,68,0
16,1,2020,3,PTTP,70,0
16,1,2020,3,PTTP,72,0
16,1,2020,3,PTTP,74,0
16,1,2020,3,PTTP,76,0
16,1,2020,3,PTTP,78,0
16,1,2020,3,PTTP,80,0
16,1,2020,3,PTTP,82,0
16,1,2020,3,PTTP,84,0
16,1,2020,3,PTTP,86,0
16,1,2020,3,PTTP,88,0
16,1,2020,3,PTTP,90,0
16,1,2020,3,PTTP,92,0
16,1,2020,3,PTTP,94,0
16,1,2020,3,PTTP,96,0
16,1,2020,3,PTTP,98,0
16,1,2020,3,PTTP,100,0
16,1,2020,3,PTTP,102,0
16,1,2020,3,PTTP,104,0
16,1,2020,3,PTTP,106,0
16,1,2020,3,PTTP,108,0
16,1,2020,3,PTTP,110,0
16,1,2020,3,PTTP,112,0
16,1,2020,3,PTTP,114,0
16,1,2020,3,PTTP,116,0
16,1,2020,3,PTTP,118,0
16,1,2020,3,PTTP,120,0
16,1,2020,3,PTTP,122,0
16,1,2020,3,PTTP,124,0
16,1,2020,3,PTTP,126,0
16,1,2020,3,PTTP,128,0
16,1,2020,3,PTTP,130,0
16,1,2020,3,PTTP,132,0
16,1,2020,3,PTTP,134,0
16,1,2020,3,PTTP,136,0
16,1,2020,3,PTTP,138,0
16,1,2020,3,PTTP,140,0
16,1,2020,3,PTTP,142,0
16,1,2020,3,PTTP,144,0
16,1,2020,3,PTTP,146,0
16,1,2020,3,PTTP,148,0
16,1,2020,3,PTTP,150,0
16,1,2020,3,PTTP,152,0
16,1,2020,3,PTTP,154,0
16,1,2020,3,PTTP,156,0
16,1,2020,3,PTTP,158,0
16,1,2020,3,PTTP,160,0
16,1,2020,3,PTTP,162,0
16,1,2020,3,PTTP,164,0
16,1,2020,3,PTTP,166,0
16,1,2020,3,PTTP,168,0
16,1,2020,3,PTTP,170,0
16,1,2020,3,PTTP,172,0
16,1,2020,3,PTTP,174,0
16,1,2020,3,PTTP,176,0
16,1,2020,3,PTTP,178,0
16,1,2020,3,PTTP,180,0
16,1,2020,3,PTTP,182,0
16,1,2020,3,PTTP,184,0
16,1,2020,3,PTTP,186,0
16,1,2020,3,PTTP,188,0
16,1,2020,3,PTTP,190,0
16,1,2020,3,PTTP,192,0
16,1,2020,3,PTTP,194,0
16,1,2020,3,PTTP,196,0
16,1,2020,3,PTTP,198,0
17,1,2020,4,PTTP,10,0
17,1,2020,4,PTTP,12,0
17,1,2020,4,PTTP,14,0
17,1,2020,4,PTTP,16,0
17,1,2020,4,PTTP,18,0
17,1,2020,4,PTTP,20,0
17,1,2020,4,PTTP,22,0
17,1,2020,4,PTTP,24,0
17,1,2020,4,PTTP,26,0
17,1,2020,4,PTTP,28,0
17,1,2020,4,PTTP,30,0
17,1,2020,4,PTTP,32,0
17,1,2020,4,PTTP,34,0
17,1,2020,4,PTTP,36,0
17,1,2020,4,PTTP,38,0
17,1,2020,4,PTTP,40,0
17,1,2020,4,PTTP,42,0
17,1,2020,4,PTTP,44,0
17,1,2020,4,PTTP,46,0
17,1,2020,4,PTTP,48,0
17,1,2020,4,PTTP,50,0
17,1,2020,4,PTTP,52,0
17,1,2020,4,PTTP,54,0
17,1,2020,4,PTTP,56,0
17,1,2020,4,PTTP,58,0
17,1,2020,4,PTTP,60,0
17,1,2020,4,PTTP,62,0
17,1,2020,4,PTTP,64,0.742347114052634
17,1,2020,4,PTTP,66,0.742347114052634
17,1,2020,4,PTTP,68,0.742347114052634
17,1,2020,4,PTTP,70,0.742347114052634
17,1,2020,4,PTTP,72,0
17,1,2020,4,PTTP,74,0
17,1,2020,4,PTTP,76,0
17,1,2020,4,PTTP,78,0
17,1,2020,4,PTTP,80,0
17,1,2020,4,PTTP,82,0
17,1,2020,4,PTTP,84,0
17,1,2020,4,PTTP,86,0
17,1,2020,4,PTTP,88,0
17,1,2020,4,PTTP,90,0
17,1,2020,4,PTTP,92,0
17,1,2020,4,PTTP,94,0.742347114052634
17,1,2020,4,PTTP,96,0
17,1,2020,4,PTTP,98,0
17,1,2020,4,PTTP,100,0
17,1,2020,4,PTTP,102,0.742347114052634
17,1,2020,4,PTTP,104,0
17,1,2020,4,PTTP,106,0
17,1,2020,4,PTTP,108,0
17,1,2020,4,PTTP,110,0
17,1,2020,4,PTTP,112,0.742347114052634
17,1,2020,4,PTTP,114,0.742347114052634
17,1,2020,4,PTTP,116,0.742347114052634
17,1,2020,4,PTTP,118,2.2270413421579
17,1,2020,4,PTTP,120,0.742347114052634
17,1,2020,4,PTTP,122,0
17,1,2020,4,PTTP,124,2.96938845621054
17,1,2020,4,PTTP,126,6.68112402647371
17,1,2020,4,PTTP,128,0.742347114052634
17,1,2020,4,PTTP,130,0.742347114052634
17,1,2020,4,PTTP,132,0.742347114052634
17,1,2020,4,PTTP,134,0
17,1,2020,4,PTTP,136,0
17,1,2020,4,PTTP,138,0.742347114052634
17,1,2020,4,PTTP,140,0
17,1,2020,4,PTTP,142,0
17,1,2020,4,PTTP,144,0.742347114052634
17,1,2020,4,PTTP,146,0
17,1,2020,4,PTTP,148,0
17,1,2020,4,PTTP,150,0
17,1,2020,4,PTTP,152,0
17,1,2020,4,PTTP,154,0
17,1,2020,4,PTTP,156,0
17,1,2020,4,PTTP,158,0
17,1,2020,4,PTTP,160,0
17,1,2020,4,PTTP,162,0
17,1,2020,4,PTTP,164,0
17,1,2020,4,PTTP,166,0
17,1,2020,4,PTTP,168,0
17,1,2020,4,PTTP,170,0
17,1,2020,4,PTTP,172,0
17,1,2020,4,PTTP,174,0
17,1,2020,4,PTTP,176,0
17,1,2020,4,PTTP,178,0
17,1,2020,4,PTTP,180,0
17,1,2020,4,PTTP,182,0
17,1,2020,4,PTTP,184,0
17,1,2020,4,PTTP,186,0
17,1,2020,4,PTTP,188,0
17,1,2020,4,PTTP,190,0
17,1,2020,4,PTTP,192,0
17,1,2020,4,PTTP,194,0
17,1,2020,4,PTTP,196,0
17,1,2020,4,PTTP,198,0
18,1,2021,3,PTTP,10,0
18,1,2021,3,PTTP,12,0
18,1,2021,3,PTTP,14,0
18,1,2021,3,PTTP,16,0
18,1,2021,3,PTTP,18,0
18,1,2021,3,PTTP,20,0
18,1,2021,3,PTTP,22,0
18,1,2021,3,PTTP,24,0
18,1,2021,3,PTTP,26,0
18,1,2021,3,PTTP,28,0
18,1,2021,3,PTTP,30,0
18,1,2021,3,PTTP,32,0
18,1,2021,3,PTTP,34,0
18,1,2021,3,PTTP,36,5.64499091964188
18,1,2021,3,PTTP,38,11.2899818392838
18,1,2021,3,PTTP,40,17.7414000331602
18,1,2021,3,PTTP,42,16.1285454846911
18,1,2021,3,PTTP,44,10.4835545650492
18,1,2021,3,PTTP,46,16.1285454846911
18,1,2021,3,PTTP,48,24.9992455012712
18,1,2021,3,PTTP,50,30.644236420913
18,1,2021,3,PTTP,52,51.6113455510114
18,1,2021,3,PTTP,54,20.9671091300984
18,1,2021,3,PTTP,56,7.25784546811098
18,1,2021,3,PTTP,58,2.41928182270366
18,1,2021,3,PTTP,60,0
18,1,2021,3,PTTP,62,0
18,1,2021,3,PTTP,64,0
18,1,2021,3,PTTP,66,0
18,1,2021,3,PTTP,68,0
18,1,2021,3,PTTP,70,0
18,1,2021,3,PTTP,72,0
18,1,2021,3,PTTP,74,0
18,1,2021,3,PTTP,76,0
18,1,2021,3,PTTP,78,0
18,1,2021,3,PTTP,80,0
18,1,2021,3,PTTP,82,0
18,1,2021,3,PTTP,84,0
18,1,2021,3,PTTP,86,0
18,1,2021,3,PTTP,88,0
18,1,2021,3,PTTP,90,0
18,1,2021,3,PTTP,92,0
18,1,2021,3,PTTP,94,0
18,1,2021,3,PTTP,96,0
18,1,2021,3,PTTP,98,0
18,1,2021,3,PTTP,100,0
18,1,2021,3,PTTP,102,0
18,1,2021,3,PTTP,104,0
18,1,2021,3,PTTP,106,0
18,1,2021,3,PTTP,108,0
18,1,2021,3,PTTP,110,0
18,1,2021,3,PTTP,112,0
18,1,2021,3,PTTP,114,0
18,1,2021,3,PTTP,116,0
18,1,2021,3,PTTP,118,0
18,1,2021,3,PTTP,120,0
18,1,2021,3,PTTP,122,0
18,1,2021,3,PTTP,124,0
18,1,2021,3,PTTP,126,0
18,1,2021,3,PTTP,128,0
18,1,2021,3,PTTP,130,0
18,1,2021,3,PTTP,132,0
18,1,2021,3,PTTP,134,0
18,1,2021,3,PTTP,136,0
18,1,2021,3,PTTP,138,0
18,1,2021,3,PTTP,140,0
18,1,2021,3,PTTP,142,0
18,1,2021,3,PTTP,144,0
18,1,2021,3,PTTP,146,0
18,1,2021,3,PTTP,148,0
18,1,2021,3,PTTP,150,0
18,1,2021,3,PTTP,152,0
18,1,2021,3,PTTP,154,0
18,1,2021,3,PTTP,156,0
18,1,2021,3,PTTP,158,0
18,1,2021,3,PTTP,160,0
18,1,2021,3,PTTP,162,0
18,1,2021,3,PTTP,164,0
18,1,2021,3,PTTP,166,0
18,1,2021,3,PTTP,168,0
18,1,2021,3,PTTP,170,0
18,1,2021,3,PTTP,172,0
18,1,2021,3,PTTP,174,0
18,1,2021,3,PTTP,176,0
18,1,2021,3,PTTP,178,0
18,1,2021,3,PTTP,180,0
18,1,2021,3,PTTP,182,0
18,1,2021,3,PTTP,184,0
18,1,2021,3,PTTP,186,0
18,1,2021,3,PTTP,188,0
18,1,2021,3,PTTP,190,0
18,1,2021,3,PTTP,192,0
18,1,2021,3,PTTP,194,0
18,1,2021,3,PTTP,196,0
18,1,2021,3,PTTP,198,0
19,2,2008,3,PTTP,10,0
19,2,2008,3,PTTP,12,0
19,2,2008,3,PTTP,14,0
19,2,2008,3,PTTP,16,0
19,2,2008,3,PTTP,18,0
19,2,2008,3,PTTP,20,0
19,2,2008,3,PTTP,22,0
19,2,2008,3,PTTP,24,0.218956956743017
19,2,2008,3,PTTP,26,0.218956956743017
19,2,2008,3,PTTP,28,2.18956956743017
19,2,2008,3,PTTP,30,6.13079478880446
19,2,2008,3,PTTP,32,5.47392391857541
19,2,2008,3,PTTP,34,1.3137417404581
19,2,2008,3,PTTP,36,0.218956956743017
19,2,2008,3,PTTP,38,1.3137417404581
19,2,2008,3,PTTP,40,1.3137417404581
19,2,2008,3,PTTP,42,0
19,2,2008,3,PTTP,44,0
19,2,2008,3,PTTP,46,0
19,2,2008,3,PTTP,48,0.65687087022905
19,2,2008,3,PTTP,50,0.218956956743017
19,2,2008,3,PTTP,52,0.218956956743017
19,2,2008,3,PTTP,54,0
19,2,2008,3,PTTP,56,0.218956956743017
19,2,2008,3,PTTP,58,0
19,2,2008,3,PTTP,60,0
19,2,2008,3,PTTP,62,0
19,2,2008,3,PTTP,64,0
19,2,2008,3,PTTP,66,0
19,2,2008,3,PTTP,68,0
19,2,2008,3,PTTP,70,0
19,2,2008,3,PTTP,72,0
19,2,2008,3,PTTP,74,0
19,2,2008,3,PTTP,76,0
19,2,2008,3,PTTP,78,0
19,2,2008,3,PTTP,80,0
19,2,2008,3,PTTP,82,0
19,2,2008,3,PTTP,84,0
19,2,2008,3,PTTP,86,0
19,2,2008,3,PTTP,88,0
19,2,2008,3,PTTP,90,0
19,2,2008,3,PTTP,92,0
19,2,2008,3,PTTP,94,0
19,2,2008,3,PTTP,96,0
19,2,2008,3,PTTP,98,0
19,2,2008,3,PTTP,100,0
19,2,2008,3,PTTP,102,0
19,2,2008,3,PTTP,104,0
19,2,2008,3,PTTP,106,0
19,2,2008,3,PTTP,108,0
19,2,2008,3,PTTP,110,0
19,2,2008,3,PTTP,112,0
19,2,2008,3,PTTP,114,0
19,2,2008,3,PTTP,116,0
19,2,2008,3,PTTP,118,0
19,2,2008,3,PTTP,120,0
19,2,2008,3,PTTP,122,0
19,2,2008,3,PTTP,124,0
19,2,2008,3,PTTP,126,0
19,2,2008,3,PTTP,128,0
19,2,2008,3,PTTP,130,0
19,2,2008,3,PTTP,132,0
19,2,2008,3,PTTP,134,0
19,2,2008,3,PTTP,136,0
19,2,2008,3,PTTP,138,0
19,2,2008,3,PTTP,140,0
19,2,2008,3,PTTP,142,0
19,2,2008,3,PTTP,144,0
19,2,2008,3,PTTP,146,0
19,2,2008,3,PTTP,148,0
19,2,2008,3,PTTP,150,0
19,2,2008,3,PTTP,152,0
19,2,2008,3,PTTP,154,0
19,2,2008,3,PTTP,156,0
19,2,2008,3,PTTP,158,0
19,2,2008,3,PTTP,160,0
19,2,2008,3,PTTP,162,0
19,2,2008,3,PTTP,164,0
19,2,2008,3,PTTP,166,0
19,2,2008,3,PTTP,168,0
19,2,2008,3,PTTP,170,0
19,2,2008,3,PTTP,172,0
19,2,2008,3,PTTP,174,0
19,2,2008,3,PTTP,176,0
19,2,2008,3,PTTP,178,0
19,2,2008,3,PTTP,180,0
19,2,2008,3,PTTP,182,0
19,2,2008,3,PTTP,184,0
19,2,2008,3,PTTP,186,0
19,2,2008,3,PTTP,188,0
19,2,2008,3,PTTP,190,0
19,2,2008,3,PTTP,192,0
19,2,2008,3,PTTP,194,0
19,2,2008,3,PTTP,196,0
19,2,2008,3,PTTP,198,0
20,2,2008,4,PTTP,10,0
20,2,2008,4,PTTP,12,0
20,2,2008,4,PTTP,14,0
20,2,2008,4,PTTP,16,0
20,2,2008,4,PTTP,18,0
20,2,2008,4,PTTP,20,0
20,2,2008,4,PTTP,22,0
20,2,2008,4,PTTP,24,0
20,2,2008,4,PTTP,26,0
20,2,2008,4,PTTP,28,0.637525149400771
20,2,2008,4,PTTP,30,1.91257544820231
20,2,2008,4,PTTP,32,0.637525149400771
20,2,2008,4,PTTP,34,0.637525149400771
20,2,2008,4,PTTP,36,12.1129778386146
20,2,2008,4,PTTP,38,49.7269616532601
20,2,2008,4,PTTP,40,71.4028167328863
20,2,2008,4,PTTP,42,51.6395371014624
20,2,2008,4,PTTP,44,13.3880281374162
20,2,2008,4,PTTP,46,6.37525149400771
20,2,2008,4,PTTP,48,4.46267604580539
20,2,2008,4,PTTP,50,7.01277664340848
20,2,2008,4,PTTP,52,1.27505029880154
20,2,2008,4,PTTP,54,1.27505029880154
20,2,2008,4,PTTP,56,1.27505029880154
20,2,2008,4,PTTP,58,0.637525149400771
20,2,2008,4,PTTP,60,0
20,2,2008,4,PTTP,62,0
20,2,2008,4,PTTP,64,0
20,2,2008,4,PTTP,66,0
20,2,2008,4,PTTP,68,0
20,2,2008,4,PTTP,70,0
20,2,2008,4,PTTP,72,0
20,2,2008,4,PTTP,74,0
20,2,2008,4,PTTP,76,0
20,2,2008,4,PTTP,78,0
20,2,2008,4,PTTP,80,0
20,2,2008,4,PTTP,82,0
20,2,2008,4,PTTP,84,0
20,2,2008,4,PTTP,86,0
20,2,2008,4,PTTP,88,0
20,2,2008,4,PTTP,90,0
20,2,2008,4,PTTP,92,0
20,2,2008,4,PTTP,94,0
20,2,2008,4,PTTP,96,0
20,2,2008,4,PTTP,98,0
20,2,2008,4,PTTP,100,0
20,2,2008,4,PTTP,102,0
20,2,2008,4,PTTP,104,0
20,2,2008,4,PTTP,106,0
20,2,2008,4,PTTP,108,0
20,2,2008,4,PTTP,110,0
20,2,2008,4,PTTP,112,0
20,2,2008,4,PTTP,114,0
20,2,2008,4,PTTP,116,0
20,2,2008,4,PTTP,118,0
20,2,2008,4,PTTP,120,0
20,2,2008,4,PTTP,122,0
20,2,2008,4,PTTP,124,0
20,2,2008,4,PTTP,126,0
20,2,2008,4,PTTP,128,0
20,2,2008,4,PTTP,130,0
20,2,2008,4,PTTP,132,0
20,2,2008,4,PTTP,134,0
20,2,2008,4,PTTP,136,0
20,2,2008,4,PTTP,138,0
20,2,2008,4,PTTP,140,0
20,2,2008,4,PTTP,142,0
20,2,2008,4,PTTP,144,0
20,2,2008,4,PTTP,146,0
20,2,2008,4,PTTP,148,0
20,2,2008,4,PTTP,150,0
20,2,2008,4,PTTP,152,0
20,2,2008,4,PTTP,154,0
20,2,2008,4,PTTP,156,0
20,2,2008,4,PTTP,158,0
20,2,2008,4,PTTP,160,0
20,2,2008,4,PTTP,162,0
20,2,2008,4,PTTP,164,0
20,2,2008,4,PTTP,166,0
20,2,2008,4,PTTP,168,0
20,2,2008,4,PTTP,170,0
20,2,2008,4,PTTP,172,0
20,2,2008,4,PTTP,174,0
20,2,2008,4,PTTP,176,0
20,2,2008,4,PTTP,178,0
20,2,2008,4,PTTP,180,0
20,2,2008,4,PTTP,182,0
20,2,2008,4,PTTP,184,0
20,2,2008,4,PTTP,186,0
20,2,2008,4,PTTP,188,0
20,2,2008,4,PTTP,190,0
20,2,2008,4,PTTP,192,0
20,2,2008,4,PTTP,194,0
20,2,2008,4,PTTP,196,0
20,2,2008,4,PTTP,198,0
21,2,2009,3,PTTP,10,0
21,2,2009,3,PTTP,12,0
21,2,2009,3,PTTP,14,0
21,2,2009,3,PTTP,16,0
21,2,2009,3,PTTP,18,0
21,2,2009,3,PTTP,20,0
21,2,2009,3,PTTP,22,0
21,2,2009,3,PTTP,24,0.570730560324589
21,2,2009,3,PTTP,26,0.570730560324589
21,2,2009,3,PTTP,28,0
21,2,2009,3,PTTP,30,0
21,2,2009,3,PTTP,32,24.5414140939573
21,2,2009,3,PTTP,34,52.5072115498622
21,2,2009,3,PTTP,36,5.70730560324589
21,2,2009,3,PTTP,38,1.71219168097377
21,2,2009,3,PTTP,40,1
21,2,2009,3,PTTP,42,1
21,2,2009,3,PTTP,44,0
21,2,2009,3,PTTP,46,0
21,2,2009,3,PTTP,48,0
21,2,2009,3,PTTP,50,0
21,2,2009,3,PTTP,52,0
21,2,2009,3,PTTP,54,0
21,2,2009,3,PTTP,56,0
21,2,2009,3,PTTP,58,0
21,2,2009,3,PTTP,60,0
21,2,2009,3,PTTP,62,0
21,2,2009,3,PTTP,64,0
21,2,2009,3,PTTP,66,0
21,2,2009,3,PTTP,68,0
21,2,2009,3,PTTP,70,0
21,2,2009,3,PTTP,72,0
21,2,2009,3,PTTP,74,0
21,2,2009,3,PTTP,76,0
21,2,2009,3,PTTP,78,0
21,2,2009,3,PTTP,80,0
21,2,2009,3,PTTP,82,0
21,2,2009,3,PTTP,84,0
21,2,2009,3,PTTP,86,0
21,2,2009,3,PTTP,88,0
21,2,2009,3,PTTP,90,0
21,2,2009,3,PTTP,92,0
21,2,2009,3,PTTP,94,0
21,2,2009,3,PTTP,96,0
21,2,2009,3,PTTP,98,0
21,2,2009,3,PTTP,100,0
21,2,2009,3,PTTP,102,0
21,2,2009,3,PTTP,104,0
21,2,2009,3,PTTP,106,0
21,2,2009,3,PTTP,108,0
21,2,2009,3,PTTP,110,0
21,2,2009,3,PTTP,112,0
21,2,2009,3,PTTP,114,0
21,2,2009,3,PTTP,116,0
21,2,2009,3,PTTP,118,0
21,2,2009,3,PTTP,120,0
21,2,2009,3,PTTP,122,0
21,2,2009,3,PTTP,124,0
21,2,2009,3,PTTP,126,0
21,2,2009,3,PTTP,128,0
21,2,2009,3,PTTP,130,0
21,2,2009,3,PTTP,132,0
21,2,2009,3,PTTP,134,0
21,2,2009,3,PTTP,136,0
21,2,2009,3,PTTP,138,0
21,2,2009,3,PTTP,140,0
21,2,2009,3,PTTP,142,0
21,2,2009,3,PTTP,144,0
21,2,2009,3,PTTP,146,0
21,2,2009,3,PTTP,148,0
21,2,2009,3,PTTP,150,0
21,2,2009,3,PTTP,152,0
21,2,2009,3,PTTP,154,0
21,2,2009,3,PTTP,156,0
21,2,2009,3,PTTP,158,0
21,2,2009,3,PTTP,160,0
21,2,2009,3,PTTP,162,0
21,2,2009,3,PTTP,164,0
21,2,2009,3,PTTP,166,0
21,2,2009,3,PTTP,168,0
21,2,2009,3,PTTP,170,0
21,2,2009,3,PTTP,172,0
21,2,2009,3,PTTP,174,0
21,2,2009,3,PTTP,176,0
21,2,2009,3,PTTP,178,0
21,2,2009,3,PTTP,180,0
21,2,2009,3,PTTP,182,0
21,2,2009,3,PTTP,184,0
21,2,2009,3,PTTP,186,0
21,2,2009,3,PTTP,188,0
21,2,2009,3,PTTP,190,0
21,2,2009,3,PTTP,192,0
21,2,2009,3,PTTP,194,0
21,2,2009,3,PTTP,196,0
21,2,2009,3,PTTP,198,0
22,2,2019,3,PTTP,10,0
22,2,2019,3,PTTP,12,0
22,2,2019,3,PTTP,14,0
22,2,2019,3,PTTP,16,0
22,2,2019,3,PTTP,18,0
22,2,2019,3,PTTP,20,0
22,2,2019,3,PTTP,22,0
22,2,2019,3,PTTP,24,0
22,2,2019,3,PTTP,26,0
22,2,2019,3,PTTP,28,0
22,2,2019,3,PTTP,30,0
22,2,2019,3,PTTP,32,0
22,2,2019,3,PTTP,34,0
22,2,2019,3,PTTP,36,0
22,2,2019,3,PTTP,38,0
22,2,2019,3,PTTP,40,0
22,2,2019,3,PTTP,42,0
22,2,2019,3,PTTP,44,0
22,2,2019,3,PTTP,46,0
22,2,2019,3,PTTP,48,0
22,2,2019,3,PTTP,50,0
22,2,2019,3,PTTP,52,0
22,2,2019,3,PTTP,54,0
22,2,2019,3,PTTP,56,1.54516253055331
22,2,2019,3,PTTP,58,7.72581265276656
22,2,2019,3,PTTP,60,3.09032506110662
22,2,2019,3,PTTP,62,0.515054176851104
22,2,2019,3,PTTP,64,0
22,2,2019,3,PTTP,66,0
22,2,2019,3,PTTP,68,0.515054176851104
22,2,2019,3,PTTP,70,0
22,2,2019,3,PTTP,72,0
22,2,2019,3,PTTP,74,0
22,2,2019,3,PTTP,76,0
22,2,2019,3,PTTP,78,0
22,2,2019,3,PTTP,80,0
22,2,2019,3,PTTP,82,0
22,2,2019,3,PTTP,84,0
22,2,2019,3,PTTP,86,0
22,2,2019,3,PTTP,88,0
22,2,2019,3,PTTP,90,0
22,2,2019,3,PTTP,92,0
22,2,2019,3,PTTP,94,0
22,2,2019,3,PTTP,96,0
22,2,2019,3,PTTP,98,0
22,2,2019,3,PTTP,100,0
22,2,2019,3,PTTP,102,0
22,2,2019,3,PTTP,104,0
22,2,2019,3,PTTP,106,0
22,2,2019,3,PTTP,108,0
22,2,2019,3,PTTP,110,0
22,2,2019,3,PTTP,112,0
22,2,2019,3,PTTP,114,0
22,2,2019,3,PTTP,116,0
22,2,2019,3,PTTP,118,0
22,2,2019,3,PTTP,120,0
22,2,2019,3,PTTP,122,0
22,2,2019,3,PTTP,124,0
22,2,2019,3,PTTP,126,0
22,2,2019,3,PTTP,128,0
22,2,2019,3,PTTP,130,0
22,2,2019,3,PTTP,132,0
22,2,2019,3,PTTP,134,0
22,2,2019,3,PTTP,136,0
22,2,2019,3,PTTP,138,0
22,2,2019,3,PTTP,140,0
22,2,2019,3,PTTP,142,0
22,2,2019,3,PTTP,144,0
22,2,2019,3,PTTP,146,0
22,2,2019,3,PTTP,148,0
22,2,2019,3,PTTP,150,0
22,2,2019,3,PTTP,152,0
22,2,2019,3,PTTP,154,0
22,2,2019,3,PTTP,156,0
22,2,2019,3,PTTP,158,0
22,2,2019,3,PTTP,160,0
22,2,2019,3,PTTP,162,0
22,2,2019,3,PTTP,164,0
22,2,2019,3,PTTP,166,0
22,2,2019,3,PTTP,168,0
22,2,2019,3,PTTP,170,0
22,2,2019,3,PTTP,172,0
22,2,2019,3,PTTP,174,0
22,2,2019,3,PTTP,176,0
22,2,2019,3,PTTP,178,0
22,2,2019,3,PTTP,180,0
22,2,2019,3,PTTP,182,0
22,2,2019,3,PTTP,184,0
22,2,2019,3,PTTP,186,0
22,2,2019,3,PTTP,188,0
22,2,2019,3,PTTP,190,0
22,2,2019,3,PTTP,192,0
22,2,2019,3,PTTP,194,0
22,2,2019,3,PTTP,196,0
22,2,2019,3,PTTP,198,0
23,3,2006,3,PTTP,10,0
23,3,2006,3,PTTP,12,0
23,3,2006,3,PTTP,14,0
23,3,2006,3,PTTP,16,0
23,3,2006,3,PTTP,18,0
23,3,2006,3,PTTP,20,0
23,3,2006,3,PTTP,22,0
23,3,2006,3,PTTP,24,0
23,3,2006,3,PTTP,26,0
23,3,2006,3,PTTP,28,0
23,3,2006,3,PTTP,30,0
23,3,2006,3,PTTP,32,0.668603840500397
23,3,2006,3,PTTP,34,0.668603840500397
23,3,2006,3,PTTP,36,1
23,3,2006,3,PTTP,38,2.67441536200159
23,3,2006,3,PTTP,40,0
23,3,2006,3,PTTP,42,6.01743456450357
23,3,2006,3,PTTP,44,7.35464224550436
23,3,2006,3,PTTP,46,17.3836998530103
23,3,2006,3,PTTP,48,9.36045376700556
23,3,2006,3,PTTP,50,4.68022688350278
23,3,2006,3,PTTP,52,1.33720768100079
23,3,2006,3,PTTP,54,3.34301920250198
23,3,2006,3,PTTP,56,2.00581152150119
23,3,2006,3,PTTP,58,19.3895113745115
23,3,2006,3,PTTP,60,61.5115533260365
23,3,2006,3,PTTP,62,51.4824957185306
23,3,2006,3,PTTP,64,10.029057607506
23,3,2006,3,PTTP,66,2.00581152150119
23,3,2006,3,PTTP,68,0.668603840500397
23,3,2006,3,PTTP,70,1
23,3,2006,3,PTTP,72,1
23,3,2006,3,PTTP,74,0
23,3,2006,3,PTTP,76,0
23,3,2006,3,PTTP,78,0
23,3,2006,3,PTTP,80,0
23,3,2006,3,PTTP,82,0
23,3,2006,3,PTTP,84,0.668603840500397
23,3,2006,3,PTTP,86,0.668603840500397
23,3,2006,3,PTTP,88,0.668603840500397
23,3,2006,3,PTTP,90,0
23,3,2006,3,PTTP,92,0
23,3,2006,3,PTTP,94,0
23,3,2006,3,PTTP,96,0
23,3,2006,3,PTTP,98,0
23,3,2006,3,PTTP,100,0
23,3,2006,3,PTTP,102,0
23,3,2006,3,PTTP,104,0
23,3,2006,3,PTTP,106,0
23,3,2006,3,PTTP,108,0
23,3,2006,3,PTTP,110,0
23,3,2006,3,PTTP,112,0
23,3,2006,3,PTTP,114,0
23,3,2006,3,PTTP,116,0
23,3,2006,3,PTTP,118,0
23,3,2006,3,PTTP,120,0
23,3,2006,3,PTTP,122,0
23,3,2006,3,PTTP,124,0
23,3,2006,3,PTTP,126,0
23,3,2006,3,PTTP,128,0
23,3,2006,3,PTTP,130,0
23,3,2006,3,PTTP,132,0
23,3,2006,3,PTTP,134,0
23,3,2006,3,PTTP,136,0
23,3,2006,3,PTTP,138,0
23,3,2006,3,PTTP,140,0
23,3,2006,3,PTTP,142,0
23,3,2006,3,PTTP,144,0
23,3,2006,3,PTTP,146,0
23,3,2006,3,PTTP,148,0
23,3,2006,3,PTTP,150,0
23,3,2006,3,PTTP,152,0
23,3,2006,3,PTTP,154,0
23,3,2006,3,PTTP,156,0
23,3,2006,3,PTTP,158,0
23,3,2006,3,PTTP,160,0
23,3,2006,3,PTTP,162,0
23,3,2006,3,PTTP,164,0
23,3,2006,3,PTTP,166,0
23,3,2006,3,PTTP,168,0
23,3,2006,3,PTTP,170,0
23,3,2006,3,PTTP,172,0
23,3,2006,3,PTTP,174,0
23,3,2006,3,PTTP,176,0
23,3,2006,3,PTTP,178,0
23,3,2006,3,PTTP,180,0
23,3,2006,3,PTTP,182,0
23,3,2006,3,PTTP,184,0
23,3,2006,3,PTTP,186,0
23,3,2006,3,PTTP,188,0
23,3,2006,3,PTTP,190,0
23,3,2006,3,PTTP,192,0
23,3,2006,3,PTTP,194,0
23,3,2006,3,PTTP,196,0
23,3,2006,3,PTTP,198,0
24,3,2006,4,PTTP,10,0
24,3,2006,4,PTTP,12,0
24,3,2006,4,PTTP,14,0
24,3,2006,4,PTTP,16,0
24,3,2006,4,PTTP,18,0
24,3,2006,4,PTTP,20,0
24,3,2006,4,PTTP,22,0
24,3,2006,4,PTTP,24,0
24,3,2006,4,PTTP,26,0
24,3,2006,4,PTTP,28,0
24,3,2006,4,PTTP,30,1.29621724794606
24,3,2006,4,PTTP,32,1.94432587191909
24,3,2006,4,PTTP,34,0.64810862397303
24,3,2006,4,PTTP,36,0
24,3,2006,4,PTTP,38,3.88865174383818
24,3,2006,4,PTTP,40,2.59243449589212
24,3,2006,4,PTTP,42,9.07352073562241
24,3,2006,4,PTTP,44,12.9621724794606
24,3,2006,4,PTTP,46,9.07352073562241
24,3,2006,4,PTTP,48,16.2027155993257
24,3,2006,4,PTTP,50,16.2027155993257
24,3,2006,4,PTTP,52,7.12919486370333
24,3,2006,4,PTTP,54,6.4810862397303
24,3,2006,4,PTTP,56,0
24,3,2006,4,PTTP,58,1.29621724794606
24,3,2006,4,PTTP,60,11.0178466075415
24,3,2006,4,PTTP,62,20.7394759671369
24,3,2006,4,PTTP,64,26.5724535828942
24,3,2006,4,PTTP,66,10.3697379835685
24,3,2006,4,PTTP,68,6.4810862397303
24,3,2006,4,PTTP,70,0
24,3,2006,4,PTTP,72,2
24,3,2006,4,PTTP,74,0
24,3,2006,4,PTTP,76,0
24,3,2006,4,PTTP,78,0
24,3,2006,4,PTTP,80,0
24,3,2006,4,PTTP,82,0
24,3,2006,4,PTTP,84,0
24,3,2006,4,PTTP,86,0
24,3,2006,4,PTTP,88,0
24,3,2006,4,PTTP,90,0
24,3,2006,4,PTTP,92,0
24,3,2006,4,PTTP,94,0
24,3,2006,4,PTTP,96,0
24,3,2006,4,PTTP,98,0
24,3,2006,4,PTTP,100,0
24,3,2006,4,PTTP,102,0
24,3,2006,4,PTTP,104,0
24,3,2006,4,PTTP,106,0
24,3,2006,4,PTTP,108,0
24,3,2006,4,PTTP,110,0
24,3,2006,4,PTTP,112,0
24,3,2006,4,PTTP,114,0
24,3,2006,4,PTTP,116,0
24,3,2006,4,PTTP,118,0
24,3,2006,4,PTTP,120,0
24,3,2006,4,PTTP,122,0
24,3,2006,4,PTTP,124,0
24,3,2006,4,PTTP,126,0
24,3,2006,4,PTTP,128,0
24,3,2006,4,PTTP,130,0
24,3,2006,4,PTTP,132,0
24,3,2006,4,PTTP,134,0
24,3,2006,4,PTTP,136,0
24,3,2006,4,PTTP,138,0
24,3,2006,4,PTTP,140,0
24,3,2006,4,PTTP,142,0
24,3,2006,4,PTTP,144,0
24,3,2006,4,PTTP,146,0
24,3,2006,4,PTTP,148,0
24,3,2006,4,PTTP,150,0
24,3,2006,4,PTTP,152,0
24,3,2006,4,PTTP,154,0
24,3,2006,4,PTTP,156,0
24,3,2006,4,PTTP,158,0
24,3,2006,4,PTTP,160,0
24,3,2006,4,PTTP,162,0
24,3,2006,4,PTTP,164,0
24,3,2006,4,PTTP,166,0
24,3,2006,4,PTTP,168,0
24,3,2006,4,PTTP,170,0
24,3,2006,4,PTTP,172,0
24,3,2006,4,PTTP,174,0
24,3,2006,4,PTTP,176,0
24,3,2006,4,PTTP,178,0
24,3,2006,4,PTTP,180,0
24,3,2006,4,PTTP,182,0
24,3,2006,4,PTTP,184,0
24,3,2006,4,PTTP,186,0
24,3,2006,4,PTTP,188,0
24,3,2006,4,PTTP,190,0
24,3,2006,4,PTTP,192,0
24,3,2006,4,PTTP,194,0
24,3,2006,4,PTTP,196,0
24,3,2006,4,PTTP,198,0
25,3,2007,1,PTTP,10,0
25,3,2007,1,PTTP,12,0
25,3,2007,1,PTTP,14,0
25,3,2007,1,PTTP,16,0
25,3,2007,1,PTTP,18,0
25,3,2007,1,PTTP,20,0
25,3,2007,1,PTTP,22,0
25,3,2007,1,PTTP,24,0
25,3,2007,1,PTTP,26,0
25,3,2007,1,PTTP,28,0
25,3,2007,1,PTTP,30,0
25,3,2007,1,PTTP,32,1.01470748072546
25,3,2007,1,PTTP,34,1.01470748072546
25,3,2007,1,PTTP,36,1.01470748072546
25,3,2007,1,PTTP,38,1.5220612210882
25,3,2007,1,PTTP,40,2.02941496145093
25,3,2007,1,PTTP,42,3.04412244217639
25,3,2007,1,PTTP,44,4.05882992290186
25,3,2007,1,PTTP,46,1.5220612210882
25,3,2007,1,PTTP,48,0.507353740362732
25,3,2007,1,PTTP,50,1.5220612210882
25,3,2007,1,PTTP,52,1.01470748072546
25,3,2007,1,PTTP,54,1.5220612210882
25,3,2007,1,PTTP,56,1.01470748072546
25,3,2007,1,PTTP,58,1.5220612210882
25,3,2007,1,PTTP,60,2.53676870181366
25,3,2007,1,PTTP,62,1.01470748072546
25,3,2007,1,PTTP,64,1.01470748072546
25,3,2007,1,PTTP,66,0.507353740362732
25,3,2007,1,PTTP,68,2.02941496145093
25,3,2007,1,PTTP,70,3.04412244217639
25,3,2007,1,PTTP,72,0
25,3,2007,1,PTTP,74,0.507353740362732
25,3,2007,1,PTTP,76,0
25,3,2007,1,PTTP,78,0
25,3,2007,1,PTTP,80,0
25,3,2007,1,PTTP,82,0
25,3,2007,1,PTTP,84,0
25,3,2007,1,PTTP,86,0
25,3,2007,1,PTTP,88,0
25,3,2007,1,PTTP,90,0
25,3,2007,1,PTTP,92,0
25,3,2007,1,PTTP,94,0
25,3,2007,1,PTTP,96,0
25,3,2007,1,PTTP,98,0
25,3,2007,1,PTTP,100,0
25,3,2007,1,PTTP,102,0
25,3,2007,1,PTTP,104,0
25,3,2007,1,PTTP,106,0
25,3,2007,1,PTTP,108,0
25,3,2007,1,PTTP,110,0
25,3,2007,1,PTTP,112,0
25,3,2007,1,PTTP,114,0
25,3,2007,1,PTTP,116,0
25,3,2007,1,PTTP,118,0
25,3,2007,1,PTTP,120,0
25,3,2007,1,PTTP,122,0
25,3,2007,1,PTTP,124,0
25,3,2007,1,PTTP,126,0
25,3,2007,1,PTTP,128,0
25,3,2007,1,PTTP,130,0
25,3,2007,1,PTTP,132,0
25,3,2007,1,PTTP,134,0
25,3,2007,1,PTTP,136,0
25,3,2007,1,PTTP,138,0
25,3,2007,1,PTTP,140,0
25,3,2007,1,PTTP,142,0
25,3,2007,1,PTTP,144,0
25,3,2007,1,PTTP,146,0
25,3,2007,1,PTTP,148,0
25,3,2007,1,PTTP,150,0
25,3,2007,1,PTTP,152,0
25,3,2007,1,PTTP,154,0
25,3,2007,1,PTTP,156,0
25,3,2007,1,PTTP,158,0
25,3,2007,1,PTTP,160,0
25,3,2007,1,PTTP,162,0
25,3,2007,1,PTTP,164,0
25,3,2007,1,PTTP,166,0
25,3,2007,1,PTTP,168,0
25,3,2007,1,PTTP,170,0
25,3,2007,1,PTTP,172,0
25,3,2007,1,PTTP,174,0
25,3,2007,1,PTTP,176,0
25,3,2007,1,PTTP,178,0
25,3,2007,1,PTTP,180,0
25,3,2007,1,PTTP,182,0
25,3,2007,1,PTTP,184,0
25,3,2007,1,PTTP,186,0
25,3,2007,1,PTTP,188,0
25,3,2007,1,PTTP,190,0
25,3,2007,1,PTTP,192,0
25,3,2007,1,PTTP,194,0
25,3,2007,1,PTTP,196,0
25,3,2007,1,PTTP,198,0
26,3,2007,2,PTTP,10,0
26,3,2007,2,PTTP,12,0
26,3,2007,2,PTTP,14,0
26,3,2007,2,PTTP,16,0
26,3,2007,2,PTTP,18,0
26,3,2007,2,PTTP,20,0
26,3,2007,2,PTTP,22,0
26,3,2007,2,PTTP,24,0
26,3,2007,2,PTTP,26,0
26,3,2007,2,PTTP,28,0
26,3,2007,2,PTTP,30,2.57013634564979
26,3,2007,2,PTTP,32,3.85520451847469
26,3,2007,2,PTTP,34,4.49773860488713
26,3,2007,2,PTTP,36,4.49773860488713
26,3,2007,2,PTTP,38,4.49773860488713
26,3,2007,2,PTTP,40,4.49773860488713
26,3,2007,2,PTTP,42,1.28506817282489
26,3,2007,2,PTTP,44,3.85520451847469
26,3,2007,2,PTTP,46,3.21267043206224
26,3,2007,2,PTTP,48,2.57013634564979
26,3,2007,2,PTTP,50,0.642534086412447
26,3,2007,2,PTTP,52,1.92760225923734
26,3,2007,2,PTTP,54,1.28506817282489
26,3,2007,2,PTTP,56,0.642534086412447
26,3,2007,2,PTTP,58,0
26,3,2007,2,PTTP,60,0
26,3,2007,2,PTTP,62,0
26,3,2007,2,PTTP,64,0.642534086412447
26,3,2007,2,PTTP,66,0
26,3,2007,2,PTTP,68,0
26,3,2007,2,PTTP,70,0
26,3,2007,2,PTTP,72,0
26,3,2007,2,PTTP,74,0.642534086412447
26,3,2007,2,PTTP,76,0
26,3,2007,2,PTTP,78,0
26,3,2007,2,PTTP,80,0
26,3,2007,2,PTTP,82,0
26,3,2007,2,PTTP,84,0
26,3,2007,2,PTTP,86,0
26,3,2007,2,PTTP,88,0
26,3,2007,2,PTTP,90,0
26,3,2007,2,PTTP,92,0
26,3,2007,2,PTTP,94,0
26,3,2007,2,PTTP,96,0
26,3,2007,2,PTTP,98,0
26,3,2007,2,PTTP,100,0
26,3,2007,2,PTTP,102,0
26,3,2007,2,PTTP,104,0
26,3,2007,2,PTTP,106,0
26,3,2007,2,PTTP,108,0
26,3,2007,2,PTTP,110,0
26,3,2007,2,PTTP,112,0
26,3,2007,2,PTTP,114,0
26,3,2007,2,PTTP,116,0
26,3,2007,2,PTTP,118,0
26,3,2007,2,PTTP,120,0
26,3,2007,2,PTTP,122,0
26,3,2007,2,PTTP,124,0
26,3,2007,2,PTTP,126,0
26,3,2007,2,PTTP,128,0
26,3,2007,2,PTTP,130,0
26,3,2007,2,PTTP,132,0
26,3,2007,2,PTTP,134,0
26,3,2007,2,PTTP,136,0
26,3,2007,2,PTTP,138,0
26,3,2007,2,PTTP,140,0
26,3,2007,2,PTTP,142,0
26,3,2007,2,PTTP,144,0
26,3,2007,2,PTTP,146,0
26,3,2007,2,PTTP,148,0
26,3,2007,2,PTTP,150,0
26,3,2007,2,PTTP,152,0
26,3,2007,2,PTTP,154,0
26,3,2007,2,PTTP,156,0
26,3,2007,2,PTTP,158,0
26,3,2007,2,PTTP,160,0
26,3,2007,2,PTTP,162,0
26,3,2007,2,PTTP,164,0
26,3,2007,2,PTTP,166,0
26,3,2007,2,PTTP,168,0
26,3,2007,2,PTTP,170,0
26,3,2007,2,PTTP,172,0
26,3,2007,2,PTTP,174,0
26,3,2007,2,PTTP,176,0
26,3,2007,2,PTTP,178,0
26,3,2007,2,PTTP,180,0
26,3,2007,2,PTTP,182,0
26,3,2007,2,PTTP,184,0
26,3,2007,2,PTTP,186,0
26,3,2007,2,PTTP,188,0
26,3,2007,2,PTTP,190,0
26,3,2007,2,PTTP,192,0
26,3,2007,2,PTTP,194,0
26,3,2007,2,PTTP,196,0
26,3,2007,2,PTTP,198,0
27,3,2007,4,PTTP,10,0
27,3,2007,4,PTTP,12,0
27,3,2007,4,PTTP,14,0
27,3,2007,4,PTTP,16,0
27,3,2007,4,PTTP,18,0
27,3,2007,4,PTTP,20,0
27,3,2007,4,PTTP,22,0
27,3,2007,4,PTTP,24,0
27,3,2007,4,PTTP,26,0
27,3,2007,4,PTTP,28,0
27,3,2007,4,PTTP,30,0.620224886726412
27,3,2007,4,PTTP,32,6.51236131062733
27,3,2007,4,PTTP,34,4.65168665044809
27,3,2007,4,PTTP,36,8.99326085753298
27,3,2007,4,PTTP,38,14.2651723947075
27,3,2007,4,PTTP,40,4.34157420708489
27,3,2007,4,PTTP,42,0.310112443363206
27,3,2007,4,PTTP,44,1.24044977345282
27,3,2007,4,PTTP,46,1.24044977345282
27,3,2007,4,PTTP,48,0.310112443363206
27,3,2007,4,PTTP,50,0.310112443363206
27,3,2007,4,PTTP,52,0
27,3,2007,4,PTTP,54,0
27,3,2007,4,PTTP,56,0.310112443363206
27,3,2007,4,PTTP,58,0
27,3,2007,4,PTTP,60,0
27,3,2007,4,PTTP,62,0
27,3,2007,4,PTTP,64,0
27,3,2007,4,PTTP,66,0
27,3,2007,4,PTTP,68,0
27,3,2007,4,PTTP,70,0
27,3,2007,4,PTTP,72,0
27,3,2007,4,PTTP,74,0
27,3,2007,4,PTTP,76,0
27,3,2007,4,PTTP,78,0
27,3,2007,4,PTTP,80,0
27,3,2007,4,PTTP,82,0
27,3,2007,4,PTTP,84,0
27,3,2007,4,PTTP,86,0
27,3,2007,4,PTTP,88,0
27,3,2007,4,PTTP,90,0
27,3,2007,4,PTTP,92,0
27,3,2007,4,PTTP,94,0
27,3,2007,4,PTTP,96,0
27,3,2007,4,PTTP,98,0
27,3,2007,4,PTTP,100,0
27,3,2007,4,PTTP,102,0
27,3,2007,4,PTTP,104,0
27,3,2007,4,PTTP,106,0
27,3,2007,4,PTTP,108,0
27,3,2007,4,PTTP,110,0
27,3,2007,4,PTTP,112,0
27,3,2007,4,PTTP,114,0
27,3,2007,4,PTTP,116,0
27,3,2007,4,PTTP,118,0
27,3,2007,4,PTTP,120,0
27,3,2007,4,PTTP,122,0
27,3,2007,4,PTTP,124,0
27,3,2007,4,PTTP,126,0
27,3,2007,4,PTTP,128,0
27,3,2007,4,PTTP,130,0
27,3,2007,4,PTTP,132,0
27,3,2007,4,PTTP,134,0
27,3,2007,4,PTTP,136,0
27,3,2007,4,PTTP,138,0
27,3,2007,4,PTTP,140,0
27,3,2007,4,PTTP,142,0
27,3,2007,4,PTTP,144,0
27,3,2007,4,PTTP,146,0
27,3,2007,4,PTTP,148,0
27,3,2007,4,PTTP,150,0
27,3,2007,4,PTTP,152,0
27,3,2007,4,PTTP,154,0
27,3,2007,4,PTTP,156,0
27,3,2007,4,PTTP,158,0
27,3,2007,4,PTTP,160,0
27,3,2007,4,PTTP,162,0
27,3,2007,4,PTTP,164,0
27,3,2007,4,PTTP,166,0
27,3,2007,4,PTTP,168,0
27,3,2007,4,PTTP,170,0
27,3,2007,4,PTTP,172,0
27,3,2007,4,PTTP,174,0
27,3,2007,4,PTTP,176,0
27,3,2007,4,PTTP,178,0
27,3,2007,4,PTTP,180,0
27,3,2007,4,PTTP,182,0
27,3,2007,4,PTTP,184,0
27,3,2007,4,PTTP,186,0
27,3,2007,4,PTTP,188,0
27,3,2007,4,PTTP,190,0
27,3,2007,4,PTTP,192,0
27,3,2007,4,PTTP,194,0
27,3,2007,4,PTTP,196,0
27,3,2007,4,PTTP,198,0
28,3,2008,1,PTTP,10,0
28,3,2008,1,PTTP,12,0
28,3,2008,1,PTTP,14,0
28,3,2008,1,PTTP,16,0
28,3,2008,1,PTTP,18,0
28,3,2008,1,PTTP,20,0
28,3,2008,1,PTTP,22,0
28,3,2008,1,PTTP,24,0
28,3,2008,1,PTTP,26,0.533780776131591
28,3,2008,1,PTTP,28,3.20268465678954
28,3,2008,1,PTTP,30,44.303804418922
28,3,2008,1,PTTP,32,31.4930657917638
28,3,2008,1,PTTP,34,49.1078314041063
28,3,2008,1,PTTP,36,30.4255042395007
28,3,2008,1,PTTP,38,30.4255042395007
28,3,2008,1,PTTP,40,13.8783001794214
28,3,2008,1,PTTP,42,1.60134232839477
28,3,2008,1,PTTP,44,1.06756155226318
28,3,2008,1,PTTP,46,1.06756155226318
28,3,2008,1,PTTP,48,1
28,3,2008,1,PTTP,50,0
28,3,2008,1,PTTP,52,0
28,3,2008,1,PTTP,54,0.533780776131591
28,3,2008,1,PTTP,56,0.533780776131591
28,3,2008,1,PTTP,58,0
28,3,2008,1,PTTP,60,0.533780776131591
28,3,2008,1,PTTP,62,0
28,3,2008,1,PTTP,64,0.533780776131591
28,3,2008,1,PTTP,66,0
28,3,2008,1,PTTP,68,0
28,3,2008,1,PTTP,70,0
28,3,2008,1,PTTP,72,0
28,3,2008,1,PTTP,74,0
28,3,2008,1,PTTP,76,0
28,3,2008,1,PTTP,78,0
28,3,2008,1,PTTP,80,0
28,3,2008,1,PTTP,82,0
28,3,2008,1,PTTP,84,0
28,3,2008,1,PTTP,86,0
28,3,2008,1,PTTP,88,0
28,3,2008,1,PTTP,90,0
28,3,2008,1,PTTP,92,0
28,3,2008,1,PTTP,94,0
28,3,2008,1,PTTP,96,0
28,3,2008,1,PTTP,98,0
28,3,2008,1,PTTP,100,0
28,3,2008,1,PTTP,102,0
28,3,2008,1,PTTP,104,0
28,3,2008,1,PTTP,106,0
28,3,2008,1,PTTP,108,0
28,3,2008,1,PTTP,110,0
28,3,2008,1,PTTP,112,0
28,3,2008,1,PTTP,114,0
28,3,2008,1,PTTP,116,0
28,3,2008,1,PTTP,118,0
28,3,2008,1,PTTP,120,0
28,3,2008,1,PTTP,122,0
28,3,2008,1,PTTP,124,0
28,3,2008,1,PTTP,126,0
28,3,2008,1,PTTP,128,0
28,3,2008,1,PTTP,130,0
28,3,2008,1,PTTP,132,0
28,3,2008,1,PTTP,134,0
28,3,2008,1,PTTP,136,0
28,3,2008,1,PTTP,138,0
28,3,2008,1,PTTP,140,0
28,3,2008,1,PTTP,142,0
28,3,2008,1,PTTP,144,0
28,3,2008,1,PTTP,146,0
28,3,2008,1,PTTP,148,0
28,3,2008,1,PTTP,150,0
28,3,2008,1,PTTP,152,0
28,3,2008,1,PTTP,154,0
28,3,2008,1,PTTP,156,0
28,3,2008,1,PTTP,158,0
28,3,2008,1,PTTP,160,0
28,3,2008,1,PTTP,162,0
28,3,2008,1,PTTP,164,0
28,3,2008,1,PTTP,166,0
28,3,2008,1,PTTP,168,0
28,3,2008,1,PTTP,170,0
28,3,2008,1,PTTP,172,0
28,3,2008,1,PTTP,174,0
28,3,2008,1,PTTP,176,0
28,3,2008,1,PTTP,178,0
28,3,2008,1,PTTP,180,0
28,3,2008,1,PTTP,182,0
28,3,2008,1,PTTP,184,0
28,3,2008,1,PTTP,186,0
28,3,2008,1,PTTP,188,0
28,3,2008,1,PTTP,190,0
28,3,2008,1,PTTP,192,0
28,3,2008,1,PTTP,194,0
28,3,2008,1,PTTP,196,0
28,3,2008,1,PTTP,198,0
29,3,2008,2,PTTP,10,0
29,3,2008,2,PTTP,12,0
29,3,2008,2,PTTP,14,0
29,3,2008,2,PTTP,16,0
29,3,2008,2,PTTP,18,0
29,3,2008,2,PTTP,20,0
29,3,2008,2,PTTP,22,0
29,3,2008,2,PTTP,24,0
29,3,2008,2,PTTP,26,0
29,3,2008,2,PTTP,28,0.525524141093443
29,3,2008,2,PTTP,30,16.2912483738967
29,3,2008,2,PTTP,32,14.7146759506164
29,3,2008,2,PTTP,34,8.93391039858854
29,3,2008,2,PTTP,36,8.4083862574951
29,3,2008,2,PTTP,38,5.78076555202788
29,3,2008,2,PTTP,40,8.4083862574951
29,3,2008,2,PTTP,42,2.62762070546722
29,3,2008,2,PTTP,44,0
29,3,2008,2,PTTP,46,1.05104828218689
29,3,2008,2,PTTP,48,2.10209656437377
29,3,2008,2,PTTP,50,1.57657242328033
29,3,2008,2,PTTP,52,5
29,3,2008,2,PTTP,54,2
29,3,2008,2,PTTP,56,5.25524141093443
29,3,2008,2,PTTP,58,11
29,3,2008,2,PTTP,60,22.5975380670181
29,3,2008,2,PTTP,62,32.5824967477935
29,3,2008,2,PTTP,64,11.5615311040558
29,3,2008,2,PTTP,66,3.6786689876541
29,3,2008,2,PTTP,68,1.57657242328033
29,3,2008,2,PTTP,70,0.525524141093443
29,3,2008,2,PTTP,72,4.20419312874755
29,3,2008,2,PTTP,74,1.05104828218689
29,3,2008,2,PTTP,76,0
29,3,2008,2,PTTP,78,0
29,3,2008,2,PTTP,80,0.525524141093443
29,3,2008,2,PTTP,82,0
29,3,2008,2,PTTP,84,0
29,3,2008,2,PTTP,86,0
29,3,2008,2,PTTP,88,0
29,3,2008,2,PTTP,90,0
29,3,2008,2,PTTP,92,0
29,3,2008,2,PTTP,94,0
29,3,2008,2,PTTP,96,0
29,3,2008,2,PTTP,98,0
29,3,2008,2,PTTP,100,0
29,3,2008,2,PTTP,102,0
29,3,2008,2,PTTP,104,0
29,3,2008,2,PTTP,106,0
29,3,2008,2,PTTP,108,0
29,3,2008,2,PTTP,110,0
29,3,2008,2,PTTP,112,0
29,3,2008,2,PTTP,114,0
29,3,2008,2,PTTP,116,0
29,3,2008,2,PTTP,118,0
29,3,2008,2,PTTP,120,0
29,3,2008,2,PTTP,122,0
29,3,2008,2,PTTP,124,0
29,3,2008,2,PTTP,126,0
29,3,2008,2,PTTP,128,0
29,3,2008,2,PTTP,130,0
29,3,2008,2,PTTP,132,0
29,3,2008,2,PTTP,134,0
29,3,2008,2,PTTP,136,0
29,3,2008,2,PTTP,138,0
29,3,2008,2,PTTP,140,0
29,3,2008,2,PTTP,142,0
29,3,2008,2,PTTP,144,0
29,3,2008,2,PTTP,146,0
29,3,2008,2,PTTP,148,0
29,3,2008,2,PTTP,150,0
29,3,2008,2,PTTP,152,0
29,3,2008,2,PTTP,154,0
29,3,2008,2,PTTP,156,0
29,3,2008,2,PTTP,158,0
29,3,2008,2,PTTP,160,0
29,3,2008,2,PTTP,162,0
29,3,2008,2,PTTP,164,0
29,3,2008,2,PTTP,166,0
29,3,2008,2,PTTP,168,0
29,3,2008,2,PTTP,170,0
29,3,2008,2,PTTP,172,0
29,3,2008,2,PTTP,174,0
29,3,2008,2,PTTP,176,0
29,3,2008,2,PTTP,178,0
29,3,2008,2,PTTP,180,0
29,3,2008,2,PTTP,182,0
29,3,2008,2,PTTP,184,0
29,3,2008,2,PTTP,186,0
29,3,2008,2,PTTP,188,0
29,3,2008,2,PTTP,190,0
29,3,2008,2,PTTP,192,0
29,3,2008,2,PTTP,194,0
29,3,2008,2,PTTP,196,0
29,3,2008,2,PTTP,198,0
30,3,2008,3,PTTP,10,0
30,3,2008,3,PTTP,12,0
30,3,2008,3,PTTP,14,0
30,3,2008,3,PTTP,16,0
30,3,2008,3,PTTP,18,0
30,3,2008,3,PTTP,20,0
30,3,2008,3,PTTP,22,0
30,3,2008,3,PTTP,24,0
30,3,2008,3,PTTP,26,0
30,3,2008,3,PTTP,28,0.443537245668011
30,3,2008,3,PTTP,30,19.9591760550605
30,3,2008,3,PTTP,32,6.65305868502016
30,3,2008,3,PTTP,34,7.09659593068817
30,3,2008,3,PTTP,36,4.43537245668011
30,3,2008,3,PTTP,38,0.443537245668011
30,3,2008,3,PTTP,40,1.33061173700403
30,3,2008,3,PTTP,42,0.443537245668011
30,3,2008,3,PTTP,44,0
30,3,2008,3,PTTP,46,0
30,3,2008,3,PTTP,48,0
30,3,2008,3,PTTP,50,0
30,3,2008,3,PTTP,52,0
30,3,2008,3,PTTP,54,0
30,3,2008,3,PTTP,56,0
30,3,2008,3,PTTP,58,0
30,3,2008,3,PTTP,60,0
30,3,2008,3,PTTP,62,0
30,3,2008,3,PTTP,64,0
30,3,2008,3,PTTP,66,0
30,3,2008,3,PTTP,68,0
30,3,2008,3,PTTP,70,0
30,3,2008,3,PTTP,72,0
30,3,2008,3,PTTP,74,0
30,3,2008,3,PTTP,76,0
30,3,2008,3,PTTP,78,0
30,3,2008,3,PTTP,80,0
30,3,2008,3,PTTP,82,0
30,3,2008,3,PTTP,84,0
30,3,2008,3,PTTP,86,0
30,3,2008,3,PTTP,88,0
30,3,2008,3,PTTP,90,0
30,3,2008,3,PTTP,92,0
30,3,2008,3,PTTP,94,0
30,3,2008,3,PTTP,96,0
30,3,2008,3,PTTP,98,0
30,3,2008,3,PTTP,100,0
30,3,2008,3,PTTP,102,0
30,3,2008,3,PTTP,104,0
30,3,2008,3,PTTP,106,0
30,3,2008,3,PTTP,108,0
30,3,2008,3,PTTP,110,0
30,3,2008,3,PTTP,112,0
30,3,2008,3,PTTP,114,0
30,3,2008,3,PTTP,116,0
30,3,2008,3,PTTP,118,0
30,3,2008,3,PTTP,120,0
30,3,2008,3,PTTP,122,0
30,3,2008,3,PTTP,124,0
30,3,2008,3,PTTP,126,0
30,3,2008,3,PTTP,128,0
30,3,2008,3,PTTP,130,0
30,3,2008,3,PTTP,132,0
30,3,2008,3,PTTP,134,0
30,3,2008,3,PTTP,136,0
30,3,2008,3,PTTP,138,0
30,3,2008,3,PTTP,140,0
30,3,2008,3,PTTP,142,0
30,3,2008,3,PTTP,144,0
30,3,2008,3,PTTP,146,0
30,3,2008,3,PTTP,148,0
30,3,2008,3,PTTP,150,0
30,3,2008,3,PTTP,152,0
30,3,2008,3,PTTP,154,0
30,3,2008,3,PTTP,156,0
30,3,2008,3,PTTP,158,0
30,3,2008,3,PTTP,160,0
30,3,2008,3,PTTP,162,0
30,3,2008,3,PTTP,164,0
30,3,2008,3,PTTP,166,0
30,3,2008,3,PTTP,168,0
30,3,2008,3,PTTP,170,0
30,3,2008,3,PTTP,172,0
30,3,2008,3,PTTP,174,0
30,3,2008,3,PTTP,176,0
30,3,2008,3,PTTP,178,0
30,3,2008,3,PTTP,180,0
30,3,2008,3,PTTP,182,0
30,3,2008,3,PTTP,184,0
30,3,2008,3,PTTP,186,0
30,3,2008,3,PTTP,188,0
30,3,2008,3,PTTP,190,0
30,3,2008,3,PTTP,192,0
30,3,2008,3,PTTP,194,0
30,3,2008,3,PTTP,196,0
30,3,2008,3,PTTP,198,0
31,3,2008,4,PTTP,10,0
31,3,2008,4,PTTP,12,0
31,3,2008,4,PTTP,14,0
31,3,2008,4,PTTP,16,0
31,3,2008,4,PTTP,18,0
31,3,2008,4,PTTP,20,0
31,3,2008,4,PTTP,22,0
31,3,2008,4,PTTP,24,0
31,3,2008,4,PTTP,26,0
31,3,2008,4,PTTP,28,0
31,3,2008,4,PTTP,30,10.4583411530866
31,3,2008,4,PTTP,32,28.1920500648422
31,3,2008,4,PTTP,34,51.8369952805163
31,3,2008,4,PTTP,36,14.0960250324211
31,3,2008,4,PTTP,38,6.36594678883534
31,3,2008,4,PTTP,40,5.45652581900172
31,3,2008,4,PTTP,42,18.6431298815892
31,3,2008,4,PTTP,44,25.9184976402582
31,3,2008,4,PTTP,46,32.7391549140103
31,3,2008,4,PTTP,48,27.7373395799254
31,3,2008,4,PTTP,50,28.1920500648422
31,3,2008,4,PTTP,52,15.4601564871715
31,3,2008,4,PTTP,54,4.5471048491681
31,3,2008,4,PTTP,56,4.5471048491681
31,3,2008,4,PTTP,58,3
31,3,2008,4,PTTP,60,1
31,3,2008,4,PTTP,62,2
31,3,2008,4,PTTP,64,0.90942096983362
31,3,2008,4,PTTP,66,0
31,3,2008,4,PTTP,68,1.36413145475043
31,3,2008,4,PTTP,70,0
31,3,2008,4,PTTP,72,0
31,3,2008,4,PTTP,74,0
31,3,2008,4,PTTP,76,0
31,3,2008,4,PTTP,78,0
31,3,2008,4,PTTP,80,0
31,3,2008,4,PTTP,82,0
31,3,2008,4,PTTP,84,0
31,3,2008,4,PTTP,86,0
31,3,2008,4,PTTP,88,0
31,3,2008,4,PTTP,90,0
31,3,2008,4,PTTP,92,0
31,3,2008,4,PTTP,94,0
31,3,2008,4,PTTP,96,0
31,3,2008,4,PTTP,98,0
31,3,2008,4,PTTP,100,0
31,3,2008,4,PTTP,102,0
31,3,2008,4,PTTP,104,0
31,3,2008,4,PTTP,106,0
31,3,2008,4,PTTP,108,0
31,3,2008,4,PTTP,110,0
31,3,2008,4,PTTP,112,0
31,3,2008,4,PTTP,114,0
31,3,2008,4,PTTP,116,0
31,3,2008,4,PTTP,118,0
31,3,2008,4,PTTP,120,0
31,3,2008,4,PTTP,122,0
31,3,2008,4,PTTP,124,0
31,3,2008,4,PTTP,126,0
31,3,2008,4,PTTP,128,0
31,3,2008,4,PTTP,130,0
31,3,2008,4,PTTP,132,0
31,3,2008,4,PTTP,134,0
31,3,2008,4,PTTP,136,0
31,3,2008,4,PTTP,138,0
31,3,2008,4,PTTP,140,0
31,3,2008,4,PTTP,142,0
31,3,2008,4,PTTP,144,0
31,3,2008,4,PTTP,146,0
31,3,2008,4,PTTP,148,0
31,3,2008,4,PTTP,150,0
31,3,2008,4,PTTP,152,0
31,3,2008,4,PTTP,154,0
31,3,2008,4,PTTP,156,0
31,3,2008,4,PTTP,158,0
31,3,2008,4,PTTP,160,0
31,3,2008,4,PTTP,162,0
31,3,2008,4,PTTP,164,0
31,3,2008,4,PTTP,166,0
31,3,2008,4,PTTP,168,0
31,3,2008,4,PTTP,170,0
31,3,2008,4,PTTP,172,0
31,3,2008,4,PTTP,174,0
31,3,2008,4,PTTP,176,0
31,3,2008,4,PTTP,178,0
31,3,2008,4,PTTP,180,0
31,3,2008,4,PTTP,182,0
31,3,2008,4,PTTP,184,0
31,3,2008,4,PTTP,186,0
31,3,2008,4,PTTP,188,0
31,3,2008,4,PTTP,190,0
31,3,2008,4,PTTP,192,0
31,3,2008,4,PTTP,194,0
31,3,2008,4,PTTP,196,0
31,3,2008,4,PTTP,198,0
32,3,2009,1,PTTP,10,0
32,3,2009,1,PTTP,12,0
32,3,2009,1,PTTP,14,0
32,3,2009,1,PTTP,16,0
32,3,2009,1,PTTP,18,0
32,3,2009,1,PTTP,20,0
32,3,2009,1,PTTP,22,0
32,3,2009,1,PTTP,24,0
32,3,2009,1,PTTP,26,0
32,3,2009,1,PTTP,28,1.79541583831559
32,3,2009,1,PTTP,30,4.18930362273638
32,3,2009,1,PTTP,32,6.58319140715718
32,3,2009,1,PTTP,34,7.78013529936757
32,3,2009,1,PTTP,36,1.1969438922104
32,3,2009,1,PTTP,38,1.1969438922104
32,3,2009,1,PTTP,40,1.1969438922104
32,3,2009,1,PTTP,42,2.99235973052599
32,3,2009,1,PTTP,44,10.7724950298936
32,3,2009,1,PTTP,46,31.7190131435755
32,3,2009,1,PTTP,48,61.0441385027302
32,3,2009,1,PTTP,50,51.468587365047
32,3,2009,1,PTTP,52,28.7266534130495
32,3,2009,1,PTTP,54,19.1511022753663
32,3,2009,1,PTTP,56,12.5679108682092
32,3,2009,1,PTTP,58,7.78013529936757
32,3,2009,1,PTTP,60,2.39388778442079
32,3,2009,1,PTTP,62,0
32,3,2009,1,PTTP,64,0.598471946105198
32,3,2009,1,PTTP,66,0
32,3,2009,1,PTTP,68,0
32,3,2009,1,PTTP,70,0
32,3,2009,1,PTTP,72,0
32,3,2009,1,PTTP,74,0
32,3,2009,1,PTTP,76,0
32,3,2009,1,PTTP,78,0
32,3,2009,1,PTTP,80,0
32,3,2009,1,PTTP,82,0
32,3,2009,1,PTTP,84,0
32,3,2009,1,PTTP,86,0
32,3,2009,1,PTTP,88,0
32,3,2009,1,PTTP,90,0
32,3,2009,1,PTTP,92,0
32,3,2009,1,PTTP,94,0
32,3,2009,1,PTTP,96,0
32,3,2009,1,PTTP,98,0
32,3,2009,1,PTTP,100,0
32,3,2009,1,PTTP,102,0
32,3,2009,1,PTTP,104,0
32,3,2009,1,PTTP,106,0
32,3,2009,1,PTTP,108,0
32,3,2009,1,PTTP,110,0
32,3,2009,1,PTTP,112,0
32,3,2009,1,PTTP,114,0
32,3,2009,1,PTTP,116,0
32,3,2009,1,PTTP,118,0
32,3,2009,1,PTTP,120,0
32,3,2009,1,PTTP,122,0
32,3,2009,1,PTTP,124,0
32,3,2009,1,PTTP,126,0
32,3,2009,1,PTTP,128,0
32,3,2009,1,PTTP,130,0
32,3,2009,1,PTTP,132,0
32,3,2009,1,PTTP,134,0
32,3,2009,1,PTTP,136,0
32,3,2009,1,PTTP,138,0
32,3,2009,1,PTTP,140,0
32,3,2009,1,PTTP,142,0
32,3,2009,1,PTTP,144,0
32,3,2009,1,PTTP,146,0
32,3,2009,1,PTTP,148,0
32,3,2009,1,PTTP,150,0
32,3,2009,1,PTTP,152,0
32,3,2009,1,PTTP,154,0
32,3,2009,1,PTTP,156,0
32,3,2009,1,PTTP,158,0
32,3,2009,1,PTTP,160,0
32,3,2009,1,PTTP,162,0
32,3,2009,1,PTTP,164,0
32,3,2009,1,PTTP,166,0
32,3,2009,1,PTTP,168,0
32,3,2009,1,PTTP,170,0
32,3,2009,1,PTTP,172,0
32,3,2009,1,PTTP,174,0
32,3,2009,1,PTTP,176,0
32,3,2009,1,PTTP,178,0
32,3,2009,1,PTTP,180,0
32,3,2009,1,PTTP,182,0
32,3,2009,1,PTTP,184,0
32,3,2009,1,PTTP,186,0
32,3,2009,1,PTTP,188,0
32,3,2009,1,PTTP,190,0
32,3,2009,1,PTTP,192,0
32,3,2009,1,PTTP,194,0
32,3,2009,1,PTTP,196,0
32,3,2009,1,PTTP,198,0
33,3,2009,2,PTTP,10,0
33,3,2009,2,PTTP,12,0
33,3,2009,2,PTTP,14,0
33,3,2009,2,PTTP,16,0
33,3,2009,2,PTTP,18,0
33,3,2009,2,PTTP,20,0
33,3,2009,2,PTTP,22,0
33,3,2009,2,PTTP,24,0
33,3,2009,2,PTTP,26,0
33,3,2009,2,PTTP,28,0
33,3,2009,2,PTTP,30,0.981597768644407
33,3,2009,2,PTTP,32,0
33,3,2009,2,PTTP,34,1.96319553728881
33,3,2009,2,PTTP,36,0
33,3,2009,2,PTTP,38,1.96319553728881
33,3,2009,2,PTTP,40,11.7791732237329
33,3,2009,2,PTTP,42,58.8958661186644
33,3,2009,2,PTTP,44,65.7670504991753
33,3,2009,2,PTTP,46,46.1350951262871
33,3,2009,2,PTTP,48,38.2823129771319
33,3,2009,2,PTTP,50,27.4847375220434
33,3,2009,2,PTTP,52,13.2515698766995
33,3,2009,2,PTTP,54,15.2147654139883
33,3,2009,2,PTTP,56,21.1043520258548
33,3,2009,2,PTTP,58,20.1227542572103
33,3,2009,2,PTTP,60,39.7547096300985
33,3,2009,2,PTTP,62,36.8099163241653
33,3,2009,2,PTTP,64,50.552285085187
33,3,2009,2,PTTP,66,65.2762516148531
33,3,2009,2,PTTP,68,55.9510728127312
33,3,2009,2,PTTP,70,76.0738270699416
33,3,2009,2,PTTP,72,82.4542125661302
33,3,2009,2,PTTP,74,101.104570170374
33,3,2009,2,PTTP,76,124.66291661784
33,3,2009,2,PTTP,78,118.773330005973
33,3,2009,2,PTTP,80,91.7793913682521
33,3,2009,2,PTTP,82,57.4234694656978
33,3,2009,2,PTTP,84,30.4295308279766
33,3,2009,2,PTTP,86,17.1779609512771
33,3,2009,2,PTTP,88,10.3067765707663
33,3,2009,2,PTTP,90,8.83437991779966
33,3,2009,2,PTTP,92,7.85278214915526
33,3,2009,2,PTTP,94,6.87118438051085
33,3,2009,2,PTTP,96,0.981597768644407
33,3,2009,2,PTTP,98,1.47239665296661
33,3,2009,2,PTTP,100,4.90798884322204
33,3,2009,2,PTTP,102,0
33,3,2009,2,PTTP,104,0.490798884322204
33,3,2009,2,PTTP,106,0
33,3,2009,2,PTTP,108,0
33,3,2009,2,PTTP,110,0
33,3,2009,2,PTTP,112,0
33,3,2009,2,PTTP,114,0
33,3,2009,2,PTTP,116,0
33,3,2009,2,PTTP,118,0
33,3,2009,2,PTTP,120,0
33,3,2009,2,PTTP,122,0
33,3,2009,2,PTTP,124,0
33,3,2009,2,PTTP,126,0
33,3,2009,2,PTTP,128,0
33,3,2009,2,PTTP,130,0
33,3,2009,2,PTTP,132,0
33,3,2009,2,PTTP,134,0
33,3,2009,2,PTTP,136,0
33,3,2009,2,PTTP,138,0
33,3,2009,2,PTTP,140,0
33,3,2009,2,PTTP,142,0
33,3,2009,2,PTTP,144,0
33,3,2009,2,PTTP,146,0
33,3,2009,2,PTTP,148,0
33,3,2009,2,PTTP,150,0
33,3,2009,2,PTTP,152,0
33,3,2009,2,PTTP,154,0
33,3,2009,2,PTTP,156,0
33,3,2009,2,PTTP,158,0
33,3,2009,2,PTTP,160,0
33,3,2009,2,PTTP,162,0
33,3,2009,2,PTTP,164,0
33,3,2009,2,PTTP,166,0
33,3,2009,2,PTTP,168,0
33,3,2009,2,PTTP,170,0
33,3,2009,2,PTTP,172,0
33,3,2009,2,PTTP,174,0
33,3,2009,2,PTTP,176,0
33,3,2009,2,PTTP,178,0
33,3,2009,2,PTTP,180,0
33,3,2009,2,PTTP,182,0
33,3,2009,2,PTTP,184,0
33,3,2009,2,PTTP,186,0
33,3,2009,2,PTTP,188,0
33,3,2009,2,PTTP,190,0
33,3,2009,2,PTTP,192,0
33,3,2009,2,PTTP,194,0
33,3,2009,2,PTTP,196,0
33,3,2009,2,PTTP,198,0
34,3,2009,3,PTTP,10,0
34,3,2009,3,PTTP,12,0
34,3,2009,3,PTTP,14,0
34,3,2009,3,PTTP,16,0
34,3,2009,3,PTTP,18,0
34,3,2009,3,PTTP,20,0
34,3,2009,3,PTTP,22,0
34,3,2009,3,PTTP,24,0
34,3,2009,3,PTTP,26,0
34,3,2009,3,PTTP,28,0
34,3,2009,3,PTTP,30,0.595837750610652
34,3,2009,3,PTTP,32,3.57502650366391
34,3,2009,3,PTTP,34,2.38335100244261
34,3,2009,3,PTTP,36,2.38335100244261
34,3,2009,3,PTTP,38,1.78751325183196
34,3,2009,3,PTTP,40,4.76670200488522
34,3,2009,3,PTTP,42,1.78751325183196
34,3,2009,3,PTTP,44,2
34,3,2009,3,PTTP,46,0
34,3,2009,3,PTTP,48,1
34,3,2009,3,PTTP,50,1.78751325183196
34,3,2009,3,PTTP,52,0.595837750610652
34,3,2009,3,PTTP,54,0
34,3,2009,3,PTTP,56,1
34,3,2009,3,PTTP,58,1.1916755012213
34,3,2009,3,PTTP,60,0
34,3,2009,3,PTTP,62,0
34,3,2009,3,PTTP,64,0
34,3,2009,3,PTTP,66,0
34,3,2009,3,PTTP,68,0
34,3,2009,3,PTTP,70,0
34,3,2009,3,PTTP,72,0
34,3,2009,3,PTTP,74,0
34,3,2009,3,PTTP,76,0
34,3,2009,3,PTTP,78,0
34,3,2009,3,PTTP,80,0
34,3,2009,3,PTTP,82,0
34,3,2009,3,PTTP,84,0
34,3,2009,3,PTTP,86,0
34,3,2009,3,PTTP,88,0
34,3,2009,3,PTTP,90,0
34,3,2009,3,PTTP,92,0
34,3,2009,3,PTTP,94,0
34,3,2009,3,PTTP,96,0
34,3,2009,3,PTTP,98,0
34,3,2009,3,PTTP,100,0
34,3,2009,3,PTTP,102,0
34,3,2009,3,PTTP,104,0
34,3,2009,3,PTTP,106,0
34,3,2009,3,PTTP,108,0
34,3,2009,3,PTTP,110,0
34,3,2009,3,PTTP,112,0
34,3,2009,3,PTTP,114,0
34,3,2009,3,PTTP,116,0
34,3,2009,3,PTTP,118,0
34,3,2009,3,PTTP,120,0
34,3,2009,3,PTTP,122,0
34,3,2009,3,PTTP,124,0
34,3,2009,3,PTTP,126,0
34,3,2009,3,PTTP,128,0
34,3,2009,3,PTTP,130,0
34,3,2009,3,PTTP,132,0
34,3,2009,3,PTTP,134,0
34,3,2009,3,PTTP,136,0
34,3,2009,3,PTTP,138,0
34,3,2009,3,PTTP,140,0
34,3,2009,3,PTTP,142,0
34,3,2009,3,PTTP,144,0
34,3,2009,3,PTTP,146,0
34,3,2009,3,PTTP,148,0
34,3,2009,3,PTTP,150,0
34,3,2009,3,PTTP,152,0
34,3,2009,3,PTTP,154,0
34,3,2009,3,PTTP,156,0
34,3,2009,3,PTTP,158,0
34,3,2009,3,PTTP,160,0
34,3,2009,3,PTTP,162,0
34,3,2009,3,PTTP,164,0
34,3,2009,3,PTTP,166,0
34,3,2009,3,PTTP,168,0
34,3,2009,3,PTTP,170,0
34,3,2009,3,PTTP,172,0
34,3,2009,3,PTTP,174,0
34,3,2009,3,PTTP,176,0
34,3,2009,3,PTTP,178,0
34,3,2009,3,PTTP,180,0
34,3,2009,3,PTTP,182,0
34,3,2009,3,PTTP,184,0
34,3,2009,3,PTTP,186,0
34,3,2009,3,PTTP,188,0
34,3,2009,3,PTTP,190,0
34,3,2009,3,PTTP,192,0
34,3,2009,3,PTTP,194,0
34,3,2009,3,PTTP,196,0
34,3,2009,3,PTTP,198,0
35,3,2009,4,PTTP,10,0
35,3,2009,4,PTTP,12,0
35,3,2009,4,PTTP,14,0
35,3,2009,4,PTTP,16,0
35,3,2009,4,PTTP,18,0
35,3,2009,4,PTTP,20,0
35,3,2009,4,PTTP,22,0
35,3,2009,4,PTTP,24,0
35,3,2009,4,PTTP,26,0
35,3,2009,4,PTTP,28,0
35,3,2009,4,PTTP,30,0.505797722959633
35,3,2009,4,PTTP,32,1
35,3,2009,4,PTTP,34,5.56377495255597
35,3,2009,4,PTTP,36,8.09276356735413
35,3,2009,4,PTTP,38,5.56377495255597
35,3,2009,4,PTTP,40,13.1507407969505
35,3,2009,4,PTTP,42,22.2550998102239
35,3,2009,4,PTTP,44,8.09276356735413
35,3,2009,4,PTTP,46,14.6681339658294
35,3,2009,4,PTTP,48,26.8072793168606
35,3,2009,4,PTTP,50,14.6681339658294
35,3,2009,4,PTTP,52,9.1043590132734
35,3,2009,4,PTTP,54,9.1043590132734
35,3,2009,4,PTTP,56,3.54058406071743
35,3,2009,4,PTTP,58,8.09276356735413
35,3,2009,4,PTTP,60,6.57537039847523
35,3,2009,4,PTTP,62,18.7145157495064
35,3,2009,4,PTTP,64,20.737706641345
35,3,2009,4,PTTP,66,28.3246724857395
35,3,2009,4,PTTP,68,24.784088425022
35,3,2009,4,PTTP,70,11.6333476280716
35,3,2009,4,PTTP,72,4.5521795066367
35,3,2009,4,PTTP,74,5.56377495255597
35,3,2009,4,PTTP,76,3.0347863377578
35,3,2009,4,PTTP,78,0.505797722959633
35,3,2009,4,PTTP,80,1.01159544591927
35,3,2009,4,PTTP,82,0
35,3,2009,4,PTTP,84,0
35,3,2009,4,PTTP,86,0
35,3,2009,4,PTTP,88,0
35,3,2009,4,PTTP,90,0
35,3,2009,4,PTTP,92,0
35,3,2009,4,PTTP,94,0
35,3,2009,4,PTTP,96,0
35,3,2009,4,PTTP,98,0
35,3,2009,4,PTTP,100,0
35,3,2009,4,PTTP,102,0
35,3,2009,4,PTTP,104,0
35,3,2009,4,PTTP,106,0
35,3,2009,4,PTTP,108,0
35,3,2009,4,PTTP,110,0
35,3,2009,4,PTTP,112,0
35,3,2009,4,PTTP,114,0
35,3,2009,4,PTTP,116,0
35,3,2009,4,PTTP,118,0
35,3,2009,4,PTTP,120,0
35,3,2009,4,PTTP,122,0
35,3,2009,4,PTTP,124,0
35,3,2009,4,PTTP,126,0
35,3,2009,4,PTTP,128,0
35,3,2009,4,PTTP,130,0
35,3,2009,4,PTTP,132,0
35,3,2009,4,PTTP,134,0
35,3,2009,4,PTTP,136,0
35,3,2009,4,PTTP,138,0
35,3,2009,4,PTTP,140,0
35,3,2009,4,PTTP,142,0
35,3,2009,4,PTTP,144,0
35,3,2009,4,PTTP,146,0
35,3,2009,4,PTTP,148,0
35,3,2009,4,PTTP,150,0
35,3,2009,4,PTTP,152,0
35,3,2009,4,PTTP,154,0
35,3,2009,4,PTTP,156,0
35,3,2009,4,PTTP,158,0
35,3,2009,4,PTTP,160,0
35,3,2009,4,PTTP,162,0
35,3,2009,4,PTTP,164,0
35,3,2009,4,PTTP,166,0
35,3,2009,4,PTTP,168,0
35,3,2009,4,PTTP,170,0
35,3,2009,4,PTTP,172,0
35,3,2009,4,PTTP,174,0
35,3,2009,4,PTTP,176,0
35,3,2009,4,PTTP,178,0
35,3,2009,4,PTTP,180,0
35,3,2009,4,PTTP,182,0
35,3,2009,4,PTTP,184,0
35,3,2009,4,PTTP,186,0
35,3,2009,4,PTTP,188,0
35,3,2009,4,PTTP,190,0
35,3,2009,4,PTTP,192,0
35,3,2009,4,PTTP,194,0
35,3,2009,4,PTTP,196,0
35,3,2009,4,PTTP,198,0
36,3,2010,4,PTTP,10,0
36,3,2010,4,PTTP,12,0
36,3,2010,4,PTTP,14,0
36,3,2010,4,PTTP,16,0
36,3,2010,4,PTTP,18,0
36,3,2010,4,PTTP,20,0
36,3,2010,4,PTTP,22,0
36,3,2010,4,PTTP,24,0
36,3,2010,4,PTTP,26,0
36,3,2010,4,PTTP,28,0
36,3,2010,4,PTTP,30,0
36,3,2010,4,PTTP,32,0
36,3,2010,4,PTTP,34,0
36,3,2010,4,PTTP,36,0
36,3,2010,4,PTTP,38,0
36,3,2010,4,PTTP,40,0
36,3,2010,4,PTTP,42,0.334222919458968
36,3,2010,4,PTTP,44,5.34756671134348
36,3,2010,4,PTTP,46,21.3902668453739
36,3,2010,4,PTTP,48,23.7298272815867
36,3,2010,4,PTTP,50,31.082731509684
36,3,2010,4,PTTP,52,25.0667189594226
36,3,2010,4,PTTP,54,30.0800627513071
36,3,2010,4,PTTP,56,20.387598086997
36,3,2010,4,PTTP,58,10.360910503228
36,3,2010,4,PTTP,60,4.34489795296658
36,3,2010,4,PTTP,62,4.67912087242555
36,3,2010,4,PTTP,64,1.67111459729484
36,3,2010,4,PTTP,66,1.33689167783587
36,3,2010,4,PTTP,68,1.33689167783587
36,3,2010,4,PTTP,70,1.67111459729484
36,3,2010,4,PTTP,72,1.67111459729484
36,3,2010,4,PTTP,74,1.33689167783587
36,3,2010,4,PTTP,76,1.67111459729484
36,3,2010,4,PTTP,78,2.00533751675381
36,3,2010,4,PTTP,80,1.33689167783587
36,3,2010,4,PTTP,82,3.67645211404864
36,3,2010,4,PTTP,84,1.0026687583769
36,3,2010,4,PTTP,86,0
36,3,2010,4,PTTP,88,0
36,3,2010,4,PTTP,90,0
36,3,2010,4,PTTP,92,1
36,3,2010,4,PTTP,94,0
36,3,2010,4,PTTP,96,0
36,3,2010,4,PTTP,98,0
36,3,2010,4,PTTP,100,0
36,3,2010,4,PTTP,102,0
36,3,2010,4,PTTP,104,0
36,3,2010,4,PTTP,106,0
36,3,2010,4,PTTP,108,0
36,3,2010,4,PTTP,110,0
36,3,2010,4,PTTP,112,0
36,3,2010,4,PTTP,114,0
36,3,2010,4,PTTP,116,0
36,3,2010,4,PTTP,118,0
36,3,2010,4,PTTP,120,0
36,3,2010,4,PTTP,122,0
36,3,2010,4,PTTP,124,0
36,3,2010,4,PTTP,126,0
36,3,2010,4,PTTP,128,0
36,3,2010,4,PTTP,130,0
36,3,2010,4,PTTP,132,0
36,3,2010,4,PTTP,134,0
36,3,2010,4,PTTP,136,0
36,3,2010,4,PTTP,138,0
36,3,2010,4,PTTP,140,0
36,3,2010,4,PTTP,142,0
36,3,2010,4,PTTP,144,0
36,3,2010,4,PTTP,146,0
36,3,2010,4,PTTP,148,0
36,3,2010,4,PTTP,150,0
36,3,2010,4,PTTP,152,0
36,3,2010,4,PTTP,154,0
36,3,2010,4,PTTP,156,0
36,3,2010,4,PTTP,158,0
36,3,2010,4,PTTP,160,0
36,3,2010,4,PTTP,162,0
36,3,2010,4,PTTP,164,0
36,3,2010,4,PTTP,166,0
36,3,2010,4,PTTP,168,0
36,3,2010,4,PTTP,170,0
36,3,2010,4,PTTP,172,0
36,3,2010,4,PTTP,174,0
36,3,2010,4,PTTP,176,0
36,3,2010,4,PTTP,178,0
36,3,2010,4,PTTP,180,0
36,3,2010,4,PTTP,182,0
36,3,2010,4,PTTP,184,0
36,3,2010,4,PTTP,186,0
36,3,2010,4,PTTP,188,0
36,3,2010,4,PTTP,190,0
36,3,2010,4,PTTP,192,0
36,3,2010,4,PTTP,194,0
36,3,2010,4,PTTP,196,0
36,3,2010,4,PTTP,198,0
37,3,2011,2,PTTP,10,0
37,3,2011,2,PTTP,12,0
37,3,2011,2,PTTP,14,0
37,3,2011,2,PTTP,16,0
37,3,2011,2,PTTP,18,0
37,3,2011,2,PTTP,20,0
37,3,2011,2,PTTP,22,0
37,3,2011,2,PTTP,24,0
37,3,2011,2,PTTP,26,0
37,3,2011,2,PTTP,28,1.37143259768785
37,3,2011,2,PTTP,30,6.17144668959533
37,3,2011,2,PTTP,32,21.2572052641617
37,3,2011,2,PTTP,34,10.9714607815028
37,3,2011,2,PTTP,36,15.7714748734103
37,3,2011,2,PTTP,38,22.6286378618495
37,3,2011,2,PTTP,40,12.3428933791907
37,3,2011,2,PTTP,42,7.54287928728318
37,3,2011,2,PTTP,44,14.4000422757224
37,3,2011,2,PTTP,46,13.0286096780346
37,3,2011,2,PTTP,48,8.91431188497103
37,3,2011,2,PTTP,50,10.2857444826589
37,3,2011,2,PTTP,52,6.85716298843926
37,3,2011,2,PTTP,54,2.7428651953757
37,3,2011,2,PTTP,56,3.42858149421963
37,3,2011,2,PTTP,58,2.7428651953757
37,3,2011,2,PTTP,60,0.685716298843926
37,3,2011,2,PTTP,62,1
37,3,2011,2,PTTP,64,0
37,3,2011,2,PTTP,66,0
37,3,2011,2,PTTP,68,0
37,3,2011,2,PTTP,70,0
37,3,2011,2,PTTP,72,0
37,3,2011,2,PTTP,74,0
37,3,2011,2,PTTP,76,0
37,3,2011,2,PTTP,78,0
37,3,2011,2,PTTP,80,0
37,3,2011,2,PTTP,82,0
37,3,2011,2,PTTP,84,0
37,3,2011,2,PTTP,86,0
37,3,2011,2,PTTP,88,0
37,3,2011,2,PTTP,90,0
37,3,2011,2,PTTP,92,0
37,3,2011,2,PTTP,94,0
37,3,2011,2,PTTP,96,0
37,3,2011,2,PTTP,98,0
37,3,2011,2,PTTP,100,0
37,3,2011,2,PTTP,102,0
37,3,2011,2,PTTP,104,0
37,3,2011,2,PTTP,106,0
37,3,2011,2,PTTP,108,0
37,3,2011,2,PTTP,110,0
37,3,2011,2,PTTP,112,0
37,3,2011,2,PTTP,114,0
37,3,2011,2,PTTP,116,0
37,3,2011,2,PTTP,118,0
37,3,2011,2,PTTP,120,0
37,3,2011,2,PTTP,122,0
37,3,2011,2,PTTP,124,0
37,3,2011,2,PTTP,126,0
37,3,2011,2,PTTP,128,0
37,3,2011,2,PTTP,130,0
37,3,2011,2,PTTP,132,0
37,3,2011,2,PTTP,134,0
37,3,2011,2,PTTP,136,0
37,3,2011,2,PTTP,138,0
37,3,2011,2,PTTP,140,0
37,3,2011,2,PTTP,142,0
37,3,2011,2,PTTP,144,0
37,3,2011,2,PTTP,146,0
37,3,2011,2,PTTP,148,0
37,3,2011,2,PTTP,150,0
37,3,2011,2,PTTP,152,0
37,3,2011,2,PTTP,154,0
37,3,2011,2,PTTP,156,0
37,3,2011,2,PTTP,158,0
37,3,2011,2,PTTP,160,0
37,3,2011,2,PTTP,162,0
37,3,2011,2,PTTP,164,0
37,3,2011,2,PTTP,166,0
37,3,2011,2,PTTP,168,0
37,3,2011,2,PTTP,170,0
37,3,2011,2,PTTP,172,0
37,3,2011,2,PTTP,174,0
37,3,2011,2,PTTP,176,0
37,3,2011,2,PTTP,178,0
37,3,2011,2,PTTP,180,0
37,3,2011,2,PTTP,182,0
37,3,2011,2,PTTP,184,0
37,3,2011,2,PTTP,186,0
37,3,2011,2,PTTP,188,0
37,3,2011,2,PTTP,190,0
37,3,2011,2,PTTP,192,0
37,3,2011,2,PTTP,194,0
37,3,2011,2,PTTP,196,0
37,3,2011,2,PTTP,198,0
38,3,2011,3,PTTP,10,0
38,3,2011,3,PTTP,12,0
38,3,2011,3,PTTP,14,0
38,3,2011,3,PTTP,16,0
38,3,2011,3,PTTP,18,0
38,3,2011,3,PTTP,20,0
38,3,2011,3,PTTP,22,0
38,3,2011,3,PTTP,24,0
38,3,2011,3,PTTP,26,0
38,3,2011,3,PTTP,28,0
38,3,2011,3,PTTP,30,6.7074518762023
38,3,2011,3,PTTP,32,14.0246721047866
38,3,2011,3,PTTP,34,14.0246721047866
38,3,2011,3,PTTP,36,12.1953670476405
38,3,2011,3,PTTP,38,6.7074518762023
38,3,2011,3,PTTP,40,6.7074518762023
38,3,2011,3,PTTP,42,2.43907340952811
38,3,2011,3,PTTP,44,1.82930505714608
38,3,2011,3,PTTP,46,4.26837846667419
38,3,2011,3,PTTP,48,1.82930505714608
38,3,2011,3,PTTP,50,0
38,3,2011,3,PTTP,52,0
38,3,2011,3,PTTP,54,1
38,3,2011,3,PTTP,56,0
38,3,2011,3,PTTP,58,0
38,3,2011,3,PTTP,60,0
38,3,2011,3,PTTP,62,1
38,3,2011,3,PTTP,64,0
38,3,2011,3,PTTP,66,0
38,3,2011,3,PTTP,68,0
38,3,2011,3,PTTP,70,0
38,3,2011,3,PTTP,72,0
38,3,2011,3,PTTP,74,0
38,3,2011,3,PTTP,76,0
38,3,2011,3,PTTP,78,0
38,3,2011,3,PTTP,80,0
38,3,2011,3,PTTP,82,0
38,3,2011,3,PTTP,84,0
38,3,2011,3,PTTP,86,0
38,3,2011,3,PTTP,88,0
38,3,2011,3,PTTP,90,0
38,3,2011,3,PTTP,92,0
38,3,2011,3,PTTP,94,0
38,3,2011,3,PTTP,96,0
38,3,2011,3,PTTP,98,0
38,3,2011,3,PTTP,100,0
38,3,2011,3,PTTP,102,0
38,3,2011,3,PTTP,104,0
38,3,2011,3,PTTP,106,0
38,3,2011,3,PTTP,108,0
38,3,2011,3,PTTP,110,0
38,3,2011,3,PTTP,112,0
38,3,2011,3,PTTP,114,0
38,3,2011,3,PTTP,116,0
38,3,2011,3,PTTP,118,0
38,3,2011,3,PTTP,120,0
38,3,2011,3,PTTP,122,0
38,3,2011,3,PTTP,124,0
38,3,2011,3,PTTP,126,0
38,3,2011,3,PTTP,128,0
38,3,2011,3,PTTP,130,0
38,3,2011,3,PTTP,132,0
38,3,2011,3,PTTP,134,0
38,3,2011,3,PTTP,136,0
38,3,2011,3,PTTP,138,0
38,3,2011,3,PTTP,140,0
38,3,2011,3,PTTP,142,0
38,3,2011,3,PTTP,144,0
38,3,2011,3,PTTP,146,0
38,3,2011,3,PTTP,148,0
38,3,2011,3,PTTP,150,0
38,3,2011,3,PTTP,152,0
38,3,2011,3,PTTP,154,0
38,3,2011,3,PTTP,156,0
38,3,2011,3,PTTP,158,0
38,3,2011,3,PTTP,160,0
38,3,2011,3,PTTP,162,0
38,3,2011,3,PTTP,164,0
38,3,2011,3,PTTP,166,0
38,3,2011,3,PTTP,168,0
38,3,2011,3,PTTP,170,0
38,3,2011,3,PTTP,172,0
38,3,2011,3,PTTP,174,0
38,3,2011,3,PTTP,176,0
38,3,2011,3,PTTP,178,0
38,3,2011,3,PTTP,180,0
38,3,2011,3,PTTP,182,0
38,3,2011,3,PTTP,184,0
38,3,2011,3,PTTP,186,0
38,3,2011,3,PTTP,188,0
38,3,2011,3,PTTP,190,0
38,3,2011,3,PTTP,192,0
38,3,2011,3,PTTP,194,0
38,3,2011,3,PTTP,196,0
38,3,2011,3,PTTP,198,0
39,3,2011,4,PTTP,10,0
39,3,2011,4,PTTP,12,0
39,3,2011,4,PTTP,14,0
39,3,2011,4,PTTP,16,0
39,3,2011,4,PTTP,18,0
39,3,2011,4,PTTP,20,0
39,3,2011,4,PTTP,22,0
39,3,2011,4,PTTP,24,0
39,3,2011,4,PTTP,26,0
39,3,2011,4,PTTP,28,0
39,3,2011,4,PTTP,30,0
39,3,2011,4,PTTP,32,0
39,3,2011,4,PTTP,34,0
39,3,2011,4,PTTP,36,0
39,3,2011,4,PTTP,38,1.89906330021213
39,3,2011,4,PTTP,40,7.59625320084852
39,3,2011,4,PTTP,42,37.3482449041719
39,3,2011,4,PTTP,44,36.0822027040305
39,3,2011,4,PTTP,46,42.4124137047376
39,3,2011,4,PTTP,48,36.0822027040305
39,3,2011,4,PTTP,50,44.3114770049497
39,3,2011,4,PTTP,52,74.6964898083438
39,3,2011,4,PTTP,54,70.2653421078488
39,3,2011,4,PTTP,56,96.8522283108186
39,3,2011,4,PTTP,58,64.5681522072124
39,3,2011,4,PTTP,60,70.2653421078488
39,3,2011,4,PTTP,62,48.1096036053739
39,3,2011,4,PTTP,64,37.9812660042426
39,3,2011,4,PTTP,66,20.8896963023334
39,3,2011,4,PTTP,68,29.7519917033234
39,3,2011,4,PTTP,70,30.3850128033941
39,3,2011,4,PTTP,72,17.0915697019092
39,3,2011,4,PTTP,74,11.3943798012728
39,3,2011,4,PTTP,76,6.96323210077781
39,3,2011,4,PTTP,78,3.16510550035355
39,3,2011,4,PTTP,80,0.63302110007071
39,3,2011,4,PTTP,82,1
39,3,2011,4,PTTP,84,0
39,3,2011,4,PTTP,86,1.26604220014142
39,3,2011,4,PTTP,88,0
39,3,2011,4,PTTP,90,0
39,3,2011,4,PTTP,92,0
39,3,2011,4,PTTP,94,0
39,3,2011,4,PTTP,96,0
39,3,2011,4,PTTP,98,0
39,3,2011,4,PTTP,100,0
39,3,2011,4,PTTP,102,0
39,3,2011,4,PTTP,104,0
39,3,2011,4,PTTP,106,0
39,3,2011,4,PTTP,108,0
39,3,2011,4,PTTP,110,0
39,3,2011,4,PTTP,112,0
39,3,2011,4,PTTP,114,0
39,3,2011,4,PTTP,116,0
39,3,2011,4,PTTP,118,0
39,3,2011,4,PTTP,120,0
39,3,2011,4,PTTP,122,0
39,3,2011,4,PTTP,124,0
39,3,2011,4,PTTP,126,0
39,3,2011,4,PTTP,128,0
39,3,2011,4,PTTP,130,0
39,3,2011,4,PTTP,132,0
39,3,2011,4,PTTP,134,0
39,3,2011,4,PTTP,136,0
39,3,2011,4,PTTP,138,0
39,3,2011,4,PTTP,140,0
39,3,2011,4,PTTP,142,0
39,3,2011,4,PTTP,144,0
39,3,2011,4,PTTP,146,0
39,3,2011,4,PTTP,148,0
39,3,2011,4,PTTP,150,0
39,3,2011,4,PTTP,152,0
39,3,2011,4,PTTP,154,0
39,3,2011,4,PTTP,156,0
39,3,2011,4,PTTP,158,0
39,3,2011,4,PTTP,160,0
39,3,2011,4,PTTP,162,0
39,3,2011,4,PTTP,164,0
39,3,2011,4,PTTP,166,0
39,3,2011,4,PTTP,168,0
39,3,2011,4,PTTP,170,0
39,3,2011,4,PTTP,172,0
39,3,2011,4,PTTP,174,0
39,3,2011,4,PTTP,176,0
39,3,2011,4,PTTP,178,0
39,3,2011,4,PTTP,180,0
39,3,2011,4,PTTP,182,0
39,3,2011,4,PTTP,184,0
39,3,2011,4,PTTP,186,0
39,3,2011,4,PTTP,188,0
39,3,2011,4,PTTP,190,0
39,3,2011,4,PTTP,192,0
39,3,2011,4,PTTP,194,0
39,3,2011,4,PTTP,196,0
39,3,2011,4,PTTP,198,0
40,3,2012,1,PTTP,10,0
40,3,2012,1,PTTP,12,0
40,3,2012,1,PTTP,14,0
40,3,2012,1,PTTP,16,0
40,3,2012,1,PTTP,18,0
40,3,2012,1,PTTP,20,0
40,3,2012,1,PTTP,22,0
40,3,2012,1,PTTP,24,0
40,3,2012,1,PTTP,26,0
40,3,2012,1,PTTP,28,0
40,3,2012,1,PTTP,30,19.5911486033987
40,3,2012,1,PTTP,32,21.5502634637386
40,3,2012,1,PTTP,34,67.9159818251155
40,3,2012,1,PTTP,36,246.848472402823
40,3,2012,1,PTTP,38,183.503758585168
40,3,2012,1,PTTP,40,97.3027047302135
40,3,2012,1,PTTP,42,75.099402979695
40,3,2012,1,PTTP,44,47.0187566481569
40,3,2012,1,PTTP,46,45.7126800745969
40,3,2012,1,PTTP,48,63.3447138176558
40,3,2012,1,PTTP,50,139.097155084131
40,3,2012,1,PTTP,52,144.32146137837
40,3,2012,1,PTTP,54,82.9358624210544
40,3,2012,1,PTTP,56,35.9171057728976
40,3,2012,1,PTTP,58,16.9789954562789
40,3,2012,1,PTTP,60,5.87734458101961
40,3,2012,1,PTTP,62,5.87734458101961
40,3,2012,1,PTTP,64,6.53038286779956
40,3,2012,1,PTTP,66,3.26519143389978
40,3,2012,1,PTTP,68,0.653038286779956
40,3,2012,1,PTTP,70,0.653038286779956
40,3,2012,1,PTTP,72,0.653038286779956
40,3,2012,1,PTTP,74,0
40,3,2012,1,PTTP,76,1
40,3,2012,1,PTTP,78,0
40,3,2012,1,PTTP,80,0
40,3,2012,1,PTTP,82,0
40,3,2012,1,PTTP,84,0
40,3,2012,1,PTTP,86,0
40,3,2012,1,PTTP,88,0
40,3,2012,1,PTTP,90,0
40,3,2012,1,PTTP,92,0
40,3,2012,1,PTTP,94,0
40,3,2012,1,PTTP,96,0
40,3,2012,1,PTTP,98,0
40,3,2012,1,PTTP,100,0
40,3,2012,1,PTTP,102,0
40,3,2012,1,PTTP,104,0
40,3,2012,1,PTTP,106,0
40,3,2012,1,PTTP,108,0
40,3,2012,1,PTTP,110,0
40,3,2012,1,PTTP,112,0
40,3,2012,1,PTTP,114,0
40,3,2012,1,PTTP,116,0
40,3,2012,1,PTTP,118,0
40,3,2012,1,PTTP,120,0
40,3,2012,1,PTTP,122,0
40,3,2012,1,PTTP,124,0
40,3,2012,1,PTTP,126,0
40,3,2012,1,PTTP,128,0
40,3,2012,1,PTTP,130,0
40,3,2012,1,PTTP,132,0
40,3,2012,1,PTTP,134,0
40,3,2012,1,PTTP,136,0
40,3,2012,1,PTTP,138,0
40,3,2012,1,PTTP,140,0
40,3,2012,1,PTTP,142,0
40,3,2012,1,PTTP,144,0
40,3,2012,1,PTTP,146,0
40,3,2012,1,PTTP,148,0
40,3,2012,1,PTTP,150,0
40,3,2012,1,PTTP,152,0
40,3,2012,1,PTTP,154,0
40,3,2012,1,PTTP,156,0
40,3,2012,1,PTTP,158,0
40,3,2012,1,PTTP,160,0
40,3,2012,1,PTTP,162,0
40,3,2012,1,PTTP,164,0
40,3,2012,1,PTTP,166,0
40,3,2012,1,PTTP,168,0
40,3,2012,1,PTTP,170,0
40,3,2012,1,PTTP,172,0
40,3,2012,1,PTTP,174,0
40,3,2012,1,PTTP,176,0
40,3,2012,1,PTTP,178,0
40,3,2012,1,PTTP,180,0
40,3,2012,1,PTTP,182,0
40,3,2012,1,PTTP,184,0
40,3,2012,1,PTTP,186,0
40,3,2012,1,PTTP,188,0
40,3,2012,1,PTTP,190,0
40,3,2012,1,PTTP,192,0
40,3,2012,1,PTTP,194,0
40,3,2012,1,PTTP,196,0
40,3,2012,1,PTTP,198,0
41,3,2013,2,PTTP,10,0
41,3,2013,2,PTTP,12,0
41,3,2013,2,PTTP,14,0
41,3,2013,2,PTTP,16,0
41,3,2013,2,PTTP,18,0
41,3,2013,2,PTTP,20,0
41,3,2013,2,PTTP,22,0
41,3,2013,2,PTTP,24,0
41,3,2013,2,PTTP,26,0
41,3,2013,2,PTTP,28,0
41,3,2013,2,PTTP,30,6.31446837208538
41,3,2013,2,PTTP,32,14.5718500894278
41,3,2013,2,PTTP,34,47.6013769587975
41,3,2013,2,PTTP,36,58.2874003577112
41,3,2013,2,PTTP,38,42.2583652593406
41,3,2013,2,PTTP,40,16.0290350983706
41,3,2013,2,PTTP,42,9.71456672628521
41,3,2013,2,PTTP,44,12.6289367441708
41,3,2013,2,PTTP,46,3.40009835419982
41,3,2013,2,PTTP,48,4.37155502682834
41,3,2013,2,PTTP,50,1.45718500894278
41,3,2013,2,PTTP,52,3.40009835419982
41,3,2013,2,PTTP,54,3.40009835419982
41,3,2013,2,PTTP,56,3.88582669051408
41,3,2013,2,PTTP,58,1.94291334525704
41,3,2013,2,PTTP,60,6.31446837208538
41,3,2013,2,PTTP,62,6.80019670839965
41,3,2013,2,PTTP,64,13.114665080485
41,3,2013,2,PTTP,66,6.31446837208538
41,3,2013,2,PTTP,68,3.40009835419982
41,3,2013,2,PTTP,70,3.88582669051408
41,3,2013,2,PTTP,72,2.4286416815713
41,3,2013,2,PTTP,74,1
41,3,2013,2,PTTP,76,0.48572833631426
41,3,2013,2,PTTP,78,0.48572833631426
41,3,2013,2,PTTP,80,0.48572833631426
41,3,2013,2,PTTP,82,0
41,3,2013,2,PTTP,84,0
41,3,2013,2,PTTP,86,0
41,3,2013,2,PTTP,88,0
41,3,2013,2,PTTP,90,0
41,3,2013,2,PTTP,92,0
41,3,2013,2,PTTP,94,0
41,3,2013,2,PTTP,96,0
41,3,2013,2,PTTP,98,0
41,3,2013,2,PTTP,100,0
41,3,2013,2,PTTP,102,0
41,3,2013,2,PTTP,104,0
41,3,2013,2,PTTP,106,0
41,3,2013,2,PTTP,108,0
41,3,2013,2,PTTP,110,0
41,3,2013,2,PTTP,112,0
41,3,2013,2,PTTP,114,0
41,3,2013,2,PTTP,116,0
41,3,2013,2,PTTP,118,0
41,3,2013,2,PTTP,120,0
41,3,2013,2,PTTP,122,0
41,3,2013,2,PTTP,124,0
41,3,2013,2,PTTP,126,0
41,3,2013,2,PTTP,128,0
41,3,2013,2,PTTP,130,0
41,3,2013,2,PTTP,132,0
41,3,2013,2,PTTP,134,0
41,3,2013,2,PTTP,136,0
41,3,2013,2,PTTP,138,0
41,3,2013,2,PTTP,140,0
41,3,2013,2,PTTP,142,0
41,3,2013,2,PTTP,144,0
41,3,2013,2,PTTP,146,0
41,3,2013,2,PTTP,148,0
41,3,2013,2,PTTP,150,0
41,3,2013,2,PTTP,152,0
41,3,2013,2,PTTP,154,0
41,3,2013,2,PTTP,156,0
41,3,2013,2,PTTP,158,0
41,3,2013,2,PTTP,160,0
41,3,2013,2,PTTP,162,0
41,3,2013,2,PTTP,164,0
41,3,2013,2,PTTP,166,0
41,3,2013,2,PTTP,168,0
41,3,2013,2,PTTP,170,0
41,3,2013,2,PTTP,172,0
41,3,2013,2,PTTP,174,0
41,3,2013,2,PTTP,176,0
41,3,2013,2,PTTP,178,0
41,3,2013,2,PTTP,180,0
41,3,2013,2,PTTP,182,0
41,3,2013,2,PTTP,184,0
41,3,2013,2,PTTP,186,0
41,3,2013,2,PTTP,188,0
41,3,2013,2,PTTP,190,0
41,3,2013,2,PTTP,192,0
41,3,2013,2,PTTP,194,0
41,3,2013,2,PTTP,196,0
41,3,2013,2,PTTP,198,0
42,3,2013,4,PTTP,10,0
42,3,2013,4,PTTP,12,0
42,3,2013,4,PTTP,14,0
42,3,2013,4,PTTP,16,0
42,3,2013,4,PTTP,18,0
42,3,2013,4,PTTP,20,0
42,3,2013,4,PTTP,22,0
42,3,2013,4,PTTP,24,0
42,3,2013,4,PTTP,26,0
42,3,2013,4,PTTP,28,0
42,3,2013,4,PTTP,30,0
42,3,2013,4,PTTP,32,0
42,3,2013,4,PTTP,34,0
42,3,2013,4,PTTP,36,0
42,3,2013,4,PTTP,38,0
42,3,2013,4,PTTP,40,0.594040538676893
42,3,2013,4,PTTP,42,4.15828377073825
42,3,2013,4,PTTP,44,6.53444592544582
42,3,2013,4,PTTP,46,7.72252700279961
42,3,2013,4,PTTP,48,3
42,3,2013,4,PTTP,50,4.75232430941514
42,3,2013,4,PTTP,52,5.94040538676893
42,3,2013,4,PTTP,54,1.18808107735379
42,3,2013,4,PTTP,56,4.75232430941514
42,3,2013,4,PTTP,58,1.18808107735379
42,3,2013,4,PTTP,60,0
42,3,2013,4,PTTP,62,1
42,3,2013,4,PTTP,64,0
42,3,2013,4,PTTP,66,1.78212161603068
42,3,2013,4,PTTP,68,0.594040538676893
42,3,2013,4,PTTP,70,0
42,3,2013,4,PTTP,72,0.594040538676893
42,3,2013,4,PTTP,74,1.18808107735379
42,3,2013,4,PTTP,76,0.594040538676893
42,3,2013,4,PTTP,78,0.594040538676893
42,3,2013,4,PTTP,80,0
42,3,2013,4,PTTP,82,0
42,3,2013,4,PTTP,84,1
42,3,2013,4,PTTP,86,0
42,3,2013,4,PTTP,88,0
42,3,2013,4,PTTP,90,0
42,3,2013,4,PTTP,92,0
42,3,2013,4,PTTP,94,0.594040538676893
42,3,2013,4,PTTP,96,0
42,3,2013,4,PTTP,98,0
42,3,2013,4,PTTP,100,0
42,3,2013,4,PTTP,102,0
42,3,2013,4,PTTP,104,0
42,3,2013,4,PTTP,106,0
42,3,2013,4,PTTP,108,0
42,3,2013,4,PTTP,110,0
42,3,2013,4,PTTP,112,0
42,3,2013,4,PTTP,114,0
42,3,2013,4,PTTP,116,0
42,3,2013,4,PTTP,118,0
42,3,2013,4,PTTP,120,0
42,3,2013,4,PTTP,122,0
42,3,2013,4,PTTP,124,0
42,3,2013,4,PTTP,126,0
42,3,2013,4,PTTP,128,0
42,3,2013,4,PTTP,130,0
42,3,2013,4,PTTP,132,0
42,3,2013,4,PTTP,134,0
42,3,2013,4,PTTP,136,0
42,3,2013,4,PTTP,138,0
42,3,2013,4,PTTP,140,0
42,3,2013,4,PTTP,142,0
42,3,2013,4,PTTP,144,0
42,3,2013,4,PTTP,146,0
42,3,2013,4,PTTP,148,0
42,3,2013,4,PTTP,150,0
42,3,2013,4,PTTP,152,0
42,3,2013,4,PTTP,154,0
42,3,2013,4,PTTP,156,0
42,3,2013,4,PTTP,158,0
42,3,2013,4,PTTP,160,0
42,3,2013,4,PTTP,162,0
42,3,2013,4,PTTP,164,0
42,3,2013,4,PTTP,166,0
42,3,2013,4,PTTP,168,0
42,3,2013,4,PTTP,170,0
42,3,2013,4,PTTP,172,0
42,3,2013,4,PTTP,174,0
42,3,2013,4,PTTP,176,0
42,3,2013,4,PTTP,178,0
42,3,2013,4,PTTP,180,0
42,3,2013,4,PTTP,182,0
42,3,2013,4,PTTP,184,0
42,3,2013,4,PTTP,186,0
42,3,2013,4,PTTP,188,0
42,3,2013,4,PTTP,190,0
42,3,2013,4,PTTP,192,0
42,3,2013,4,PTTP,194,0
42,3,2013,4,PTTP,196,0
42,3,2013,4,PTTP,198,0
43,3,2016,3,PTTP,10,0
43,3,2016,3,PTTP,12,0
43,3,2016,3,PTTP,14,0
43,3,2016,3,PTTP,16,0
43,3,2016,3,PTTP,18,0
43,3,2016,3,PTTP,20,0
43,3,2016,3,PTTP,22,0
43,3,2016,3,PTTP,24,0
43,3,2016,3,PTTP,26,0
43,3,2016,3,PTTP,28,0
43,3,2016,3,PTTP,30,0
43,3,2016,3,PTTP,32,0.593553994334404
43,3,2016,3,PTTP,34,0
43,3,2016,3,PTTP,36,1.78066198300321
43,3,2016,3,PTTP,38,2.96776997167202
43,3,2016,3,PTTP,40,21.3679437960386
43,3,2016,3,PTTP,42,12.4646338810225
43,3,2016,3,PTTP,44,21.3679437960386
43,3,2016,3,PTTP,46,47.4843195467523
43,3,2016,3,PTTP,48,39.1745636260707
43,3,2016,3,PTTP,50,42.7358875920771
43,3,2016,3,PTTP,52,67.6651553541221
43,3,2016,3,PTTP,54,78.9426812464758
43,3,2016,3,PTTP,56,62.9167233994469
43,3,2016,3,PTTP,58,51.0456435127588
43,3,2016,3,PTTP,60,42.1423335977427
43,3,2016,3,PTTP,62,35.6132396600643
43,3,2016,3,PTTP,64,44.5165495750803
43,3,2016,3,PTTP,66,27.3034837393826
43,3,2016,3,PTTP,68,19.5872818130353
43,3,2016,3,PTTP,70,11.8710798866881
43,3,2016,3,PTTP,72,5.93553994334404
43,3,2016,3,PTTP,74,6.52909393767845
43,3,2016,3,PTTP,76,2.37421597733762
43,3,2016,3,PTTP,78,1.78066198300321
43,3,2016,3,PTTP,80,1.18710798866881
43,3,2016,3,PTTP,82,1.18710798866881
43,3,2016,3,PTTP,84,2.37421597733762
43,3,2016,3,PTTP,86,1.18710798866881
43,3,2016,3,PTTP,88,1
43,3,2016,3,PTTP,90,2.37421597733762
43,3,2016,3,PTTP,92,0
43,3,2016,3,PTTP,94,3.56132396600643
43,3,2016,3,PTTP,96,0
43,3,2016,3,PTTP,98,0
43,3,2016,3,PTTP,100,0
43,3,2016,3,PTTP,102,0
43,3,2016,3,PTTP,104,0
43,3,2016,3,PTTP,106,0
43,3,2016,3,PTTP,108,0
43,3,2016,3,PTTP,110,0
43,3,2016,3,PTTP,112,0
43,3,2016,3,PTTP,114,0
43,3,2016,3,PTTP,116,0
43,3,2016,3,PTTP,118,0
43,3,2016,3,PTTP,120,0
43,3,2016,3,PTTP,122,0
43,3,2016,3,PTTP,124,0
43,3,2016,3,PTTP,126,0
43,3,2016,3,PTTP,128,0
43,3,2016,3,PTTP,130,0
43,3,2016,3,PTTP,132,0
43,3,2016,3,PTTP,134,0
43,3,2016,3,PTTP,136,0
43,3,2016,3,PTTP,138,0
43,3,2016,3,PTTP,140,0
43,3,2016,3,PTTP,142,0
43,3,2016,3,PTTP,144,0
43,3,2016,3,PTTP,146,0
43,3,2016,3,PTTP,148,0
43,3,2016,3,PTTP,150,0
43,3,2016,3,PTTP,152,0
43,3,2016,3,PTTP,154,0
43,3,2016,3,PTTP,156,0
43,3,2016,3,PTTP,158,0
43,3,2016,3,PTTP,160,0
43,3,2016,3,PTTP,162,0
43,3,2016,3,PTTP,164,0
43,3,2016,3,PTTP,166,0
43,3,2016,3,PTTP,168,0
43,3,2016,3,PTTP,170,0
43,3,2016,3,PTTP,172,0
43,3,2016,3,PTTP,174,0
43,3,2016,3,PTTP,176,0
43,3,2016,3,PTTP,178,0
43,3,2016,3,PTTP,180,0
43,3,2016,3,PTTP,182,0
43,3,2016,3,PTTP,184,0
43,3,2016,3,PTTP,186,0
43,3,2016,3,PTTP,188,0
43,3,2016,3,PTTP,190,0
43,3,2016,3,PTTP,192,0
43,3,2016,3,PTTP,194,0
43,3,2016,3,PTTP,196,0
43,3,2016,3,PTTP,198,0
44,3,2016,4,PTTP,10,0
44,3,2016,4,PTTP,12,0
44,3,2016,4,PTTP,14,0
44,3,2016,4,PTTP,16,0
44,3,2016,4,PTTP,18,0
44,3,2016,4,PTTP,20,0
44,3,2016,4,PTTP,22,0
44,3,2016,4,PTTP,24,0
44,3,2016,4,PTTP,26,0
44,3,2016,4,PTTP,28,0
44,3,2016,4,PTTP,30,0
44,3,2016,4,PTTP,32,0
44,3,2016,4,PTTP,34,0
44,3,2016,4,PTTP,36,0
44,3,2016,4,PTTP,38,0
44,3,2016,4,PTTP,40,1.24017511752812
44,3,2016,4,PTTP,42,0
44,3,2016,4,PTTP,44,2
44,3,2016,4,PTTP,46,13.0218387340452
44,3,2016,4,PTTP,48,20.4628894392139
44,3,2016,4,PTTP,50,45.2663917897762
44,3,2016,4,PTTP,52,32.8646406144951
44,3,2016,4,PTTP,54,41.5458664371919
44,3,2016,4,PTTP,56,31.0043779382029
44,3,2016,4,PTTP,58,19.2227143216858
44,3,2016,4,PTTP,60,16.7423640866296
44,3,2016,4,PTTP,62,16.7423640866296
44,3,2016,4,PTTP,64,17.9825392041577
44,3,2016,4,PTTP,66,10.541488498989
44,3,2016,4,PTTP,68,5.58078802887652
44,3,2016,4,PTTP,70,4.3406129113484
44,3,2016,4,PTTP,72,1.24017511752812
44,3,2016,4,PTTP,74,1.24017511752812
44,3,2016,4,PTTP,76,0
44,3,2016,4,PTTP,78,1.24017511752812
44,3,2016,4,PTTP,80,2.48035023505623
44,3,2016,4,PTTP,82,0.620087558764058
44,3,2016,4,PTTP,84,0
44,3,2016,4,PTTP,86,0.620087558764058
44,3,2016,4,PTTP,88,0
44,3,2016,4,PTTP,90,0
44,3,2016,4,PTTP,92,0.620087558764058
44,3,2016,4,PTTP,94,1.24017511752812
44,3,2016,4,PTTP,96,0
44,3,2016,4,PTTP,98,1
44,3,2016,4,PTTP,100,0
44,3,2016,4,PTTP,102,0
44,3,2016,4,PTTP,104,0
44,3,2016,4,PTTP,106,0
44,3,2016,4,PTTP,108,0
44,3,2016,4,PTTP,110,0
44,3,2016,4,PTTP,112,0
44,3,2016,4,PTTP,114,0
44,3,2016,4,PTTP,116,0
44,3,2016,4,PTTP,118,0
44,3,2016,4,PTTP,120,0
44,3,2016,4,PTTP,122,0
44,3,2016,4,PTTP,124,0
44,3,2016,4,PTTP,126,0
44,3,2016,4,PTTP,128,0
44,3,2016,4,PTTP,130,0
44,3,2016,4,PTTP,132,0
44,3,2016,4,PTTP,134,0
44,3,2016,4,PTTP,136,0
44,3,2016,4,PTTP,138,0
44,3,2016,4,PTTP,140,0
44,3,2016,4,PTTP,142,0
44,3,2016,4,PTTP,144,0
44,3,2016,4,PTTP,146,0
44,3,2016,4,PTTP,148,0
44,3,2016,4,PTTP,150,0
44,3,2016,4,PTTP,152,0
44,3,2016,4,PTTP,154,0
44,3,2016,4,PTTP,156,0
44,3,2016,4,PTTP,158,0
44,3,2016,4,PTTP,160,0
44,3,2016,4,PTTP,162,0
44,3,2016,4,PTTP,164,0
44,3,2016,4,PTTP,166,0
44,3,2016,4,PTTP,168,0
44,3,2016,4,PTTP,170,0
44,3,2016,4,PTTP,172,0
44,3,2016,4,PTTP,174,0
44,3,2016,4,PTTP,176,0
44,3,2016,4,PTTP,178,0
44,3,2016,4,PTTP,180,0
44,3,2016,4,PTTP,182,0
44,3,2016,4,PTTP,184,0
44,3,2016,4,PTTP,186,0
44,3,2016,4,PTTP,188,0
44,3,2016,4,PTTP,190,0
44,3,2016,4,PTTP,192,0
44,3,2016,4,PTTP,194,0
44,3,2016,4,PTTP,196,0
44,3,2016,4,PTTP,198,0
45,3,2017,4,PTTP,10,0
45,3,2017,4,PTTP,12,0
45,3,2017,4,PTTP,14,0
45,3,2017,4,PTTP,16,0
45,3,2017,4,PTTP,18,0
45,3,2017,4,PTTP,20,0
45,3,2017,4,PTTP,22,0
45,3,2017,4,PTTP,24,0
45,3,2017,4,PTTP,26,0
45,3,2017,4,PTTP,28,0
45,3,2017,4,PTTP,30,0.672320541707398
45,3,2017,4,PTTP,32,0
45,3,2017,4,PTTP,34,0
45,3,2017,4,PTTP,36,0.672320541707398
45,3,2017,4,PTTP,38,0
45,3,2017,4,PTTP,40,0
45,3,2017,4,PTTP,42,1.3446410834148
45,3,2017,4,PTTP,44,2.01696162512219
45,3,2017,4,PTTP,46,2.68928216682959
45,3,2017,4,PTTP,48,2.01696162512219
45,3,2017,4,PTTP,50,2.01696162512219
45,3,2017,4,PTTP,52,0
45,3,2017,4,PTTP,54,0
45,3,2017,4,PTTP,56,0
45,3,2017,4,PTTP,58,0
45,3,2017,4,PTTP,60,0
45,3,2017,4,PTTP,62,0
45,3,2017,4,PTTP,64,0
45,3,2017,4,PTTP,66,0
45,3,2017,4,PTTP,68,0
45,3,2017,4,PTTP,70,0
45,3,2017,4,PTTP,72,0
45,3,2017,4,PTTP,74,0
45,3,2017,4,PTTP,76,0
45,3,2017,4,PTTP,78,0.672320541707398
45,3,2017,4,PTTP,80,0
45,3,2017,4,PTTP,82,0
45,3,2017,4,PTTP,84,0
45,3,2017,4,PTTP,86,0
45,3,2017,4,PTTP,88,0
45,3,2017,4,PTTP,90,0
45,3,2017,4,PTTP,92,0.672320541707398
45,3,2017,4,PTTP,94,0
45,3,2017,4,PTTP,96,0
45,3,2017,4,PTTP,98,0
45,3,2017,4,PTTP,100,0
45,3,2017,4,PTTP,102,0
45,3,2017,4,PTTP,104,0
45,3,2017,4,PTTP,106,0
45,3,2017,4,PTTP,108,0
45,3,2017,4,PTTP,110,0
45,3,2017,4,PTTP,112,0
45,3,2017,4,PTTP,114,0
45,3,2017,4,PTTP,116,0
45,3,2017,4,PTTP,118,0
45,3,2017,4,PTTP,120,0
45,3,2017,4,PTTP,122,0
45,3,2017,4,PTTP,124,0
45,3,2017,4,PTTP,126,0
45,3,2017,4,PTTP,128,0
45,3,2017,4,PTTP,130,0
45,3,2017,4,PTTP,132,0
45,3,2017,4,PTTP,134,0
45,3,2017,4,PTTP,136,0
45,3,2017,4,PTTP,138,0
45,3,2017,4,PTTP,140,0
45,3,2017,4,PTTP,142,0
45,3,2017,4,PTTP,144,0
45,3,2017,4,PTTP,146,0
45,3,2017,4,PTTP,148,0
45,3,2017,4,PTTP,150,0
45,3,2017,4,PTTP,152,0
45,3,2017,4,PTTP,154,0
45,3,2017,4,PTTP,156,0
45,3,2017,4,PTTP,158,0
45,3,2017,4,PTTP,160,0
45,3,2017,4,PTTP,162,0
45,3,2017,4,PTTP,164,0
45,3,2017,4,PTTP,166,0
45,3,2017,4,PTTP,168,0
45,3,2017,4,PTTP,170,0
45,3,2017,4,PTTP,172,0
45,3,2017,4,PTTP,174,0
45,3,2017,4,PTTP,176,0
45,3,2017,4,PTTP,178,0
45,3,2017,4,PTTP,180,0
45,3,2017,4,PTTP,182,0
45,3,2017,4,PTTP,184,0
45,3,2017,4,PTTP,186,0
45,3,2017,4,PTTP,188,0
45,3,2017,4,PTTP,190,0
45,3,2017,4,PTTP,192,0
45,3,2017,4,PTTP,194,0
45,3,2017,4,PTTP,196,0
45,3,2017,4,PTTP,198,0
46,3,2018,3,PTTP,10,0
46,3,2018,3,PTTP,12,0
46,3,2018,3,PTTP,14,0
46,3,2018,3,PTTP,16,0
46,3,2018,3,PTTP,18,0
46,3,2018,3,PTTP,20,0
46,3,2018,3,PTTP,22,0
46,3,2018,3,PTTP,24,0
46,3,2018,3,PTTP,26,0
46,3,2018,3,PTTP,28,0
46,3,2018,3,PTTP,30,0
46,3,2018,3,PTTP,32,0
46,3,2018,3,PTTP,34,1.07024474908102
46,3,2018,3,PTTP,36,5.88634611994564
46,3,2018,3,PTTP,38,7.49171324356717
46,3,2018,3,PTTP,40,9.09708036718871
46,3,2018,3,PTTP,42,7.49171324356717
46,3,2018,3,PTTP,44,16.5887936107559
46,3,2018,3,PTTP,46,58.3283388249158
46,3,2018,3,PTTP,48,39.5990557159979
46,3,2018,3,PTTP,50,16.0536712362154
46,3,2018,3,PTTP,52,18.7292831089179
46,3,2018,3,PTTP,54,19.2644054834584
46,3,2018,3,PTTP,56,17.6590383598369
46,3,2018,3,PTTP,58,18.1941607343774
46,3,2018,3,PTTP,60,23.010262105242
46,3,2018,3,PTTP,62,14.9834264871343
46,3,2018,3,PTTP,64,12.8429369889723
46,3,2018,3,PTTP,66,9.63220274172922
46,3,2018,3,PTTP,68,2.14048949816205
46,3,2018,3,PTTP,70,5.35122374540512
46,3,2018,3,PTTP,72,4.2809789963241
46,3,2018,3,PTTP,74,6.42146849448615
46,3,2018,3,PTTP,76,5.35122374540512
46,3,2018,3,PTTP,78,2.67561187270256
46,3,2018,3,PTTP,80,1.60536712362154
46,3,2018,3,PTTP,82,0.535122374540512
46,3,2018,3,PTTP,84,1
46,3,2018,3,PTTP,86,1.07024474908102
46,3,2018,3,PTTP,88,1
46,3,2018,3,PTTP,90,0
46,3,2018,3,PTTP,92,0
46,3,2018,3,PTTP,94,0
46,3,2018,3,PTTP,96,0
46,3,2018,3,PTTP,98,0
46,3,2018,3,PTTP,100,0
46,3,2018,3,PTTP,102,0
46,3,2018,3,PTTP,104,0
46,3,2018,3,PTTP,106,0
46,3,2018,3,PTTP,108,0
46,3,2018,3,PTTP,110,0
46,3,2018,3,PTTP,112,0
46,3,2018,3,PTTP,114,0
46,3,2018,3,PTTP,116,0
46,3,2018,3,PTTP,118,0
46,3,2018,3,PTTP,120,0
46,3,2018,3,PTTP,122,0
46,3,2018,3,PTTP,124,0
46,3,2018,3,PTTP,126,0
46,3,2018,3,PTTP,128,0
46,3,2018,3,PTTP,130,0
46,3,2018,3,PTTP,132,0
46,3,2018,3,PTTP,134,0
46,3,2018,3,PTTP,136,0
46,3,2018,3,PTTP,138,0
46,3,2018,3,PTTP,140,0
46,3,2018,3,PTTP,142,0
46,3,2018,3,PTTP,144,0
46,3,2018,3,PTTP,146,0
46,3,2018,3,PTTP,148,0
46,3,2018,3,PTTP,150,0
46,3,2018,3,PTTP,152,0
46,3,2018,3,PTTP,154,0
46,3,2018,3,PTTP,156,0
46,3,2018,3,PTTP,158,0
46,3,2018,3,PTTP,160,0
46,3,2018,3,PTTP,162,0
46,3,2018,3,PTTP,164,0
46,3,2018,3,PTTP,166,0
46,3,2018,3,PTTP,168,0
46,3,2018,3,PTTP,170,0
46,3,2018,3,PTTP,172,0
46,3,2018,3,PTTP,174,0
46,3,2018,3,PTTP,176,0
46,3,2018,3,PTTP,178,0
46,3,2018,3,PTTP,180,0
46,3,2018,3,PTTP,182,0
46,3,2018,3,PTTP,184,0
46,3,2018,3,PTTP,186,0
46,3,2018,3,PTTP,188,0
46,3,2018,3,PTTP,190,0
46,3,2018,3,PTTP,192,0
46,3,2018,3,PTTP,194,0
46,3,2018,3,PTTP,196,0
46,3,2018,3,PTTP,198,0
47,3,2019,3,PTTP,10,0
47,3,2019,3,PTTP,12,0
47,3,2019,3,PTTP,14,0
47,3,2019,3,PTTP,16,0
47,3,2019,3,PTTP,18,0
47,3,2019,3,PTTP,20,0
47,3,2019,3,PTTP,22,0
47,3,2019,3,PTTP,24,0
47,3,2019,3,PTTP,26,0
47,3,2019,3,PTTP,28,0
47,3,2019,3,PTTP,30,0.531373468369842
47,3,2019,3,PTTP,32,0.531373468369842
47,3,2019,3,PTTP,34,0.531373468369842
47,3,2019,3,PTTP,36,0.531373468369842
47,3,2019,3,PTTP,38,0.531373468369842
47,3,2019,3,PTTP,40,0.531373468369842
47,3,2019,3,PTTP,42,0.531373468369842
47,3,2019,3,PTTP,44,0.531373468369842
47,3,2019,3,PTTP,46,0
47,3,2019,3,PTTP,48,0.531373468369842
47,3,2019,3,PTTP,50,0
47,3,2019,3,PTTP,52,1.06274693673968
47,3,2019,3,PTTP,54,4.25098774695874
47,3,2019,3,PTTP,56,22.3176856715334
47,3,2019,3,PTTP,58,20.7235652664238
47,3,2019,3,PTTP,60,5.31373468369842
47,3,2019,3,PTTP,62,4.25098774695874
47,3,2019,3,PTTP,64,1.06274693673968
47,3,2019,3,PTTP,66,0
47,3,2019,3,PTTP,68,0
47,3,2019,3,PTTP,70,0
47,3,2019,3,PTTP,72,0
47,3,2019,3,PTTP,74,0
47,3,2019,3,PTTP,76,0
47,3,2019,3,PTTP,78,0
47,3,2019,3,PTTP,80,0
47,3,2019,3,PTTP,82,0
47,3,2019,3,PTTP,84,0
47,3,2019,3,PTTP,86,0
47,3,2019,3,PTTP,88,0
47,3,2019,3,PTTP,90,0
47,3,2019,3,PTTP,92,0
47,3,2019,3,PTTP,94,0
47,3,2019,3,PTTP,96,0
47,3,2019,3,PTTP,98,0
47,3,2019,3,PTTP,100,0
47,3,2019,3,PTTP,102,0
47,3,2019,3,PTTP,104,0
47,3,2019,3,PTTP,106,0
47,3,2019,3,PTTP,108,0
47,3,2019,3,PTTP,110,0
47,3,2019,3,PTTP,112,0
47,3,2019,3,PTTP,114,0
47,3,2019,3,PTTP,116,0
47,3,2019,3,PTTP,118,0
47,3,2019,3,PTTP,120,0
47,3,2019,3,PTTP,122,0
47,3,2019,3,PTTP,124,0
47,3,2019,3,PTTP,126,0
47,3,2019,3,PTTP,128,0
47,3,2019,3,PTTP,130,0
47,3,2019,3,PTTP,132,0
47,3,2019,3,PTTP,134,0
47,3,2019,3,PTTP,136,0
47,3,2019,3,PTTP,138,0
47,3,2019,3,PTTP,140,0
47,3,2019,3,PTTP,142,0
47,3,2019,3,PTTP,144,0
47,3,2019,3,PTTP,146,0
47,3,2019,3,PTTP,148,0
47,3,2019,3,PTTP,150,0
47,3,2019,3,PTTP,152,0
47,3,2019,3,PTTP,154,0
47,3,2019,3,PTTP,156,0
47,3,2019,3,PTTP,158,0
47,3,2019,3,PTTP,160,0
47,3,2019,3,PTTP,162,0
47,3,2019,3,PTTP,164,0
47,3,2019,3,PTTP,166,0
47,3,2019,3,PTTP,168,0
47,3,2019,3,PTTP,170,0
47,3,2019,3,PTTP,172,0
47,3,2019,3,PTTP,174,0
47,3,2019,3,PTTP,176,0
47,3,2019,3,PTTP,178,0
47,3,2019,3,PTTP,180,0
47,3,2019,3,PTTP,182,0
47,3,2019,3,PTTP,184,0
47,3,2019,3,PTTP,186,0
47,3,2019,3,PTTP,188,0
47,3,2019,3,PTTP,190,0
47,3,2019,3,PTTP,192,0
47,3,2019,3,PTTP,194,0
47,3,2019,3,PTTP,196,0
47,3,2019,3,PTTP,198,0
48,4,2008,2,PTTP,10,0
48,4,2008,2,PTTP,12,0
48,4,2008,2,PTTP,14,0
48,4,2008,2,PTTP,16,0
48,4,2008,2,PTTP,18,0
48,4,2008,2,PTTP,20,0
48,4,2008,2,PTTP,22,0
48,4,2008,2,PTTP,24,0
48,4,2008,2,PTTP,26,0
48,4,2008,2,PTTP,28,0
48,4,2008,2,PTTP,30,0
48,4,2008,2,PTTP,32,0
48,4,2008,2,PTTP,34,0.430217149695421
48,4,2008,2,PTTP,36,0.430217149695421
48,4,2008,2,PTTP,38,0
48,4,2008,2,PTTP,40,2.15108574847711
48,4,2008,2,PTTP,42,0.860434299390842
48,4,2008,2,PTTP,44,2.15108574847711
48,4,2008,2,PTTP,46,6.02304009573589
48,4,2008,2,PTTP,48,16.348251688426
48,4,2008,2,PTTP,50,29.2547661792886
48,4,2008,2,PTTP,52,45.1728007180192
48,4,2008,2,PTTP,54,67.1138753524857
48,4,2008,2,PTTP,56,61.9512695561406
48,4,2008,2,PTTP,58,77.8693040948712
48,4,2008,2,PTTP,60,85.1829956396934
48,4,2008,2,PTTP,62,77.0088697954804
48,4,2008,2,PTTP,64,67.9743096518765
48,4,2008,2,PTTP,66,40.4404120713696
48,4,2008,2,PTTP,68,42.5914978198467
48,4,2008,2,PTTP,70,29.2547661792886
48,4,2008,2,PTTP,72,22.8015089338573
48,4,2008,2,PTTP,74,26.2432461314207
48,4,2008,2,PTTP,76,9.03456014360384
48,4,2008,2,PTTP,78,7.74390869451758
48,4,2008,2,PTTP,80,8.174125844213
48,4,2008,2,PTTP,82,4.73238864664963
48,4,2008,2,PTTP,84,6.88347439512674
48,4,2008,2,PTTP,86,1.29065144908626
48,4,2008,2,PTTP,88,0.430217149695421
48,4,2008,2,PTTP,90,0.860434299390842
48,4,2008,2,PTTP,92,1
48,4,2008,2,PTTP,94,0.430217149695421
48,4,2008,2,PTTP,96,0
48,4,2008,2,PTTP,98,0.430217149695421
48,4,2008,2,PTTP,100,0
48,4,2008,2,PTTP,102,0
48,4,2008,2,PTTP,104,0
48,4,2008,2,PTTP,106,1
48,4,2008,2,PTTP,108,0
48,4,2008,2,PTTP,110,0.430217149695421
48,4,2008,2,PTTP,112,0.430217149695421
48,4,2008,2,PTTP,114,0.860434299390842
48,4,2008,2,PTTP,116,0
48,4,2008,2,PTTP,118,0
48,4,2008,2,PTTP,120,0
48,4,2008,2,PTTP,122,0
48,4,2008,2,PTTP,124,0
48,4,2008,2,PTTP,126,0
48,4,2008,2,PTTP,128,0
48,4,2008,2,PTTP,130,0
48,4,2008,2,PTTP,132,0
48,4,2008,2,PTTP,134,0
48,4,2008,2,PTTP,136,0
48,4,2008,2,PTTP,138,0
48,4,2008,2,PTTP,140,0
48,4,2008,2,PTTP,142,0
48,4,2008,2,PTTP,144,0
48,4,2008,2,PTTP,146,0
48,4,2008,2,PTTP,148,0
48,4,2008,2,PTTP,150,0
48,4,2008,2,PTTP,152,0
48,4,2008,2,PTTP,154,0
48,4,2008,2,PTTP,156,0
48,4,2008,2,PTTP,158,0
48,4,2008,2,PTTP,160,0
48,4,2008,2,PTTP,162,0
48,4,2008,2,PTTP,164,0
48,4,2008,2,PTTP,166,0
48,4,2008,2,PTTP,168,0
48,4,2008,2,PTTP,170,0
48,4,2008,2,PTTP,172,0
48,4,2008,2,PTTP,174,0
48,4,2008,2,PTTP,176,0
48,4,2008,2,PTTP,178,0
48,4,2008,2,PTTP,180,0
48,4,2008,2,PTTP,182,0
48,4,2008,2,PTTP,184,0
48,4,2008,2,PTTP,186,0
48,4,2008,2,PTTP,188,0
48,4,2008,2,PTTP,190,0
48,4,2008,2,PTTP,192,0
48,4,2008,2,PTTP,194,0
48,4,2008,2,PTTP,196,0
48,4,2008,2,PTTP,198,0
49,4,2009,2,PTTP,10,0
49,4,2009,2,PTTP,12,0
49,4,2009,2,PTTP,14,0
49,4,2009,2,PTTP,16,0
49,4,2009,2,PTTP,18,0
49,4,2009,2,PTTP,20,0
49,4,2009,2,PTTP,22,0
49,4,2009,2,PTTP,24,0
49,4,2009,2,PTTP,26,0
49,4,2009,2,PTTP,28,0
49,4,2009,2,PTTP,30,0
49,4,2009,2,PTTP,32,0
49,4,2009,2,PTTP,34,0
49,4,2009,2,PTTP,36,0.43709495686718
49,4,2009,2,PTTP,38,6.99351930987488
49,4,2009,2,PTTP,40,53.1798864188403
49,4,2009,2,PTTP,42,69.9351930987489
49,4,2009,2,PTTP,44,33.2192167219057
49,4,2009,2,PTTP,46,23.1660327139606
49,4,2009,2,PTTP,48,30.0138537048797
49,4,2009,2,PTTP,50,38.7557528422233
49,4,2009,2,PTTP,52,21.854747843359
49,4,2009,2,PTTP,54,10.9273739216795
49,4,2009,2,PTTP,56,7.43061426674207
49,4,2009,2,PTTP,58,3.93385461180462
49,4,2009,2,PTTP,60,2.1854747843359
49,4,2009,2,PTTP,62,1.74837982746872
49,4,2009,2,PTTP,64,0.728491594778634
49,4,2009,2,PTTP,66,0.43709495686718
49,4,2009,2,PTTP,68,0.43709495686718
49,4,2009,2,PTTP,70,0.43709495686718
49,4,2009,2,PTTP,72,0.582793275822907
49,4,2009,2,PTTP,74,0.291396637911454
49,4,2009,2,PTTP,76,0.291396637911454
49,4,2009,2,PTTP,78,0.728491594778634
49,4,2009,2,PTTP,80,0.291396637911454
49,4,2009,2,PTTP,82,0.145698318955727
49,4,2009,2,PTTP,84,0.291396637911454
49,4,2009,2,PTTP,86,0.145698318955727
49,4,2009,2,PTTP,88,0.291396637911454
49,4,2009,2,PTTP,90,0
49,4,2009,2,PTTP,92,0
49,4,2009,2,PTTP,94,0.291396637911454
49,4,2009,2,PTTP,96,0
49,4,2009,2,PTTP,98,0.145698318955727
49,4,2009,2,PTTP,100,0
49,4,2009,2,PTTP,102,0
49,4,2009,2,PTTP,104,0
49,4,2009,2,PTTP,106,0
49,4,2009,2,PTTP,108,0
49,4,2009,2,PTTP,110,0
49,4,2009,2,PTTP,112,0
49,4,2009,2,PTTP,114,0.145698318955727
49,4,2009,2,PTTP,116,0
49,4,2009,2,PTTP,118,0
49,4,2009,2,PTTP,120,0
49,4,2009,2,PTTP,122,0
49,4,2009,2,PTTP,124,0
49,4,2009,2,PTTP,126,0
49,4,2009,2,PTTP,128,0
49,4,2009,2,PTTP,130,0
49,4,2009,2,PTTP,132,0
49,4,2009,2,PTTP,134,0
49,4,2009,2,PTTP,136,0
49,4,2009,2,PTTP,138,0
49,4,2009,2,PTTP,140,0
49,4,2009,2,PTTP,142,0
49,4,2009,2,PTTP,144,0
49,4,2009,2,PTTP,146,0
49,4,2009,2,PTTP,148,0
49,4,2009,2,PTTP,150,0
49,4,2009,2,PTTP,152,0
49,4,2009,2,PTTP,154,0
49,4,2009,2,PTTP,156,0
49,4,2009,2,PTTP,158,0
49,4,2009,2,PTTP,160,0
49,4,2009,2,PTTP,162,0
49,4,2009,2,PTTP,164,0
49,4,2009,2,PTTP,166,0
49,4,2009,2,PTTP,168,0
49,4,2009,2,PTTP,170,0
49,4,2009,2,PTTP,172,0
49,4,2009,2,PTTP,174,0
49,4,2009,2,PTTP,176,0
49,4,2009,2,PTTP,178,0
49,4,2009,2,PTTP,180,0
49,4,2009,2,PTTP,182,0
49,4,2009,2,PTTP,184,0
49,4,2009,2,PTTP,186,0
49,4,2009,2,PTTP,188,0
49,4,2009,2,PTTP,190,0
49,4,2009,2,PTTP,192,0
49,4,2009,2,PTTP,194,0
49,4,2009,2,PTTP,196,0
49,4,2009,2,PTTP,198,0
50,4,2009,4,PTTP,10,0
50,4,2009,4,PTTP,12,0
50,4,2009,4,PTTP,14,0
50,4,2009,4,PTTP,16,0
50,4,2009,4,PTTP,18,0
50,4,2009,4,PTTP,20,0
50,4,2009,4,PTTP,22,0
50,4,2009,4,PTTP,24,0
50,4,2009,4,PTTP,26,0
50,4,2009,4,PTTP,28,0
50,4,2009,4,PTTP,30,0
50,4,2009,4,PTTP,32,0.289356077420656
50,4,2009,4,PTTP,34,0.578712154841312
50,4,2009,4,PTTP,36,4.91905331615115
50,4,2009,4,PTTP,38,7.23390193551639
50,4,2009,4,PTTP,40,30.9611002840102
50,4,2009,4,PTTP,42,81.0197016777836
50,4,2009,4,PTTP,44,52.6628060905594
50,4,2009,4,PTTP,46,38.1950022195266
50,4,2009,4,PTTP,48,61.343488413179
50,4,2009,4,PTTP,50,52.6628060905594
50,4,2009,4,PTTP,52,39.6417826066298
50,4,2009,4,PTTP,54,22.5697740388112
50,4,2009,4,PTTP,56,23.1484861936525
50,4,2009,4,PTTP,58,27.778183432383
50,4,2009,4,PTTP,60,29.5143198969069
50,4,2009,4,PTTP,62,23.1484861936525
50,4,2009,4,PTTP,64,17.65072072266
50,4,2009,4,PTTP,66,13.0210234839295
50,4,2009,4,PTTP,68,8.68068232261967
50,4,2009,4,PTTP,70,8.39132624519902
50,4,2009,4,PTTP,72,4.91905331615115
50,4,2009,4,PTTP,74,2.6042046967859
50,4,2009,4,PTTP,76,2.02549254194459
50,4,2009,4,PTTP,78,0.868068232261967
50,4,2009,4,PTTP,80,0.868068232261967
50,4,2009,4,PTTP,82,1.15742430968262
50,4,2009,4,PTTP,84,0.289356077420656
50,4,2009,4,PTTP,86,0.578712154841312
50,4,2009,4,PTTP,88,0.868068232261967
50,4,2009,4,PTTP,90,0.868068232261967
50,4,2009,4,PTTP,92,0
50,4,2009,4,PTTP,94,0
50,4,2009,4,PTTP,96,0
50,4,2009,4,PTTP,98,0.289356077420656
50,4,2009,4,PTTP,100,0
50,4,2009,4,PTTP,102,0
50,4,2009,4,PTTP,104,0
50,4,2009,4,PTTP,106,0
50,4,2009,4,PTTP,108,0
50,4,2009,4,PTTP,110,0
50,4,2009,4,PTTP,112,0
50,4,2009,4,PTTP,114,0
50,4,2009,4,PTTP,116,0
50,4,2009,4,PTTP,118,0
50,4,2009,4,PTTP,120,0
50,4,2009,4,PTTP,122,0
50,4,2009,4,PTTP,124,0
50,4,2009,4,PTTP,126,0
50,4,2009,4,PTTP,128,0
50,4,2009,4,PTTP,130,0
50,4,2009,4,PTTP,132,0
50,4,2009,4,PTTP,134,0
50,4,2009,4,PTTP,136,0
50,4,2009,4,PTTP,138,0
50,4,2009,4,PTTP,140,0
50,4,2009,4,PTTP,142,0
50,4,2009,4,PTTP,144,0
50,4,2009,4,PTTP,146,0
50,4,2009,4,PTTP,148,0
50,4,2009,4,PTTP,150,0
50,4,2009,4,PTTP,152,0
50,4,2009,4,PTTP,154,0
50,4,2009,4,PTTP,156,0
50,4,2009,4,PTTP,158,0
50,4,2009,4,PTTP,160,0
50,4,2009,4,PTTP,162,0
50,4,2009,4,PTTP,164,0
50,4,2009,4,PTTP,166,0
50,4,2009,4,PTTP,168,0
50,4,2009,4,PTTP,170,0
50,4,2009,4,PTTP,172,0
50,4,2009,4,PTTP,174,0
50,4,2009,4,PTTP,176,0
50,4,2009,4,PTTP,178,0
50,4,2009,4,PTTP,180,0
50,4,2009,4,PTTP,182,0
50,4,2009,4,PTTP,184,0
50,4,2009,4,PTTP,186,0
50,4,2009,4,PTTP,188,0
50,4,2009,4,PTTP,190,0
50,4,2009,4,PTTP,192,0
50,4,2009,4,PTTP,194,0
50,4,2009,4,PTTP,196,0
50,4,2009,4,PTTP,198,0
51,4,2010,2,PTTP,10,0
51,4,2010,2,PTTP,12,0
51,4,2010,2,PTTP,14,0
51,4,2010,2,PTTP,16,0
51,4,2010,2,PTTP,18,0
51,4,2010,2,PTTP,20,0
51,4,2010,2,PTTP,22,0
51,4,2010,2,PTTP,24,0
51,4,2010,2,PTTP,26,0
51,4,2010,2,PTTP,28,0
51,4,2010,2,PTTP,30,0
51,4,2010,2,PTTP,32,0
51,4,2010,2,PTTP,34,0
51,4,2010,2,PTTP,36,1.53341756845175
51,4,2010,2,PTTP,38,49.069362190456
51,4,2010,2,PTTP,40,24.0235419057441
51,4,2010,2,PTTP,42,25.0458202847119
51,4,2010,2,PTTP,44,13.2896189265818
51,4,2010,2,PTTP,46,6.64480946329091
51,4,2010,2,PTTP,48,20.4455675793566
51,4,2010,2,PTTP,50,41.4022743481972
51,4,2010,2,PTTP,52,66.4480946329091
51,4,2010,2,PTTP,54,73.6040432856839
51,4,2010,2,PTTP,56,67.4703730118769
51,4,2010,2,PTTP,58,136.98530278169
51,4,2010,2,PTTP,60,151.808339276723
51,4,2010,2,PTTP,62,141.074416297561
51,4,2010,2,PTTP,64,120.628848718204
51,4,2010,2,PTTP,66,54.691893274779
51,4,2010,2,PTTP,68,52.6473365168434
51,4,2010,2,PTTP,70,44.4691094851007
51,4,2010,2,PTTP,72,32.2017689374867
51,4,2010,2,PTTP,74,15.8453148740014
51,4,2010,2,PTTP,76,7.66708784225874
51,4,2010,2,PTTP,78,7.66708784225874
51,4,2010,2,PTTP,80,4.08911351587133
51,4,2010,2,PTTP,82,3.0668351369035
51,4,2010,2,PTTP,84,3.57797432638741
51,4,2010,2,PTTP,86,0.511139189483916
51,4,2010,2,PTTP,88,0.511139189483916
51,4,2010,2,PTTP,90,0.511139189483916
51,4,2010,2,PTTP,92,0
51,4,2010,2,PTTP,94,0
51,4,2010,2,PTTP,96,0
51,4,2010,2,PTTP,98,0
51,4,2010,2,PTTP,100,0
51,4,2010,2,PTTP,102,0
51,4,2010,2,PTTP,104,0
51,4,2010,2,PTTP,106,0
51,4,2010,2,PTTP,108,0
51,4,2010,2,PTTP,110,0
51,4,2010,2,PTTP,112,0
51,4,2010,2,PTTP,114,0
51,4,2010,2,PTTP,116,0
51,4,2010,2,PTTP,118,0
51,4,2010,2,PTTP,120,0
51,4,2010,2,PTTP,122,0
51,4,2010,2,PTTP,124,0
51,4,2010,2,PTTP,126,0
51,4,2010,2,PTTP,128,0
51,4,2010,2,PTTP,130,0
51,4,2010,2,PTTP,132,0
51,4,2010,2,PTTP,134,0
51,4,2010,2,PTTP,136,0
51,4,2010,2,PTTP,138,0
51,4,2010,2,PTTP,140,0
51,4,2010,2,PTTP,142,0
51,4,2010,2,PTTP,144,0
51,4,2010,2,PTTP,146,0
51,4,2010,2,PTTP,148,0
51,4,2010,2,PTTP,150,0
51,4,2010,2,PTTP,152,0
51,4,2010,2,PTTP,154,0
51,4,2010,2,PTTP,156,0
51,4,2010,2,PTTP,158,0
51,4,2010,2,PTTP,160,0
51,4,2010,2,PTTP,162,0
51,4,2010,2,PTTP,164,0
51,4,2010,2,PTTP,166,0
51,4,2010,2,PTTP,168,0
51,4,2010,2,PTTP,170,0
51,4,2010,2,PTTP,172,0
51,4,2010,2,PTTP,174,0
51,4,2010,2,PTTP,176,0
51,4,2010,2,PTTP,178,0
51,4,2010,2,PTTP,180,0
51,4,2010,2,PTTP,182,0
51,4,2010,2,PTTP,184,0
51,4,2010,2,PTTP,186,0
51,4,2010,2,PTTP,188,0
51,4,2010,2,PTTP,190,0
51,4,2010,2,PTTP,192,0
51,4,2010,2,PTTP,194,0
51,4,2010,2,PTTP,196,0
51,4,2010,2,PTTP,198,0
52,4,2010,4,PTTP,10,0
52,4,2010,4,PTTP,12,0
52,4,2010,4,PTTP,14,0
52,4,2010,4,PTTP,16,0
52,4,2010,4,PTTP,18,0
52,4,2010,4,PTTP,20,0
52,4,2010,4,PTTP,22,0
52,4,2010,4,PTTP,24,0
52,4,2010,4,PTTP,26,0
52,4,2010,4,PTTP,28,0
52,4,2010,4,PTTP,30,0
52,4,2010,4,PTTP,32,0
52,4,2010,4,PTTP,34,0
52,4,2010,4,PTTP,36,0
52,4,2010,4,PTTP,38,1.82680318954651
52,4,2010,4,PTTP,40,6.26332522130232
52,4,2010,4,PTTP,42,35.4921762540465
52,4,2010,4,PTTP,44,153.190496037686
52,4,2010,4,PTTP,46,210.082366797849
52,4,2010,4,PTTP,48,169.370752859384
52,4,2010,4,PTTP,50,169.892696627825
52,4,2010,4,PTTP,52,136.749267331767
52,4,2010,4,PTTP,54,159.453821258988
52,4,2010,4,PTTP,56,133.878576605337
52,4,2010,4,PTTP,58,55.847983223279
52,4,2010,4,PTTP,60,27.9239916116395
52,4,2010,4,PTTP,62,17.7460881270232
52,4,2010,4,PTTP,64,12.0047066741628
52,4,2010,4,PTTP,66,9.13401594773255
52,4,2010,4,PTTP,68,5.48040956863953
52,4,2010,4,PTTP,70,5.2194376844186
52,4,2010,4,PTTP,72,8.87304406351162
52,4,2010,4,PTTP,74,12.5266504426046
52,4,2010,4,PTTP,76,10.9608191372791
52,4,2010,4,PTTP,78,10.6998472530581
52,4,2010,4,PTTP,80,16.4412287059186
52,4,2010,4,PTTP,82,13.8315098637093
52,4,2010,4,PTTP,84,10.6998472530581
52,4,2010,4,PTTP,86,11.4827629057209
52,4,2010,4,PTTP,88,6.52429710552325
52,4,2010,4,PTTP,90,7.8291565266279
52,4,2010,4,PTTP,92,5.2194376844186
52,4,2010,4,PTTP,94,5.2194376844186
52,4,2010,4,PTTP,96,1.56583130532558
52,4,2010,4,PTTP,98,2.34874695798837
52,4,2010,4,PTTP,100,1.82680318954651
52,4,2010,4,PTTP,102,0.26097188422093
52,4,2010,4,PTTP,104,1
52,4,2010,4,PTTP,106,1
52,4,2010,4,PTTP,108,0
52,4,2010,4,PTTP,110,0
52,4,2010,4,PTTP,112,0
52,4,2010,4,PTTP,114,0
52,4,2010,4,PTTP,116,0
52,4,2010,4,PTTP,118,0
52,4,2010,4,PTTP,120,0
52,4,2010,4,PTTP,122,0
52,4,2010,4,PTTP,124,0
52,4,2010,4,PTTP,126,0
52,4,2010,4,PTTP,128,0
52,4,2010,4,PTTP,130,0
52,4,2010,4,PTTP,132,0
52,4,2010,4,PTTP,134,0
52,4,2010,4,PTTP,136,0
52,4,2010,4,PTTP,138,0
52,4,2010,4,PTTP,140,0
52,4,2010,4,PTTP,142,0
52,4,2010,4,PTTP,144,0
52,4,2010,4,PTTP,146,0
52,4,2010,4,PTTP,148,0
52,4,2010,4,PTTP,150,0
52,4,2010,4,PTTP,152,0
52,4,2010,4,PTTP,154,0
52,4,2010,4,PTTP,156,0
52,4,2010,4,PTTP,158,0
52,4,2010,4,PTTP,160,0
52,4,2010,4,PTTP,162,0
52,4,2010,4,PTTP,164,0
52,4,2010,4,PTTP,166,0
52,4,2010,4,PTTP,168,0
52,4,2010,4,PTTP,170,0
52,4,2010,4,PTTP,172,0
52,4,2010,4,PTTP,174,0
52,4,2010,4,PTTP,176,0
52,4,2010,4,PTTP,178,0
52,4,2010,4,PTTP,180,0
52,4,2010,4,PTTP,182,0
52,4,2010,4,PTTP,184,0
52,4,2010,4,PTTP,186,0
52,4,2010,4,PTTP,188,0
52,4,2010,4,PTTP,190,0
52,4,2010,4,PTTP,192,0
52,4,2010,4,PTTP,194,0
52,4,2010,4,PTTP,196,0
52,4,2010,4,PTTP,198,0
53,4,2011,4,PTTP,10,0
53,4,2011,4,PTTP,12,0
53,4,2011,4,PTTP,14,0
53,4,2011,4,PTTP,16,0
53,4,2011,4,PTTP,18,0
53,4,2011,4,PTTP,20,0
53,4,2011,4,PTTP,22,0
53,4,2011,4,PTTP,24,0
53,4,2011,4,PTTP,26,0
53,4,2011,4,PTTP,28,0
53,4,2011,4,PTTP,30,0
53,4,2011,4,PTTP,32,0
53,4,2011,4,PTTP,34,0
53,4,2011,4,PTTP,36,13.6517941949113
53,4,2011,4,PTTP,38,58.1685143957088
53,4,2011,4,PTTP,40,76.5687587453718
53,4,2011,4,PTTP,42,68.2589709745562
53,4,2011,4,PTTP,44,103.27879086585
53,4,2011,4,PTTP,46,201.809131576949
53,4,2011,4,PTTP,48,119.898366407481
53,4,2011,4,PTTP,50,113.369247444698
53,4,2011,4,PTTP,52,115.743472522074
53,4,2011,4,PTTP,54,70.6331960519321
53,4,2011,4,PTTP,56,87.2527715935632
53,4,2011,4,PTTP,58,58.1685143957088
53,4,2011,4,PTTP,60,62.9169645504605
53,4,2011,4,PTTP,62,67.0718584358683
53,4,2011,4,PTTP,64,61.1362957424286
53,4,2011,4,PTTP,66,71.2267523212761
53,4,2011,4,PTTP,68,60.5427394730847
53,4,2011,4,PTTP,70,88.4398841322512
53,4,2011,4,PTTP,72,60.5427394730847
53,4,2011,4,PTTP,74,51.6393954329252
53,4,2011,4,PTTP,76,37.9876012380139
53,4,2011,4,PTTP,78,20.1809131576949
53,4,2011,4,PTTP,80,17.2131318109751
53,4,2011,4,PTTP,82,8.30978777081554
53,4,2011,4,PTTP,84,2.96778134671984
53,4,2011,4,PTTP,86,1.18711253868793
53,4,2011,4,PTTP,88,2.37422507737587
53,4,2011,4,PTTP,90,1
53,4,2011,4,PTTP,92,0
53,4,2011,4,PTTP,94,0
53,4,2011,4,PTTP,96,0
53,4,2011,4,PTTP,98,0
53,4,2011,4,PTTP,100,0
53,4,2011,4,PTTP,102,0
53,4,2011,4,PTTP,104,0
53,4,2011,4,PTTP,106,0
53,4,2011,4,PTTP,108,0
53,4,2011,4,PTTP,110,0
53,4,2011,4,PTTP,112,0
53,4,2011,4,PTTP,114,0
53,4,2011,4,PTTP,116,0
53,4,2011,4,PTTP,118,0
53,4,2011,4,PTTP,120,0
53,4,2011,4,PTTP,122,0
53,4,2011,4,PTTP,124,0
53,4,2011,4,PTTP,126,0
53,4,2011,4,PTTP,128,0
53,4,2011,4,PTTP,130,0
53,4,2011,4,PTTP,132,0
53,4,2011,4,PTTP,134,0
53,4,2011,4,PTTP,136,0
53,4,2011,4,PTTP,138,0
53,4,2011,4,PTTP,140,0
53,4,2011,4,PTTP,142,0
53,4,2011,4,PTTP,144,0
53,4,2011,4,PTTP,146,0
53,4,2011,4,PTTP,148,0
53,4,2011,4,PTTP,150,0
53,4,2011,4,PTTP,152,0
53,4,2011,4,PTTP,154,0
53,4,2011,4,PTTP,156,0
53,4,2011,4,PTTP,158,0
53,4,2011,4,PTTP,160,0
53,4,2011,4,PTTP,162,0
53,4,2011,4,PTTP,164,0
53,4,2011,4,PTTP,166,0
53,4,2011,4,PTTP,168,0
53,4,2011,4,PTTP,170,0
53,4,2011,4,PTTP,172,0
53,4,2011,4,PTTP,174,0
53,4,2011,4,PTTP,176,0
53,4,2011,4,PTTP,178,0
53,4,2011,4,PTTP,180,0
53,4,2011,4,PTTP,182,0
53,4,2011,4,PTTP,184,0
53,4,2011,4,PTTP,186,0
53,4,2011,4,PTTP,188,0
53,4,2011,4,PTTP,190,0
53,4,2011,4,PTTP,192,0
53,4,2011,4,PTTP,194,0
53,4,2011,4,PTTP,196,0
53,4,2011,4,PTTP,198,0
54,4,2012,3,PTTP,10,0
54,4,2012,3,PTTP,12,0
54,4,2012,3,PTTP,14,0
54,4,2012,3,PTTP,16,0
54,4,2012,3,PTTP,18,0
54,4,2012,3,PTTP,20,0
54,4,2012,3,PTTP,22,0
54,4,2012,3,PTTP,24,0
54,4,2012,3,PTTP,26,0
54,4,2012,3,PTTP,28,0
54,4,2012,3,PTTP,30,0
54,4,2012,3,PTTP,32,0
54,4,2012,3,PTTP,34,0
54,4,2012,3,PTTP,36,0
54,4,2012,3,PTTP,38,0
54,4,2012,3,PTTP,40,0
54,4,2012,3,PTTP,42,0
54,4,2012,3,PTTP,44,0.777231078347617
54,4,2012,3,PTTP,46,0
54,4,2012,3,PTTP,48,1.55446215669523
54,4,2012,3,PTTP,50,5
54,4,2012,3,PTTP,52,6.99507970512855
54,4,2012,3,PTTP,54,8.54954186182379
54,4,2012,3,PTTP,56,20.208008037038
54,4,2012,3,PTTP,58,13.2129283319095
54,4,2012,3,PTTP,60,14.7673904886047
54,4,2012,3,PTTP,62,13.2129283319095
54,4,2012,3,PTTP,64,10.8812350968666
54,4,2012,3,PTTP,66,6.99507970512855
54,4,2012,3,PTTP,68,1.55446215669523
54,4,2012,3,PTTP,70,5.44061754843332
54,4,2012,3,PTTP,72,1
54,4,2012,3,PTTP,74,1.55446215669523
54,4,2012,3,PTTP,76,0
54,4,2012,3,PTTP,78,1
54,4,2012,3,PTTP,80,0
54,4,2012,3,PTTP,82,0
54,4,2012,3,PTTP,84,0
54,4,2012,3,PTTP,86,0
54,4,2012,3,PTTP,88,0
54,4,2012,3,PTTP,90,0
54,4,2012,3,PTTP,92,0
54,4,2012,3,PTTP,94,0
54,4,2012,3,PTTP,96,0
54,4,2012,3,PTTP,98,0
54,4,2012,3,PTTP,100,0
54,4,2012,3,PTTP,102,0
54,4,2012,3,PTTP,104,0
54,4,2012,3,PTTP,106,0
54,4,2012,3,PTTP,108,0
54,4,2012,3,PTTP,110,0
54,4,2012,3,PTTP,112,0
54,4,2012,3,PTTP,114,0
54,4,2012,3,PTTP,116,0
54,4,2012,3,PTTP,118,0
54,4,2012,3,PTTP,120,0
54,4,2012,3,PTTP,122,0
54,4,2012,3,PTTP,124,0
54,4,2012,3,PTTP,126,0
54,4,2012,3,PTTP,128,0
54,4,2012,3,PTTP,130,0
54,4,2012,3,PTTP,132,0
54,4,2012,3,PTTP,134,0
54,4,2012,3,PTTP,136,0
54,4,2012,3,PTTP,138,0
54,4,2012,3,PTTP,140,0
54,4,2012,3,PTTP,142,0
54,4,2012,3,PTTP,144,0
54,4,2012,3,PTTP,146,0
54,4,2012,3,PTTP,148,0
54,4,2012,3,PTTP,150,0
54,4,2012,3,PTTP,152,0
54,4,2012,3,PTTP,154,0
54,4,2012,3,PTTP,156,0
54,4,2012,3,PTTP,158,0
54,4,2012,3,PTTP,160,0
54,4,2012,3,PTTP,162,0
54,4,2012,3,PTTP,164,0
54,4,2012,3,PTTP,166,0
54,4,2012,3,PTTP,168,0
54,4,2012,3,PTTP,170,0
54,4,2012,3,PTTP,172,0
54,4,2012,3,PTTP,174,0
54,4,2012,3,PTTP,176,0
54,4,2012,3,PTTP,178,0
54,4,2012,3,PTTP,180,0
54,4,2012,3,PTTP,182,0
54,4,2012,3,PTTP,184,0
54,4,2012,3,PTTP,186,0
54,4,2012,3,PTTP,188,0
54,4,2012,3,PTTP,190,0
54,4,2012,3,PTTP,192,0
54,4,2012,3,PTTP,194,0
54,4,2012,3,PTTP,196,0
54,4,2012,3,PTTP,198,0
55,4,2012,4,PTTP,10,0
55,4,2012,4,PTTP,12,0
55,4,2012,4,PTTP,14,0
55,4,2012,4,PTTP,16,0
55,4,2012,4,PTTP,18,0
55,4,2012,4,PTTP,20,0
55,4,2012,4,PTTP,22,0
55,4,2012,4,PTTP,24,0
55,4,2012,4,PTTP,26,0
55,4,2012,4,PTTP,28,0
55,4,2012,4,PTTP,30,0
55,4,2012,4,PTTP,32,0
55,4,2012,4,PTTP,34,0
55,4,2012,4,PTTP,36,0
55,4,2012,4,PTTP,38,2.16628999969829
55,4,2012,4,PTTP,40,4.64204999935349
55,4,2012,4,PTTP,42,30.0185899958192
55,4,2012,4,PTTP,44,55.0856599923281
55,4,2012,4,PTTP,46,83
55,4,2012,4,PTTP,48,82.937959988449
55,4,2012,4,PTTP,50,177.016839975346
55,4,2012,4,PTTP,52,282.855579960606
55,4,2012,4,PTTP,54,279
55,4,2012,4,PTTP,56,277.594589961339
55,4,2012,4,PTTP,58,181
55,4,2012,4,PTTP,60,124.097469982717
55,4,2012,4,PTTP,62,103.362979985604
55,4,2012,4,PTTP,64,69.0118099903885
55,4,2012,4,PTTP,66,49.5151999931039
55,4,2012,4,PTTP,68,26.9238899962502
55,4,2012,4,PTTP,70,16.4019099977157
55,4,2012,4,PTTP,72,6.80833999905178
55,4,2012,4,PTTP,74,3.09469999956899
55,4,2012,4,PTTP,76,0.928409999870697
55,4,2012,4,PTTP,78,0
55,4,2012,4,PTTP,80,0.309469999956899
55,4,2012,4,PTTP,82,0
55,4,2012,4,PTTP,84,0
55,4,2012,4,PTTP,86,0
55,4,2012,4,PTTP,88,0
55,4,2012,4,PTTP,90,0
55,4,2012,4,PTTP,92,0
55,4,2012,4,PTTP,94,0
55,4,2012,4,PTTP,96,0
55,4,2012,4,PTTP,98,0
55,4,2012,4,PTTP,100,0
55,4,2012,4,PTTP,102,0
55,4,2012,4,PTTP,104,0
55,4,2012,4,PTTP,106,0
55,4,2012,4,PTTP,108,0
55,4,2012,4,PTTP,110,0
55,4,2012,4,PTTP,112,0
55,4,2012,4,PTTP,114,0
55,4,2012,4,PTTP,116,0
55,4,2012,4,PTTP,118,0
55,4,2012,4,PTTP,120,0
55,4,2012,4,PTTP,122,0
55,4,2012,4,PTTP,124,0
55,4,2012,4,PTTP,126,0
55,4,2012,4,PTTP,128,0
55,4,2012,4,PTTP,130,0
55,4,2012,4,PTTP,132,0
55,4,2012,4,PTTP,134,0
55,4,2012,4,PTTP,136,0
55,4,2012,4,PTTP,138,0
55,4,2012,4,PTTP,140,0
55,4,2012,4,PTTP,142,0
55,4,2012,4,PTTP,144,0
55,4,2012,4,PTTP,146,0
55,4,2012,4,PTTP,148,0
55,4,2012,4,PTTP,150,0
55,4,2012,4,PTTP,152,0
55,4,2012,4,PTTP,154,0
55,4,2012,4,PTTP,156,0
55,4,2012,4,PTTP,158,0
55,4,2012,4,PTTP,160,0
55,4,2012,4,PTTP,162,0
55,4,2012,4,PTTP,164,0
55,4,2012,4,PTTP,166,0
55,4,2012,4,PTTP,168,0
55,4,2012,4,PTTP,170,0
55,4,2012,4,PTTP,172,0
55,4,2012,4,PTTP,174,0
55,4,2012,4,PTTP,176,0
55,4,2012,4,PTTP,178,0
55,4,2012,4,PTTP,180,0
55,4,2012,4,PTTP,182,0
55,4,2012,4,PTTP,184,0
55,4,2012,4,PTTP,186,0
55,4,2012,4,PTTP,188,0
55,4,2012,4,PTTP,190,0
55,4,2012,4,PTTP,192,0
55,4,2012,4,PTTP,194,0
55,4,2012,4,PTTP,196,0
55,4,2012,4,PTTP,198,0
56,4,2013,4,PTTP,10,0
56,4,2013,4,PTTP,12,0
56,4,2013,4,PTTP,14,0
56,4,2013,4,PTTP,16,0
56,4,2013,4,PTTP,18,0
56,4,2013,4,PTTP,20,0
56,4,2013,4,PTTP,22,0
56,4,2013,4,PTTP,24,0
56,4,2013,4,PTTP,26,0
56,4,2013,4,PTTP,28,0
56,4,2013,4,PTTP,30,0
56,4,2013,4,PTTP,32,0
56,4,2013,4,PTTP,34,3.18937141533673
56,4,2013,4,PTTP,36,6.37874283067346
56,4,2013,4,PTTP,38,5.18272854992219
56,4,2013,4,PTTP,40,33.0897284341186
56,4,2013,4,PTTP,42,171.428713574349
56,4,2013,4,PTTP,44,274.684613145876
56,4,2013,4,PTTP,46,268.704541742119
56,4,2013,4,PTTP,48,142.325699409402
56,4,2013,4,PTTP,50,126.777513759635
56,4,2013,4,PTTP,52,103.255899571527
56,4,2013,4,PTTP,54,43.85385696088
56,4,2013,4,PTTP,56,31.8937141533673
56,4,2013,4,PTTP,58,15.5481856497666
56,4,2013,4,PTTP,60,16.3455285036007
56,4,2013,4,PTTP,62,13.9534999420982
56,4,2013,4,PTTP,64,10.7641285267615
56,4,2013,4,PTTP,66,6.37874283067346
56,4,2013,4,PTTP,68,9.96678567292728
56,4,2013,4,PTTP,70,30.697699872616
56,4,2013,4,PTTP,72,60.1993854644808
56,4,2013,4,PTTP,74,60.1993854644808
56,4,2013,4,PTTP,76,40.2658141186262
56,4,2013,4,PTTP,78,29.9003570187818
56,4,2013,4,PTTP,80,28.7043427380306
56,4,2013,4,PTTP,82,25.5149713226938
56,4,2013,4,PTTP,84,25.9136427496109
56,4,2013,4,PTTP,86,31.8937141533673
56,4,2013,4,PTTP,88,21.1295856266058
56,4,2013,4,PTTP,90,18.7375570651033
56,4,2013,4,PTTP,92,15.9468570766836
56,4,2013,4,PTTP,94,4.385385696088
56,4,2013,4,PTTP,96,1.99335713458546
56,4,2013,4,PTTP,98,1.59468570766836
56,4,2013,4,PTTP,100,0
56,4,2013,4,PTTP,102,0.398671426917091
56,4,2013,4,PTTP,104,0
56,4,2013,4,PTTP,106,0
56,4,2013,4,PTTP,108,0
56,4,2013,4,PTTP,110,0
56,4,2013,4,PTTP,112,0
56,4,2013,4,PTTP,114,0
56,4,2013,4,PTTP,116,0
56,4,2013,4,PTTP,118,0
56,4,2013,4,PTTP,120,0
56,4,2013,4,PTTP,122,0
56,4,2013,4,PTTP,124,0
56,4,2013,4,PTTP,126,0
56,4,2013,4,PTTP,128,0
56,4,2013,4,PTTP,130,0
56,4,2013,4,PTTP,132,0
56,4,2013,4,PTTP,134,0
56,4,2013,4,PTTP,136,0
56,4,2013,4,PTTP,138,0
56,4,2013,4,PTTP,140,0
56,4,2013,4,PTTP,142,0
56,4,2013,4,PTTP,144,0
56,4,2013,4,PTTP,146,0
56,4,2013,4,PTTP,148,0
56,4,2013,4,PTTP,150,0
56,4,2013,4,PTTP,152,0
56,4,2013,4,PTTP,154,0
56,4,2013,4,PTTP,156,0
56,4,2013,4,PTTP,158,0
56,4,2013,4,PTTP,160,0
56,4,2013,4,PTTP,162,0
56,4,2013,4,PTTP,164,0
56,4,2013,4,PTTP,166,0
56,4,2013,4,PTTP,168,0
56,4,2013,4,PTTP,170,0
56,4,2013,4,PTTP,172,0
56,4,2013,4,PTTP,174,0
56,4,2013,4,PTTP,176,0
56,4,2013,4,PTTP,178,0
56,4,2013,4,PTTP,180,0
56,4,2013,4,PTTP,182,0
56,4,2013,4,PTTP,184,0
56,4,2013,4,PTTP,186,0
56,4,2013,4,PTTP,188,0
56,4,2013,4,PTTP,190,0
56,4,2013,4,PTTP,192,0
56,4,2013,4,PTTP,194,0
56,4,2013,4,PTTP,196,0
56,4,2013,4,PTTP,198,0
57,4,2015,3,PTTP,10,0
57,4,2015,3,PTTP,12,0
57,4,2015,3,PTTP,14,0
57,4,2015,3,PTTP,16,0
57,4,2015,3,PTTP,18,0
57,4,2015,3,PTTP,20,0
57,4,2015,3,PTTP,22,0
57,4,2015,3,PTTP,24,0
57,4,2015,3,PTTP,26,0
57,4,2015,3,PTTP,28,0
57,4,2015,3,PTTP,30,0
57,4,2015,3,PTTP,32,0
57,4,2015,3,PTTP,34,0.907648137918072
57,4,2015,3,PTTP,36,4.9920647585494
57,4,2015,3,PTTP,38,7.26118510334458
57,4,2015,3,PTTP,40,10.8917776550169
57,4,2015,3,PTTP,42,15.8838424135663
57,4,2015,3,PTTP,44,30.8600366892144
57,4,2015,3,PTTP,46,32.2215088960916
57,4,2015,3,PTTP,48,27.6832682065012
57,4,2015,3,PTTP,50,43.1132865511084
57,4,2015,3,PTTP,52,30.4062126202554
57,4,2015,3,PTTP,54,37.213573654641
57,4,2015,3,PTTP,56,26.7756200685831
57,4,2015,3,PTTP,58,25.414147861706
57,4,2015,3,PTTP,60,19.9682590341976
57,4,2015,3,PTTP,62,9.98412951709879
57,4,2015,3,PTTP,64,10.4379535860578
57,4,2015,3,PTTP,66,3.17676848271325
57,4,2015,3,PTTP,68,5.44588882750843
57,4,2015,3,PTTP,70,2.72294441375422
57,4,2015,3,PTTP,72,0.907648137918072
57,4,2015,3,PTTP,74,1.81529627583614
57,4,2015,3,PTTP,76,0.907648137918072
57,4,2015,3,PTTP,78,0.907648137918072
57,4,2015,3,PTTP,80,0.907648137918072
57,4,2015,3,PTTP,82,0.453824068959036
57,4,2015,3,PTTP,84,0.907648137918072
57,4,2015,3,PTTP,86,0
57,4,2015,3,PTTP,88,0
57,4,2015,3,PTTP,90,0
57,4,2015,3,PTTP,92,0.453824068959036
57,4,2015,3,PTTP,94,0
57,4,2015,3,PTTP,96,0
57,4,2015,3,PTTP,98,0
57,4,2015,3,PTTP,100,0
57,4,2015,3,PTTP,102,0
57,4,2015,3,PTTP,104,0
57,4,2015,3,PTTP,106,0
57,4,2015,3,PTTP,108,0
57,4,2015,3,PTTP,110,0
57,4,2015,3,PTTP,112,0
57,4,2015,3,PTTP,114,0
57,4,2015,3,PTTP,116,0
57,4,2015,3,PTTP,118,0
57,4,2015,3,PTTP,120,0
57,4,2015,3,PTTP,122,0
57,4,2015,3,PTTP,124,0
57,4,2015,3,PTTP,126,0
57,4,2015,3,PTTP,128,0
57,4,2015,3,PTTP,130,0
57,4,2015,3,PTTP,132,0
57,4,2015,3,PTTP,134,0
57,4,2015,3,PTTP,136,0
57,4,2015,3,PTTP,138,0
57,4,2015,3,PTTP,140,0
57,4,2015,3,PTTP,142,0
57,4,2015,3,PTTP,144,0
57,4,2015,3,PTTP,146,0
57,4,2015,3,PTTP,148,0
57,4,2015,3,PTTP,150,0
57,4,2015,3,PTTP,152,0
57,4,2015,3,PTTP,154,0
57,4,2015,3,PTTP,156,0
57,4,2015,3,PTTP,158,0
57,4,2015,3,PTTP,160,0
57,4,2015,3,PTTP,162,0
57,4,2015,3,PTTP,164,0
57,4,2015,3,PTTP,166,0
57,4,2015,3,PTTP,168,0
57,4,2015,3,PTTP,170,0
57,4,2015,3,PTTP,172,0
57,4,2015,3,PTTP,174,0
57,4,2015,3,PTTP,176,0
57,4,2015,3,PTTP,178,0
57,4,2015,3,PTTP,180,0
57,4,2015,3,PTTP,182,0
57,4,2015,3,PTTP,184,0
57,4,2015,3,PTTP,186,0
57,4,2015,3,PTTP,188,0
57,4,2015,3,PTTP,190,0
57,4,2015,3,PTTP,192,0
57,4,2015,3,PTTP,194,0
57,4,2015,3,PTTP,196,0
57,4,2015,3,PTTP,198,0
58,4,2015,4,PTTP,10,0
58,4,2015,4,PTTP,12,0
58,4,2015,4,PTTP,14,0
58,4,2015,4,PTTP,16,0
58,4,2015,4,PTTP,18,0
58,4,2015,4,PTTP,20,0
58,4,2015,4,PTTP,22,0
58,4,2015,4,PTTP,24,0
58,4,2015,4,PTTP,26,0
58,4,2015,4,PTTP,28,0
58,4,2015,4,PTTP,30,0
58,4,2015,4,PTTP,32,0.493923204046916
58,4,2015,4,PTTP,34,2.96353922428149
58,4,2015,4,PTTP,36,0.987846408093831
58,4,2015,4,PTTP,38,17.287312141642
58,4,2015,4,PTTP,40,27.6596994266273
58,4,2015,4,PTTP,42,21.7326209780643
58,4,2015,4,PTTP,44,23.214390590205
58,4,2015,4,PTTP,46,25.1900834063927
58,4,2015,4,PTTP,48,19.2630049578297
58,4,2015,4,PTTP,50,40.5017027318471
58,4,2015,4,PTTP,52,29.6353922428149
58,4,2015,4,PTTP,54,69.1492485665682
58,4,2015,4,PTTP,56,84.9547910960695
58,4,2015,4,PTTP,58,57.7890148734891
58,4,2015,4,PTTP,60,26.6718530185334
58,4,2015,4,PTTP,62,15.3116193254544
58,4,2015,4,PTTP,64,5.92707844856299
58,4,2015,4,PTTP,66,2.46961602023458
58,4,2015,4,PTTP,68,0.987846408093831
58,4,2015,4,PTTP,70,0
58,4,2015,4,PTTP,72,0
58,4,2015,4,PTTP,74,0
58,4,2015,4,PTTP,76,1
58,4,2015,4,PTTP,78,0
58,4,2015,4,PTTP,80,0.987846408093831
58,4,2015,4,PTTP,82,1
58,4,2015,4,PTTP,84,0.493923204046916
58,4,2015,4,PTTP,86,0
58,4,2015,4,PTTP,88,0
58,4,2015,4,PTTP,90,0
58,4,2015,4,PTTP,92,0
58,4,2015,4,PTTP,94,0
58,4,2015,4,PTTP,96,0
58,4,2015,4,PTTP,98,0
58,4,2015,4,PTTP,100,0
58,4,2015,4,PTTP,102,0
58,4,2015,4,PTTP,104,0
58,4,2015,4,PTTP,106,0
58,4,2015,4,PTTP,108,0
58,4,2015,4,PTTP,110,0
58,4,2015,4,PTTP,112,0
58,4,2015,4,PTTP,114,0
58,4,2015,4,PTTP,116,0
58,4,2015,4,PTTP,118,0
58,4,2015,4,PTTP,120,0
58,4,2015,4,PTTP,122,0
58,4,2015,4,PTTP,124,0
58,4,2015,4,PTTP,126,0
58,4,2015,4,PTTP,128,0
58,4,2015,4,PTTP,130,0
58,4,2015,4,PTTP,132,0
58,4,2015,4,PTTP,134,0
58,4,2015,4,PTTP,136,0
58,4,2015,4,PTTP,138,0
58,4,2015,4,PTTP,140,0
58,4,2015,4,PTTP,142,0
58,4,2015,4,PTTP,144,0
58,4,2015,4,PTTP,146,0
58,4,2015,4,PTTP,148,0
58,4,2015,4,PTTP,150,0
58,4,2015,4,PTTP,152,0
58,4,2015,4,PTTP,154,0
58,4,2015,4,PTTP,156,0
58,4,2015,4,PTTP,158,0
58,4,2015,4,PTTP,160,0
58,4,2015,4,PTTP,162,0
58,4,2015,4,PTTP,164,0
58,4,2015,4,PTTP,166,0
58,4,2015,4,PTTP,168,0
58,4,2015,4,PTTP,170,0
58,4,2015,4,PTTP,172,0
58,4,2015,4,PTTP,174,0
58,4,2015,4,PTTP,176,0
58,4,2015,4,PTTP,178,0
58,4,2015,4,PTTP,180,0
58,4,2015,4,PTTP,182,0
58,4,2015,4,PTTP,184,0
58,4,2015,4,PTTP,186,0
58,4,2015,4,PTTP,188,0
58,4,2015,4,PTTP,190,0
58,4,2015,4,PTTP,192,0
58,4,2015,4,PTTP,194,0
58,4,2015,4,PTTP,196,0
58,4,2015,4,PTTP,198,0
59,4,2020,3,PTTP,10,0
59,4,2020,3,PTTP,12,0
59,4,2020,3,PTTP,14,0
59,4,2020,3,PTTP,16,0
59,4,2020,3,PTTP,18,0
59,4,2020,3,PTTP,20,0
59,4,2020,3,PTTP,22,0
59,4,2020,3,PTTP,24,0
59,4,2020,3,PTTP,26,0
59,4,2020,3,PTTP,28,0
59,4,2020,3,PTTP,30,10.0252954060461
59,4,2020,3,PTTP,32,8.02023632483689
59,4,2020,3,PTTP,34,25.0632385151153
59,4,2020,3,PTTP,36,61.1543019768813
59,4,2020,3,PTTP,38,116.794691480437
59,4,2020,3,PTTP,40,201.007172891225
59,4,2020,3,PTTP,42,188.475553633667
59,4,2020,3,PTTP,44,180.45531730883
59,4,2020,3,PTTP,46,153.888284482808
59,4,2020,3,PTTP,48,140.354135684646
59,4,2020,3,PTTP,50,106.268131304089
59,4,2020,3,PTTP,52,107.771925614996
59,4,2020,3,PTTP,54,84.7137461810896
59,4,2020,3,PTTP,56,57.1441838144628
59,4,2020,3,PTTP,58,25.0632385151153
59,4,2020,3,PTTP,60,12.0303544872553
59,4,2020,3,PTTP,62,8.02023632483689
59,4,2020,3,PTTP,64,9.0227658654415
59,4,2020,3,PTTP,66,6.01517724362767
59,4,2020,3,PTTP,68,9.52403063574381
59,4,2020,3,PTTP,70,23.5594442042084
59,4,2020,3,PTTP,72,13.0328840278599
59,4,2020,3,PTTP,74,12.5316192575576
59,4,2020,3,PTTP,76,7.01770678423228
59,4,2020,3,PTTP,78,8.02023632483689
59,4,2020,3,PTTP,80,7.01770678423228
59,4,2020,3,PTTP,82,8.52150109513919
59,4,2020,3,PTTP,84,10.5265601763484
59,4,2020,3,PTTP,86,9.0227658654415
59,4,2020,3,PTTP,88,25.5645032854176
59,4,2020,3,PTTP,90,41.1037111647891
59,4,2020,3,PTTP,92,85.2150109513919
59,4,2020,3,PTTP,94,67.1694792205089
59,4,2020,3,PTTP,96,35.0885339211614
59,4,2020,3,PTTP,98,12.5316192575576
59,4,2020,3,PTTP,100,6.01517724362767
59,4,2020,3,PTTP,102,3.00758862181383
59,4,2020,3,PTTP,104,1.50379431090692
59,4,2020,3,PTTP,106,1.50379431090692
59,4,2020,3,PTTP,108,2.50632385151153
59,4,2020,3,PTTP,110,1.00252954060461
59,4,2020,3,PTTP,112,0.501264770302306
59,4,2020,3,PTTP,114,0
59,4,2020,3,PTTP,116,0
59,4,2020,3,PTTP,118,0
59,4,2020,3,PTTP,120,0
59,4,2020,3,PTTP,122,0
59,4,2020,3,PTTP,124,0
59,4,2020,3,PTTP,126,0
59,4,2020,3,PTTP,128,0
59,4,2020,3,PTTP,130,0
59,4,2020,3,PTTP,132,0
59,4,2020,3,PTTP,134,0
59,4,2020,3,PTTP,136,0
59,4,2020,3,PTTP,138,0
59,4,2020,3,PTTP,140,0
59,4,2020,3,PTTP,142,0
59,4,2020,3,PTTP,144,0
59,4,2020,3,PTTP,146,0
59,4,2020,3,PTTP,148,0
59,4,2020,3,PTTP,150,0
59,4,2020,3,PTTP,152,0
59,4,2020,3,PTTP,154,0
59,4,2020,3,PTTP,156,0
59,4,2020,3,PTTP,158,0
59,4,2020,3,PTTP,160,0
59,4,2020,3,PTTP,162,0
59,4,2020,3,PTTP,164,0
59,4,2020,3,PTTP,166,0
59,4,2020,3,PTTP,168,0
59,4,2020,3,PTTP,170,0
59,4,2020,3,PTTP,172,0
59,4,2020,3,PTTP,174,0
59,4,2020,3,PTTP,176,0
59,4,2020,3,PTTP,178,0
59,4,2020,3,PTTP,180,0
59,4,2020,3,PTTP,182,0
59,4,2020,3,PTTP,184,0
59,4,2020,3,PTTP,186,0
59,4,2020,3,PTTP,188,0
59,4,2020,3,PTTP,190,0
59,4,2020,3,PTTP,192,0
59,4,2020,3,PTTP,194,0
59,4,2020,3,PTTP,196,0
59,4,2020,3,PTTP,198,0
60,4,2021,3,PTTP,10,0
60,4,2021,3,PTTP,12,0
60,4,2021,3,PTTP,14,0
60,4,2021,3,PTTP,16,0
60,4,2021,3,PTTP,18,0
60,4,2021,3,PTTP,20,0
60,4,2021,3,PTTP,22,0
60,4,2021,3,PTTP,24,0
60,4,2021,3,PTTP,26,0
60,4,2021,3,PTTP,28,0
60,4,2021,3,PTTP,30,0
60,4,2021,3,PTTP,32,0.53825627751434
60,4,2021,3,PTTP,34,4.30605022011472
60,4,2021,3,PTTP,36,27.9893264307457
60,4,2021,3,PTTP,38,54.9021403064627
60,4,2021,3,PTTP,40,143.176169818814
60,4,2021,3,PTTP,42,61.8994719141491
60,4,2021,3,PTTP,44,7.53558788520076
60,4,2021,3,PTTP,46,39.2927082585468
60,4,2021,3,PTTP,48,73.7411100194646
60,4,2021,3,PTTP,50,81.8149541821797
60,4,2021,3,PTTP,52,237.371018383824
60,4,2021,3,PTTP,54,276.663726642371
60,4,2021,3,PTTP,56,287.428852192658
60,4,2021,3,PTTP,58,239.524043493881
60,4,2021,3,PTTP,60,231.450199331166
60,4,2021,3,PTTP,62,383.776725867725
60,4,2021,3,PTTP,64,429.528509456443
60,4,2021,3,PTTP,66,301.42351540803
60,4,2021,3,PTTP,68,191.619234795105
60,4,2021,3,PTTP,70,91.5035671774378
60,4,2021,3,PTTP,72,56.5169091390057
60,4,2021,3,PTTP,74,40.3692208135755
60,4,2021,3,PTTP,76,20.4537385455449
60,4,2021,3,PTTP,78,13.4564069378585
60,4,2021,3,PTTP,80,8.61210044022944
60,4,2021,3,PTTP,82,8.0738441627151
60,4,2021,3,PTTP,84,3.22953766508604
60,4,2021,3,PTTP,86,3.76779394260038
60,4,2021,3,PTTP,88,0.53825627751434
60,4,2021,3,PTTP,90,0.53825627751434
60,4,2021,3,PTTP,92,1.07651255502868
60,4,2021,3,PTTP,94,1.07651255502868
60,4,2021,3,PTTP,96,0.53825627751434
60,4,2021,3,PTTP,98,0.53825627751434
60,4,2021,3,PTTP,100,0
60,4,2021,3,PTTP,102,0
60,4,2021,3,PTTP,104,0
60,4,2021,3,PTTP,106,0.53825627751434
60,4,2021,3,PTTP,108,0
60,4,2021,3,PTTP,110,0
60,4,2021,3,PTTP,112,0
60,4,2021,3,PTTP,114,0
60,4,2021,3,PTTP,116,0
60,4,2021,3,PTTP,118,0
60,4,2021,3,PTTP,120,0
60,4,2021,3,PTTP,122,0
60,4,2021,3,PTTP,124,0
60,4,2021,3,PTTP,126,0
60,4,2021,3,PTTP,128,0
60,4,2021,3,PTTP,130,0
60,4,2021,3,PTTP,132,0
60,4,2021,3,PTTP,134,0
60,4,2021,3,PTTP,136,0
60,4,2021,3,PTTP,138,0
60,4,2021,3,PTTP,140,0
60,4,2021,3,PTTP,142,0
60,4,2021,3,PTTP,144,0
60,4,2021,3,PTTP,146,0
60,4,2021,3,PTTP,148,0
60,4,2021,3,PTTP,150,0
60,4,2021,3,PTTP,152,0
60,4,2021,3,PTTP,154,0
60,4,2021,3,PTTP,156,0
60,4,2021,3,PTTP,158,0
60,4,2021,3,PTTP,160,0
60,4,2021,3,PTTP,162,0
60,4,2021,3,PTTP,164,0
60,4,2021,3,PTTP,166,0
60,4,2021,3,PTTP,168,0
60,4,2021,3,PTTP,170,0
60,4,2021,3,PTTP,172,0
60,4,2021,3,PTTP,174,0
60,4,2021,3,PTTP,176,0
60,4,2021,3,PTTP,178,0
60,4,2021,3,PTTP,180,0
60,4,2021,3,PTTP,182,0
60,4,2021,3,PTTP,184,0
60,4,2021,3,PTTP,186,0
60,4,2021,3,PTTP,188,0
60,4,2021,3,PTTP,190,0
60,4,2021,3,PTTP,192,0
60,4,2021,3,PTTP,194,0
60,4,2021,3,PTTP,196,0
60,4,2021,3,PTTP,198,0
61,5,2009,1,PTTP,10,0
61,5,2009,1,PTTP,12,0
61,5,2009,1,PTTP,14,0
61,5,2009,1,PTTP,16,0
61,5,2009,1,PTTP,18,0
61,5,2009,1,PTTP,20,0
61,5,2009,1,PTTP,22,0
61,5,2009,1,PTTP,24,0
61,5,2009,1,PTTP,26,0
61,5,2009,1,PTTP,28,0
61,5,2009,1,PTTP,30,0
61,5,2009,1,PTTP,32,1.36797627136625
61,5,2009,1,PTTP,34,1.36797627136625
61,5,2009,1,PTTP,36,0.683988135683125
61,5,2009,1,PTTP,38,1.36797627136625
61,5,2009,1,PTTP,40,1.36797627136625
61,5,2009,1,PTTP,42,3.41994067841563
61,5,2009,1,PTTP,44,2.05196440704938
61,5,2009,1,PTTP,46,3.41994067841563
61,5,2009,1,PTTP,48,5.471905085465
61,5,2009,1,PTTP,50,3.41994067841563
61,5,2009,1,PTTP,52,0
61,5,2009,1,PTTP,54,0
61,5,2009,1,PTTP,56,0
61,5,2009,1,PTTP,58,0.683988135683125
61,5,2009,1,PTTP,60,0.683988135683125
61,5,2009,1,PTTP,62,0
61,5,2009,1,PTTP,64,1
61,5,2009,1,PTTP,66,0.683988135683125
61,5,2009,1,PTTP,68,0.683988135683125
61,5,2009,1,PTTP,70,0
61,5,2009,1,PTTP,72,0
61,5,2009,1,PTTP,74,0
61,5,2009,1,PTTP,76,0
61,5,2009,1,PTTP,78,0
61,5,2009,1,PTTP,80,0
61,5,2009,1,PTTP,82,0
61,5,2009,1,PTTP,84,0
61,5,2009,1,PTTP,86,0
61,5,2009,1,PTTP,88,0
61,5,2009,1,PTTP,90,0
61,5,2009,1,PTTP,92,0
61,5,2009,1,PTTP,94,0
61,5,2009,1,PTTP,96,0
61,5,2009,1,PTTP,98,0
61,5,2009,1,PTTP,100,0
61,5,2009,1,PTTP,102,0
61,5,2009,1,PTTP,104,0
61,5,2009,1,PTTP,106,0
61,5,2009,1,PTTP,108,0
61,5,2009,1,PTTP,110,0
61,5,2009,1,PTTP,112,0
61,5,2009,1,PTTP,114,0
61,5,2009,1,PTTP,116,0
61,5,2009,1,PTTP,118,0
61,5,2009,1,PTTP,120,0
61,5,2009,1,PTTP,122,0
61,5,2009,1,PTTP,124,0
61,5,2009,1,PTTP,126,0
61,5,2009,1,PTTP,128,0
61,5,2009,1,PTTP,130,0
61,5,2009,1,PTTP,132,0
61,5,2009,1,PTTP,134,0
61,5,2009,1,PTTP,136,0
61,5,2009,1,PTTP,138,0
61,5,2009,1,PTTP,140,0
61,5,2009,1,PTTP,142,0
61,5,2009,1,PTTP,144,0
61,5,2009,1,PTTP,146,0
61,5,2009,1,PTTP,148,0
61,5,2009,1,PTTP,150,0
61,5,2009,1,PTTP,152,0
61,5,2009,1,PTTP,154,0
61,5,2009,1,PTTP,156,0
61,5,2009,1,PTTP,158,0
61,5,2009,1,PTTP,160,0
61,5,2009,1,PTTP,162,0
61,5,2009,1,PTTP,164,0
61,5,2009,1,PTTP,166,0
61,5,2009,1,PTTP,168,0
61,5,2009,1,PTTP,170,0
61,5,2009,1,PTTP,172,0
61,5,2009,1,PTTP,174,0
61,5,2009,1,PTTP,176,0
61,5,2009,1,PTTP,178,0
61,5,2009,1,PTTP,180,0
61,5,2009,1,PTTP,182,0
61,5,2009,1,PTTP,184,0
61,5,2009,1,PTTP,186,0
61,5,2009,1,PTTP,188,0
61,5,2009,1,PTTP,190,0
61,5,2009,1,PTTP,192,0
61,5,2009,1,PTTP,194,0
61,5,2009,1,PTTP,196,0
61,5,2009,1,PTTP,198,0
62,1,2000,2,JPTP,10,0
62,1,2000,2,JPTP,12,0
62,1,2000,2,JPTP,14,0
62,1,2000,2,JPTP,16,0
62,1,2000,2,JPTP,18,0
62,1,2000,2,JPTP,20,0
62,1,2000,2,JPTP,22,0
62,1,2000,2,JPTP,24,0
62,1,2000,2,JPTP,26,2.88957429252066
62,1,2000,2,JPTP,28,1.44478714626033
62,1,2000,2,JPTP,30,0.722393573130164
62,1,2000,2,JPTP,32,1.44478714626033
62,1,2000,2,JPTP,34,0
62,1,2000,2,JPTP,36,2.16718071939049
62,1,2000,2,JPTP,38,0
62,1,2000,2,JPTP,40,1.44478714626033
62,1,2000,2,JPTP,42,13.003084316343
62,1,2000,2,JPTP,44,50.5675501191115
62,1,2000,2,JPTP,46,57.7914858504131
62,1,2000,2,JPTP,48,33.9524979371177
62,1,2000,2,JPTP,50,33.2301043639876
62,1,2000,2,JPTP,52,46.2331886803305
62,1,2000,2,JPTP,54,17.3374457551239
62,1,2000,2,JPTP,56,3.61196786565082
62,1,2000,2,JPTP,58,2.88957429252066
62,1,2000,2,JPTP,60,2.88957429252066
62,1,2000,2,JPTP,62,0.722393573130164
62,1,2000,2,JPTP,64,0
62,1,2000,2,JPTP,66,1.44478714626033
62,1,2000,2,JPTP,68,1
62,1,2000,2,JPTP,70,0
62,1,2000,2,JPTP,72,0
62,1,2000,2,JPTP,74,0.722393573130164
62,1,2000,2,JPTP,76,0
62,1,2000,2,JPTP,78,0
62,1,2000,2,JPTP,80,0
62,1,2000,2,JPTP,82,0
62,1,2000,2,JPTP,84,0
62,1,2000,2,JPTP,86,0
62,1,2000,2,JPTP,88,0
62,1,2000,2,JPTP,90,0
62,1,2000,2,JPTP,92,0
62,1,2000,2,JPTP,94,0
62,1,2000,2,JPTP,96,0
62,1,2000,2,JPTP,98,0
62,1,2000,2,JPTP,100,0
62,1,2000,2,JPTP,102,0
62,1,2000,2,JPTP,104,0
62,1,2000,2,JPTP,106,0
62,1,2000,2,JPTP,108,0
62,1,2000,2,JPTP,110,0
62,1,2000,2,JPTP,112,0
62,1,2000,2,JPTP,114,0
62,1,2000,2,JPTP,116,0
62,1,2000,2,JPTP,118,0
62,1,2000,2,JPTP,120,0
62,1,2000,2,JPTP,122,0
62,1,2000,2,JPTP,124,0
62,1,2000,2,JPTP,126,0
62,1,2000,2,JPTP,128,0
62,1,2000,2,JPTP,130,0
62,1,2000,2,JPTP,132,0
62,1,2000,2,JPTP,134,0
62,1,2000,2,JPTP,136,0
62,1,2000,2,JPTP,138,0
62,1,2000,2,JPTP,140,0
62,1,2000,2,JPTP,142,0
62,1,2000,2,JPTP,144,0
62,1,2000,2,JPTP,146,0
62,1,2000,2,JPTP,148,0
62,1,2000,2,JPTP,150,0
62,1,2000,2,JPTP,152,0
62,1,2000,2,JPTP,154,0
62,1,2000,2,JPTP,156,0
62,1,2000,2,JPTP,158,0
62,1,2000,2,JPTP,160,0
62,1,2000,2,JPTP,162,0
62,1,2000,2,JPTP,164,0
62,1,2000,2,JPTP,166,0
62,1,2000,2,JPTP,168,0
62,1,2000,2,JPTP,170,0
62,1,2000,2,JPTP,172,0
62,1,2000,2,JPTP,174,0
62,1,2000,2,JPTP,176,0
62,1,2000,2,JPTP,178,0
62,1,2000,2,JPTP,180,0
62,1,2000,2,JPTP,182,0
62,1,2000,2,JPTP,184,0
62,1,2000,2,JPTP,186,0
62,1,2000,2,JPTP,188,0
62,1,2000,2,JPTP,190,0
62,1,2000,2,JPTP,192,0
62,1,2000,2,JPTP,194,0
62,1,2000,2,JPTP,196,0
62,1,2000,2,JPTP,198,0
63,1,2000,4,JPTP,10,0
63,1,2000,4,JPTP,12,0
63,1,2000,4,JPTP,14,0
63,1,2000,4,JPTP,16,0
63,1,2000,4,JPTP,18,0
63,1,2000,4,JPTP,20,0
63,1,2000,4,JPTP,22,0
63,1,2000,4,JPTP,24,0
63,1,2000,4,JPTP,26,0
63,1,2000,4,JPTP,28,0
63,1,2000,4,JPTP,30,0
63,1,2000,4,JPTP,32,0
63,1,2000,4,JPTP,34,0.765393190578388
63,1,2000,4,JPTP,36,6.12314552462711
63,1,2000,4,JPTP,38,3.06157276231355
63,1,2000,4,JPTP,40,4.59235914347033
63,1,2000,4,JPTP,42,1.53078638115678
63,1,2000,4,JPTP,44,0
63,1,2000,4,JPTP,46,0
63,1,2000,4,JPTP,48,0
63,1,2000,4,JPTP,50,0.765393190578388
63,1,2000,4,JPTP,52,1.53078638115678
63,1,2000,4,JPTP,54,2.29617957173516
63,1,2000,4,JPTP,56,5.35775233404872
63,1,2000,4,JPTP,58,6.88853871520549
63,1,2000,4,JPTP,60,6.12314552462711
63,1,2000,4,JPTP,62,1.53078638115678
63,1,2000,4,JPTP,64,0.765393190578388
63,1,2000,4,JPTP,66,1.53078638115678
63,1,2000,4,JPTP,68,1.53078638115678
63,1,2000,4,JPTP,70,0.765393190578388
63,1,2000,4,JPTP,72,0
63,1,2000,4,JPTP,74,0
63,1,2000,4,JPTP,76,0
63,1,2000,4,JPTP,78,0
63,1,2000,4,JPTP,80,0
63,1,2000,4,JPTP,82,0
63,1,2000,4,JPTP,84,0
63,1,2000,4,JPTP,86,0.765393190578388
63,1,2000,4,JPTP,88,0
63,1,2000,4,JPTP,90,0.765393190578388
63,1,2000,4,JPTP,92,0
63,1,2000,4,JPTP,94,0
63,1,2000,4,JPTP,96,0
63,1,2000,4,JPTP,98,0
63,1,2000,4,JPTP,100,0
63,1,2000,4,JPTP,102,0
63,1,2000,4,JPTP,104,0
63,1,2000,4,JPTP,106,0
63,1,2000,4,JPTP,108,0
63,1,2000,4,JPTP,110,0
63,1,2000,4,JPTP,112,0
63,1,2000,4,JPTP,114,0
63,1,2000,4,JPTP,116,0
63,1,2000,4,JPTP,118,0
63,1,2000,4,JPTP,120,0
63,1,2000,4,JPTP,122,0
63,1,2000,4,JPTP,124,0
63,1,2000,4,JPTP,126,0
63,1,2000,4,JPTP,128,0
63,1,2000,4,JPTP,130,0
63,1,2000,4,JPTP,132,0
63,1,2000,4,JPTP,134,0
63,1,2000,4,JPTP,136,0
63,1,2000,4,JPTP,138,0
63,1,2000,4,JPTP,140,0
63,1,2000,4,JPTP,142,0
63,1,2000,4,JPTP,144,0
63,1,2000,4,JPTP,146,0
63,1,2000,4,JPTP,148,0
63,1,2000,4,JPTP,150,0
63,1,2000,4,JPTP,152,0
63,1,2000,4,JPTP,154,0
63,1,2000,4,JPTP,156,0
63,1,2000,4,JPTP,158,0
63,1,2000,4,JPTP,160,0
63,1,2000,4,JPTP,162,0
63,1,2000,4,JPTP,164,0
63,1,2000,4,JPTP,166,0
63,1,2000,4,JPTP,168,0
63,1,2000,4,JPTP,170,0
63,1,2000,4,JPTP,172,0
63,1,2000,4,JPTP,174,0
63,1,2000,4,JPTP,176,0
63,1,2000,4,JPTP,178,0
63,1,2000,4,JPTP,180,0
63,1,2000,4,JPTP,182,0
63,1,2000,4,JPTP,184,0
63,1,2000,4,JPTP,186,0
63,1,2000,4,JPTP,188,0
63,1,2000,4,JPTP,190,0
63,1,2000,4,JPTP,192,0
63,1,2000,4,JPTP,194,0
63,1,2000,4,JPTP,196,0
63,1,2000,4,JPTP,198,0
64,1,2001,2,JPTP,10,0
64,1,2001,2,JPTP,12,0
64,1,2001,2,JPTP,14,0
64,1,2001,2,JPTP,16,0
64,1,2001,2,JPTP,18,0
64,1,2001,2,JPTP,20,0
64,1,2001,2,JPTP,22,0
64,1,2001,2,JPTP,24,0.688853871520549
64,1,2001,2,JPTP,26,0
64,1,2001,2,JPTP,28,0.688853871520549
64,1,2001,2,JPTP,30,0
64,1,2001,2,JPTP,32,0
64,1,2001,2,JPTP,34,0.688853871520549
64,1,2001,2,JPTP,36,0
64,1,2001,2,JPTP,38,0
64,1,2001,2,JPTP,40,0.688853871520549
64,1,2001,2,JPTP,42,0.688853871520549
64,1,2001,2,JPTP,44,7.57739258672604
64,1,2001,2,JPTP,46,11.7105158158493
64,1,2001,2,JPTP,48,22.0433238886576
64,1,2001,2,JPTP,50,26.8653009893014
64,1,2001,2,JPTP,52,14.4659313019315
64,1,2001,2,JPTP,54,11.0216619443288
64,1,2001,2,JPTP,56,4.1331232291233
64,1,2001,2,JPTP,58,2.06656161456165
64,1,2001,2,JPTP,60,2.06656161456165
64,1,2001,2,JPTP,62,0.688853871520549
64,1,2001,2,JPTP,64,0
64,1,2001,2,JPTP,66,0
64,1,2001,2,JPTP,68,0.688853871520549
64,1,2001,2,JPTP,70,1.3777077430411
64,1,2001,2,JPTP,72,0.688853871520549
64,1,2001,2,JPTP,74,0.688853871520549
64,1,2001,2,JPTP,76,0
64,1,2001,2,JPTP,78,0
64,1,2001,2,JPTP,80,0
64,1,2001,2,JPTP,82,0
64,1,2001,2,JPTP,84,0
64,1,2001,2,JPTP,86,0
64,1,2001,2,JPTP,88,0.688853871520549
64,1,2001,2,JPTP,90,0
64,1,2001,2,JPTP,92,0
64,1,2001,2,JPTP,94,0
64,1,2001,2,JPTP,96,0
64,1,2001,2,JPTP,98,0
64,1,2001,2,JPTP,100,0
64,1,2001,2,JPTP,102,0
64,1,2001,2,JPTP,104,0
64,1,2001,2,JPTP,106,0
64,1,2001,2,JPTP,108,0
64,1,2001,2,JPTP,110,0
64,1,2001,2,JPTP,112,0
64,1,2001,2,JPTP,114,0
64,1,2001,2,JPTP,116,0
64,1,2001,2,JPTP,118,0
64,1,2001,2,JPTP,120,0
64,1,2001,2,JPTP,122,0
64,1,2001,2,JPTP,124,0
64,1,2001,2,JPTP,126,0
64,1,2001,2,JPTP,128,0
64,1,2001,2,JPTP,130,0
64,1,2001,2,JPTP,132,0
64,1,2001,2,JPTP,134,0
64,1,2001,2,JPTP,136,0
64,1,2001,2,JPTP,138,0
64,1,2001,2,JPTP,140,0
64,1,2001,2,JPTP,142,0
64,1,2001,2,JPTP,144,0
64,1,2001,2,JPTP,146,0
64,1,2001,2,JPTP,148,0
64,1,2001,2,JPTP,150,0
64,1,2001,2,JPTP,152,0
64,1,2001,2,JPTP,154,0
64,1,2001,2,JPTP,156,0
64,1,2001,2,JPTP,158,0
64,1,2001,2,JPTP,160,0
64,1,2001,2,JPTP,162,0
64,1,2001,2,JPTP,164,0
64,1,2001,2,JPTP,166,0
64,1,2001,2,JPTP,168,0
64,1,2001,2,JPTP,170,0
64,1,2001,2,JPTP,172,0
64,1,2001,2,JPTP,174,0
64,1,2001,2,JPTP,176,0
64,1,2001,2,JPTP,178,0
64,1,2001,2,JPTP,180,0
64,1,2001,2,JPTP,182,0
64,1,2001,2,JPTP,184,0
64,1,2001,2,JPTP,186,0
64,1,2001,2,JPTP,188,0
64,1,2001,2,JPTP,190,0
64,1,2001,2,JPTP,192,0
64,1,2001,2,JPTP,194,0
64,1,2001,2,JPTP,196,0
64,1,2001,2,JPTP,198,0
65,1,2001,3,JPTP,10,0
65,1,2001,3,JPTP,12,0
65,1,2001,3,JPTP,14,0
65,1,2001,3,JPTP,16,0
65,1,2001,3,JPTP,18,0
65,1,2001,3,JPTP,20,0
65,1,2001,3,JPTP,22,0
65,1,2001,3,JPTP,24,0
65,1,2001,3,JPTP,26,0
65,1,2001,3,JPTP,28,0.62188196734494
65,1,2001,3,JPTP,30,1.24376393468988
65,1,2001,3,JPTP,32,0
65,1,2001,3,JPTP,34,0
65,1,2001,3,JPTP,36,0
65,1,2001,3,JPTP,38,0.62188196734494
65,1,2001,3,JPTP,40,0
65,1,2001,3,JPTP,42,1.24376393468988
65,1,2001,3,JPTP,44,0.62188196734494
65,1,2001,3,JPTP,46,0.62188196734494
65,1,2001,3,JPTP,48,0
65,1,2001,3,JPTP,50,1.24376393468988
65,1,2001,3,JPTP,52,2.48752786937976
65,1,2001,3,JPTP,54,2
65,1,2001,3,JPTP,56,4.97505573875952
65,1,2001,3,JPTP,58,11.8157573795539
65,1,2001,3,JPTP,60,24.8752786937976
65,1,2001,3,JPTP,62,23.6315147591077
65,1,2001,3,JPTP,64,21.143986889728
65,1,2001,3,JPTP,66,6.2188196734494
65,1,2001,3,JPTP,68,1.86564590203482
65,1,2001,3,JPTP,70,0.62188196734494
65,1,2001,3,JPTP,72,0
65,1,2001,3,JPTP,74,1.24376393468988
65,1,2001,3,JPTP,76,0
65,1,2001,3,JPTP,78,0
65,1,2001,3,JPTP,80,0
65,1,2001,3,JPTP,82,0
65,1,2001,3,JPTP,84,0
65,1,2001,3,JPTP,86,0
65,1,2001,3,JPTP,88,0
65,1,2001,3,JPTP,90,0
65,1,2001,3,JPTP,92,0
65,1,2001,3,JPTP,94,0
65,1,2001,3,JPTP,96,0
65,1,2001,3,JPTP,98,0
65,1,2001,3,JPTP,100,0
65,1,2001,3,JPTP,102,0
65,1,2001,3,JPTP,104,0
65,1,2001,3,JPTP,106,0
65,1,2001,3,JPTP,108,0
65,1,2001,3,JPTP,110,0
65,1,2001,3,JPTP,112,0
65,1,2001,3,JPTP,114,0
65,1,2001,3,JPTP,116,0
65,1,2001,3,JPTP,118,0
65,1,2001,3,JPTP,120,0
65,1,2001,3,JPTP,122,0
65,1,2001,3,JPTP,124,0
65,1,2001,3,JPTP,126,0
65,1,2001,3,JPTP,128,0
65,1,2001,3,JPTP,130,0
65,1,2001,3,JPTP,132,0
65,1,2001,3,JPTP,134,0
65,1,2001,3,JPTP,136,0
65,1,2001,3,JPTP,138,0
65,1,2001,3,JPTP,140,0
65,1,2001,3,JPTP,142,0
65,1,2001,3,JPTP,144,0
65,1,2001,3,JPTP,146,0
65,1,2001,3,JPTP,148,0
65,1,2001,3,JPTP,150,0
65,1,2001,3,JPTP,152,0
65,1,2001,3,JPTP,154,0
65,1,2001,3,JPTP,156,0
65,1,2001,3,JPTP,158,0
65,1,2001,3,JPTP,160,0
65,1,2001,3,JPTP,162,0
65,1,2001,3,JPTP,164,0
65,1,2001,3,JPTP,166,0
65,1,2001,3,JPTP,168,0
65,1,2001,3,JPTP,170,0
65,1,2001,3,JPTP,172,0
65,1,2001,3,JPTP,174,0
65,1,2001,3,JPTP,176,0
65,1,2001,3,JPTP,178,0
65,1,2001,3,JPTP,180,0
65,1,2001,3,JPTP,182,0
65,1,2001,3,JPTP,184,0
65,1,2001,3,JPTP,186,0
65,1,2001,3,JPTP,188,0
65,1,2001,3,JPTP,190,0
65,1,2001,3,JPTP,192,0
65,1,2001,3,JPTP,194,0
65,1,2001,3,JPTP,196,0
65,1,2001,3,JPTP,198,0
66,1,2001,4,JPTP,10,0
66,1,2001,4,JPTP,12,0
66,1,2001,4,JPTP,14,0
66,1,2001,4,JPTP,16,0
66,1,2001,4,JPTP,18,0
66,1,2001,4,JPTP,20,0
66,1,2001,4,JPTP,22,0
66,1,2001,4,JPTP,24,0
66,1,2001,4,JPTP,26,0
66,1,2001,4,JPTP,28,0
66,1,2001,4,JPTP,30,3.06157276231355
66,1,2001,4,JPTP,32,4.59235914347033
66,1,2001,4,JPTP,34,3.06157276231355
66,1,2001,4,JPTP,36,3.06157276231355
66,1,2001,4,JPTP,38,0.765393190578388
66,1,2001,4,JPTP,40,2.29617957173516
66,1,2001,4,JPTP,42,4.59235914347033
66,1,2001,4,JPTP,44,1.53078638115678
66,1,2001,4,JPTP,46,0
66,1,2001,4,JPTP,48,0
66,1,2001,4,JPTP,50,0
66,1,2001,4,JPTP,52,0
66,1,2001,4,JPTP,54,0
66,1,2001,4,JPTP,56,0
66,1,2001,4,JPTP,58,0
66,1,2001,4,JPTP,60,0
66,1,2001,4,JPTP,62,1
66,1,2001,4,JPTP,64,0
66,1,2001,4,JPTP,66,0
66,1,2001,4,JPTP,68,0
66,1,2001,4,JPTP,70,0
66,1,2001,4,JPTP,72,0
66,1,2001,4,JPTP,74,0
66,1,2001,4,JPTP,76,0
66,1,2001,4,JPTP,78,0
66,1,2001,4,JPTP,80,0
66,1,2001,4,JPTP,82,0
66,1,2001,4,JPTP,84,0
66,1,2001,4,JPTP,86,0
66,1,2001,4,JPTP,88,0
66,1,2001,4,JPTP,90,0
66,1,2001,4,JPTP,92,0
66,1,2001,4,JPTP,94,0
66,1,2001,4,JPTP,96,0
66,1,2001,4,JPTP,98,0
66,1,2001,4,JPTP,100,0
66,1,2001,4,JPTP,102,0
66,1,2001,4,JPTP,104,0
66,1,2001,4,JPTP,106,0
66,1,2001,4,JPTP,108,0
66,1,2001,4,JPTP,110,0
66,1,2001,4,JPTP,112,0
66,1,2001,4,JPTP,114,0
66,1,2001,4,JPTP,116,0
66,1,2001,4,JPTP,118,0
66,1,2001,4,JPTP,120,0
66,1,2001,4,JPTP,122,0
66,1,2001,4,JPTP,124,0
66,1,2001,4,JPTP,126,0
66,1,2001,4,JPTP,128,0
66,1,2001,4,JPTP,130,0
66,1,2001,4,JPTP,132,0
66,1,2001,4,JPTP,134,0
66,1,2001,4,JPTP,136,0
66,1,2001,4,JPTP,138,0
66,1,2001,4,JPTP,140,0
66,1,2001,4,JPTP,142,0
66,1,2001,4,JPTP,144,0
66,1,2001,4,JPTP,146,0
66,1,2001,4,JPTP,148,0
66,1,2001,4,JPTP,150,0
66,1,2001,4,JPTP,152,0
66,1,2001,4,JPTP,154,0
66,1,2001,4,JPTP,156,0
66,1,2001,4,JPTP,158,0
66,1,2001,4,JPTP,160,0
66,1,2001,4,JPTP,162,0
66,1,2001,4,JPTP,164,0
66,1,2001,4,JPTP,166,0
66,1,2001,4,JPTP,168,0
66,1,2001,4,JPTP,170,0
66,1,2001,4,JPTP,172,0
66,1,2001,4,JPTP,174,0
66,1,2001,4,JPTP,176,0
66,1,2001,4,JPTP,178,0
66,1,2001,4,JPTP,180,0
66,1,2001,4,JPTP,182,0
66,1,2001,4,JPTP,184,0
66,1,2001,4,JPTP,186,0
66,1,2001,4,JPTP,188,0
66,1,2001,4,JPTP,190,0
66,1,2001,4,JPTP,192,0
66,1,2001,4,JPTP,194,0
66,1,2001,4,JPTP,196,0
66,1,2001,4,JPTP,198,0
67,1,2002,2,JPTP,10,0
67,1,2002,2,JPTP,12,0
67,1,2002,2,JPTP,14,0
67,1,2002,2,JPTP,16,0
67,1,2002,2,JPTP,18,0
67,1,2002,2,JPTP,20,0
67,1,2002,2,JPTP,22,0
67,1,2002,2,JPTP,24,0
67,1,2002,2,JPTP,26,0
67,1,2002,2,JPTP,28,0
67,1,2002,2,JPTP,30,0
67,1,2002,2,JPTP,32,0.637827658815324
67,1,2002,2,JPTP,34,0
67,1,2002,2,JPTP,36,0
67,1,2002,2,JPTP,38,0
67,1,2002,2,JPTP,40,0.637827658815324
67,1,2002,2,JPTP,42,0
67,1,2002,2,JPTP,44,0
67,1,2002,2,JPTP,46,1.91348297644597
67,1,2002,2,JPTP,48,7.65393190578388
67,1,2002,2,JPTP,50,34.4426935760275
67,1,2002,2,JPTP,52,31.8913829407662
67,1,2002,2,JPTP,54,24.2374510349823
67,1,2002,2,JPTP,56,3.82696595289194
67,1,2002,2,JPTP,58,0.637827658815324
67,1,2002,2,JPTP,60,0
67,1,2002,2,JPTP,62,0
67,1,2002,2,JPTP,64,0
67,1,2002,2,JPTP,66,0
67,1,2002,2,JPTP,68,0
67,1,2002,2,JPTP,70,0
67,1,2002,2,JPTP,72,0
67,1,2002,2,JPTP,74,0
67,1,2002,2,JPTP,76,0
67,1,2002,2,JPTP,78,0.637827658815324
67,1,2002,2,JPTP,80,0.637827658815324
67,1,2002,2,JPTP,82,0
67,1,2002,2,JPTP,84,0
67,1,2002,2,JPTP,86,0
67,1,2002,2,JPTP,88,0
67,1,2002,2,JPTP,90,0
67,1,2002,2,JPTP,92,0
67,1,2002,2,JPTP,94,0.637827658815324
67,1,2002,2,JPTP,96,0.637827658815324
67,1,2002,2,JPTP,98,1.27565531763065
67,1,2002,2,JPTP,100,0.637827658815324
67,1,2002,2,JPTP,102,1.27565531763065
67,1,2002,2,JPTP,104,0.637827658815324
67,1,2002,2,JPTP,106,0
67,1,2002,2,JPTP,108,0
67,1,2002,2,JPTP,110,0
67,1,2002,2,JPTP,112,0
67,1,2002,2,JPTP,114,0
67,1,2002,2,JPTP,116,0
67,1,2002,2,JPTP,118,0
67,1,2002,2,JPTP,120,0
67,1,2002,2,JPTP,122,0
67,1,2002,2,JPTP,124,0
67,1,2002,2,JPTP,126,0
67,1,2002,2,JPTP,128,0
67,1,2002,2,JPTP,130,0
67,1,2002,2,JPTP,132,0
67,1,2002,2,JPTP,134,0
67,1,2002,2,JPTP,136,0
67,1,2002,2,JPTP,138,0
67,1,2002,2,JPTP,140,0
67,1,2002,2,JPTP,142,0
67,1,2002,2,JPTP,144,0
67,1,2002,2,JPTP,146,0
67,1,2002,2,JPTP,148,0
67,1,2002,2,JPTP,150,0
67,1,2002,2,JPTP,152,0
67,1,2002,2,JPTP,154,0
67,1,2002,2,JPTP,156,0
67,1,2002,2,JPTP,158,0
67,1,2002,2,JPTP,160,0
67,1,2002,2,JPTP,162,0
67,1,2002,2,JPTP,164,0
67,1,2002,2,JPTP,166,0
67,1,2002,2,JPTP,168,0
67,1,2002,2,JPTP,170,0
67,1,2002,2,JPTP,172,0
67,1,2002,2,JPTP,174,0
67,1,2002,2,JPTP,176,0
67,1,2002,2,JPTP,178,0
67,1,2002,2,JPTP,180,0
67,1,2002,2,JPTP,182,0
67,1,2002,2,JPTP,184,0
67,1,2002,2,JPTP,186,0
67,1,2002,2,JPTP,188,0
67,1,2002,2,JPTP,190,0
67,1,2002,2,JPTP,192,0
67,1,2002,2,JPTP,194,0
67,1,2002,2,JPTP,196,0
67,1,2002,2,JPTP,198,0
68,1,2003,1,JPTP,10,0
68,1,2003,1,JPTP,12,0
68,1,2003,1,JPTP,14,0
68,1,2003,1,JPTP,16,0
68,1,2003,1,JPTP,18,0
68,1,2003,1,JPTP,20,0
68,1,2003,1,JPTP,22,0
68,1,2003,1,JPTP,24,0
68,1,2003,1,JPTP,26,0
68,1,2003,1,JPTP,28,0
68,1,2003,1,JPTP,30,0
68,1,2003,1,JPTP,32,0
68,1,2003,1,JPTP,34,0
68,1,2003,1,JPTP,36,0
68,1,2003,1,JPTP,38,0.710722248394218
68,1,2003,1,JPTP,40,1.42144449678844
68,1,2003,1,JPTP,42,0
68,1,2003,1,JPTP,44,0
68,1,2003,1,JPTP,46,0.710722248394218
68,1,2003,1,JPTP,48,2.13216674518265
68,1,2003,1,JPTP,50,4.97505573875952
68,1,2003,1,JPTP,52,6.39650023554796
68,1,2003,1,JPTP,54,7.81794473233639
68,1,2003,1,JPTP,56,7.81794473233639
68,1,2003,1,JPTP,58,3.55361124197109
68,1,2003,1,JPTP,60,0
68,1,2003,1,JPTP,62,0
68,1,2003,1,JPTP,64,1.42144449678844
68,1,2003,1,JPTP,66,0
68,1,2003,1,JPTP,68,0.710722248394218
68,1,2003,1,JPTP,70,1
68,1,2003,1,JPTP,72,0
68,1,2003,1,JPTP,74,0
68,1,2003,1,JPTP,76,0
68,1,2003,1,JPTP,78,0
68,1,2003,1,JPTP,80,0
68,1,2003,1,JPTP,82,0
68,1,2003,1,JPTP,84,0
68,1,2003,1,JPTP,86,0
68,1,2003,1,JPTP,88,0
68,1,2003,1,JPTP,90,0
68,1,2003,1,JPTP,92,0
68,1,2003,1,JPTP,94,0
68,1,2003,1,JPTP,96,0
68,1,2003,1,JPTP,98,0
68,1,2003,1,JPTP,100,0
68,1,2003,1,JPTP,102,0
68,1,2003,1,JPTP,104,0
68,1,2003,1,JPTP,106,0
68,1,2003,1,JPTP,108,0
68,1,2003,1,JPTP,110,0
68,1,2003,1,JPTP,112,0
68,1,2003,1,JPTP,114,0
68,1,2003,1,JPTP,116,0
68,1,2003,1,JPTP,118,0
68,1,2003,1,JPTP,120,0
68,1,2003,1,JPTP,122,0
68,1,2003,1,JPTP,124,0
68,1,2003,1,JPTP,126,0
68,1,2003,1,JPTP,128,0
68,1,2003,1,JPTP,130,0
68,1,2003,1,JPTP,132,0
68,1,2003,1,JPTP,134,0
68,1,2003,1,JPTP,136,0
68,1,2003,1,JPTP,138,0
68,1,2003,1,JPTP,140,0
68,1,2003,1,JPTP,142,0
68,1,2003,1,JPTP,144,0
68,1,2003,1,JPTP,146,0
68,1,2003,1,JPTP,148,0
68,1,2003,1,JPTP,150,0
68,1,2003,1,JPTP,152,0
68,1,2003,1,JPTP,154,0
68,1,2003,1,JPTP,156,0
68,1,2003,1,JPTP,158,0
68,1,2003,1,JPTP,160,0
68,1,2003,1,JPTP,162,0
68,1,2003,1,JPTP,164,0
68,1,2003,1,JPTP,166,0
68,1,2003,1,JPTP,168,0
68,1,2003,1,JPTP,170,0
68,1,2003,1,JPTP,172,0
68,1,2003,1,JPTP,174,0
68,1,2003,1,JPTP,176,0
68,1,2003,1,JPTP,178,0
68,1,2003,1,JPTP,180,0
68,1,2003,1,JPTP,182,0
68,1,2003,1,JPTP,184,0
68,1,2003,1,JPTP,186,0
68,1,2003,1,JPTP,188,0
68,1,2003,1,JPTP,190,0
68,1,2003,1,JPTP,192,0
68,1,2003,1,JPTP,194,0
68,1,2003,1,JPTP,196,0
68,1,2003,1,JPTP,198,0
69,1,2003,2,JPTP,10,0
69,1,2003,2,JPTP,12,0
69,1,2003,2,JPTP,14,0
69,1,2003,2,JPTP,16,0
69,1,2003,2,JPTP,18,0
69,1,2003,2,JPTP,20,0
69,1,2003,2,JPTP,22,0
69,1,2003,2,JPTP,24,0
69,1,2003,2,JPTP,26,0
69,1,2003,2,JPTP,28,0
69,1,2003,2,JPTP,30,0.489851641970168
69,1,2003,2,JPTP,32,0
69,1,2003,2,JPTP,34,0
69,1,2003,2,JPTP,36,0
69,1,2003,2,JPTP,38,0
69,1,2003,2,JPTP,40,0
69,1,2003,2,JPTP,42,0
69,1,2003,2,JPTP,44,0.979703283940337
69,1,2003,2,JPTP,46,1.95940656788067
69,1,2003,2,JPTP,48,2.93910985182101
69,1,2003,2,JPTP,50,8.81732955546303
69,1,2003,2,JPTP,52,23.0230271725979
69,1,2003,2,JPTP,54,47.0257576291362
69,1,2003,2,JPTP,56,22.5331755306277
69,1,2003,2,JPTP,58,16.6549558269857
69,1,2003,2,JPTP,60,7.8376262715227
69,1,2003,2,JPTP,62,1.46955492591051
69,1,2003,2,JPTP,64,0.489851641970168
69,1,2003,2,JPTP,66,0.489851641970168
69,1,2003,2,JPTP,68,0.489851641970168
69,1,2003,2,JPTP,70,0
69,1,2003,2,JPTP,72,0
69,1,2003,2,JPTP,74,0.489851641970168
69,1,2003,2,JPTP,76,0
69,1,2003,2,JPTP,78,0.489851641970168
69,1,2003,2,JPTP,80,0
69,1,2003,2,JPTP,82,0
69,1,2003,2,JPTP,84,0
69,1,2003,2,JPTP,86,0.489851641970168
69,1,2003,2,JPTP,88,0
69,1,2003,2,JPTP,90,0
69,1,2003,2,JPTP,92,0
69,1,2003,2,JPTP,94,0
69,1,2003,2,JPTP,96,0.489851641970168
69,1,2003,2,JPTP,98,1
69,1,2003,2,JPTP,100,0
69,1,2003,2,JPTP,102,0
69,1,2003,2,JPTP,104,0
69,1,2003,2,JPTP,106,0.489851641970168
69,1,2003,2,JPTP,108,0.489851641970168
69,1,2003,2,JPTP,110,0.489851641970168
69,1,2003,2,JPTP,112,0
69,1,2003,2,JPTP,114,0
69,1,2003,2,JPTP,116,0
69,1,2003,2,JPTP,118,0
69,1,2003,2,JPTP,120,0
69,1,2003,2,JPTP,122,0
69,1,2003,2,JPTP,124,0
69,1,2003,2,JPTP,126,0
69,1,2003,2,JPTP,128,0
69,1,2003,2,JPTP,130,0.489851641970168
69,1,2003,2,JPTP,132,0
69,1,2003,2,JPTP,134,0
69,1,2003,2,JPTP,136,0
69,1,2003,2,JPTP,138,0
69,1,2003,2,JPTP,140,0
69,1,2003,2,JPTP,142,0
69,1,2003,2,JPTP,144,0
69,1,2003,2,JPTP,146,0
69,1,2003,2,JPTP,148,0
69,1,2003,2,JPTP,150,0
69,1,2003,2,JPTP,152,0
69,1,2003,2,JPTP,154,0
69,1,2003,2,JPTP,156,0
69,1,2003,2,JPTP,158,0
69,1,2003,2,JPTP,160,0
69,1,2003,2,JPTP,162,0
69,1,2003,2,JPTP,164,0
69,1,2003,2,JPTP,166,0
69,1,2003,2,JPTP,168,0
69,1,2003,2,JPTP,170,0
69,1,2003,2,JPTP,172,0
69,1,2003,2,JPTP,174,0
69,1,2003,2,JPTP,176,0
69,1,2003,2,JPTP,178,0
69,1,2003,2,JPTP,180,0
69,1,2003,2,JPTP,182,0
69,1,2003,2,JPTP,184,0
69,1,2003,2,JPTP,186,0
69,1,2003,2,JPTP,188,0
69,1,2003,2,JPTP,190,0
69,1,2003,2,JPTP,192,0
69,1,2003,2,JPTP,194,0
69,1,2003,2,JPTP,196,0
69,1,2003,2,JPTP,198,0
70,1,2003,4,JPTP,10,0
70,1,2003,4,JPTP,12,0
70,1,2003,4,JPTP,14,0
70,1,2003,4,JPTP,16,0
70,1,2003,4,JPTP,18,0
70,1,2003,4,JPTP,20,0
70,1,2003,4,JPTP,22,0
70,1,2003,4,JPTP,24,0
70,1,2003,4,JPTP,26,0
70,1,2003,4,JPTP,28,0
70,1,2003,4,JPTP,30,0
70,1,2003,4,JPTP,32,0
70,1,2003,4,JPTP,34,0
70,1,2003,4,JPTP,36,0
70,1,2003,4,JPTP,38,1.53078638115678
70,1,2003,4,JPTP,40,0.765393190578388
70,1,2003,4,JPTP,42,0
70,1,2003,4,JPTP,44,0
70,1,2003,4,JPTP,46,0
70,1,2003,4,JPTP,48,0
70,1,2003,4,JPTP,50,0.765393190578388
70,1,2003,4,JPTP,52,0.765393190578388
70,1,2003,4,JPTP,54,0
70,1,2003,4,JPTP,56,0
70,1,2003,4,JPTP,58,1.53078638115678
70,1,2003,4,JPTP,60,3.82696595289194
70,1,2003,4,JPTP,62,3.06157276231355
70,1,2003,4,JPTP,64,5.35775233404872
70,1,2003,4,JPTP,66,3.06157276231355
70,1,2003,4,JPTP,68,0.765393190578388
70,1,2003,4,JPTP,70,1.53078638115678
70,1,2003,4,JPTP,72,0
70,1,2003,4,JPTP,74,0
70,1,2003,4,JPTP,76,0
70,1,2003,4,JPTP,78,0
70,1,2003,4,JPTP,80,0
70,1,2003,4,JPTP,82,0
70,1,2003,4,JPTP,84,0
70,1,2003,4,JPTP,86,0
70,1,2003,4,JPTP,88,0
70,1,2003,4,JPTP,90,0
70,1,2003,4,JPTP,92,0
70,1,2003,4,JPTP,94,0
70,1,2003,4,JPTP,96,0
70,1,2003,4,JPTP,98,0
70,1,2003,4,JPTP,100,0
70,1,2003,4,JPTP,102,0
70,1,2003,4,JPTP,104,0
70,1,2003,4,JPTP,106,0
70,1,2003,4,JPTP,108,0
70,1,2003,4,JPTP,110,0
70,1,2003,4,JPTP,112,0
70,1,2003,4,JPTP,114,0
70,1,2003,4,JPTP,116,0
70,1,2003,4,JPTP,118,0
70,1,2003,4,JPTP,120,0
70,1,2003,4,JPTP,122,0
70,1,2003,4,JPTP,124,0
70,1,2003,4,JPTP,126,0
70,1,2003,4,JPTP,128,0
70,1,2003,4,JPTP,130,0
70,1,2003,4,JPTP,132,0
70,1,2003,4,JPTP,134,0
70,1,2003,4,JPTP,136,0
70,1,2003,4,JPTP,138,0
70,1,2003,4,JPTP,140,0
70,1,2003,4,JPTP,142,0
70,1,2003,4,JPTP,144,0
70,1,2003,4,JPTP,146,0
70,1,2003,4,JPTP,148,0
70,1,2003,4,JPTP,150,0
70,1,2003,4,JPTP,152,0
70,1,2003,4,JPTP,154,0
70,1,2003,4,JPTP,156,0
70,1,2003,4,JPTP,158,0
70,1,2003,4,JPTP,160,0
70,1,2003,4,JPTP,162,0
70,1,2003,4,JPTP,164,0
70,1,2003,4,JPTP,166,0
70,1,2003,4,JPTP,168,0
70,1,2003,4,JPTP,170,0
70,1,2003,4,JPTP,172,0
70,1,2003,4,JPTP,174,0
70,1,2003,4,JPTP,176,0
70,1,2003,4,JPTP,178,0
70,1,2003,4,JPTP,180,0
70,1,2003,4,JPTP,182,0
70,1,2003,4,JPTP,184,0
70,1,2003,4,JPTP,186,0
70,1,2003,4,JPTP,188,0
70,1,2003,4,JPTP,190,0
70,1,2003,4,JPTP,192,0
70,1,2003,4,JPTP,194,0
70,1,2003,4,JPTP,196,0
70,1,2003,4,JPTP,198,0
71,1,2004,1,JPTP,10,0
71,1,2004,1,JPTP,12,0
71,1,2004,1,JPTP,14,0
71,1,2004,1,JPTP,16,0
71,1,2004,1,JPTP,18,0
71,1,2004,1,JPTP,20,0
71,1,2004,1,JPTP,22,0
71,1,2004,1,JPTP,24,0
71,1,2004,1,JPTP,26,0
71,1,2004,1,JPTP,28,0
71,1,2004,1,JPTP,30,0
71,1,2004,1,JPTP,32,0
71,1,2004,1,JPTP,34,0
71,1,2004,1,JPTP,36,0
71,1,2004,1,JPTP,38,0.765393190578388
71,1,2004,1,JPTP,40,0
71,1,2004,1,JPTP,42,0.765393190578388
71,1,2004,1,JPTP,44,3.82696595289194
71,1,2004,1,JPTP,46,1.53078638115678
71,1,2004,1,JPTP,48,14.5424706209894
71,1,2004,1,JPTP,50,8.41932509636227
71,1,2004,1,JPTP,52,0.765393190578388
71,1,2004,1,JPTP,54,0.765393190578388
71,1,2004,1,JPTP,56,0
71,1,2004,1,JPTP,58,0
71,1,2004,1,JPTP,60,0
71,1,2004,1,JPTP,62,0
71,1,2004,1,JPTP,64,0
71,1,2004,1,JPTP,66,0
71,1,2004,1,JPTP,68,0
71,1,2004,1,JPTP,70,0
71,1,2004,1,JPTP,72,0
71,1,2004,1,JPTP,74,0
71,1,2004,1,JPTP,76,0
71,1,2004,1,JPTP,78,0
71,1,2004,1,JPTP,80,0
71,1,2004,1,JPTP,82,0
71,1,2004,1,JPTP,84,0
71,1,2004,1,JPTP,86,0
71,1,2004,1,JPTP,88,0
71,1,2004,1,JPTP,90,0
71,1,2004,1,JPTP,92,0
71,1,2004,1,JPTP,94,0
71,1,2004,1,JPTP,96,0
71,1,2004,1,JPTP,98,0
71,1,2004,1,JPTP,100,0
71,1,2004,1,JPTP,102,0
71,1,2004,1,JPTP,104,0
71,1,2004,1,JPTP,106,0
71,1,2004,1,JPTP,108,0
71,1,2004,1,JPTP,110,0
71,1,2004,1,JPTP,112,0
71,1,2004,1,JPTP,114,0
71,1,2004,1,JPTP,116,0
71,1,2004,1,JPTP,118,0
71,1,2004,1,JPTP,120,0
71,1,2004,1,JPTP,122,0
71,1,2004,1,JPTP,124,0
71,1,2004,1,JPTP,126,0
71,1,2004,1,JPTP,128,0
71,1,2004,1,JPTP,130,0
71,1,2004,1,JPTP,132,0
71,1,2004,1,JPTP,134,0
71,1,2004,1,JPTP,136,0
71,1,2004,1,JPTP,138,0
71,1,2004,1,JPTP,140,0
71,1,2004,1,JPTP,142,0
71,1,2004,1,JPTP,144,0
71,1,2004,1,JPTP,146,0
71,1,2004,1,JPTP,148,0
71,1,2004,1,JPTP,150,0
71,1,2004,1,JPTP,152,0
71,1,2004,1,JPTP,154,0
71,1,2004,1,JPTP,156,0
71,1,2004,1,JPTP,158,0
71,1,2004,1,JPTP,160,0
71,1,2004,1,JPTP,162,0
71,1,2004,1,JPTP,164,0
71,1,2004,1,JPTP,166,0
71,1,2004,1,JPTP,168,0
71,1,2004,1,JPTP,170,0
71,1,2004,1,JPTP,172,0
71,1,2004,1,JPTP,174,0
71,1,2004,1,JPTP,176,0
71,1,2004,1,JPTP,178,0
71,1,2004,1,JPTP,180,0
71,1,2004,1,JPTP,182,0
71,1,2004,1,JPTP,184,0
71,1,2004,1,JPTP,186,0
71,1,2004,1,JPTP,188,0
71,1,2004,1,JPTP,190,0
71,1,2004,1,JPTP,192,0
71,1,2004,1,JPTP,194,0
71,1,2004,1,JPTP,196,0
71,1,2004,1,JPTP,198,0
72,1,2004,2,JPTP,10,0
72,1,2004,2,JPTP,12,0
72,1,2004,2,JPTP,14,0
72,1,2004,2,JPTP,16,0
72,1,2004,2,JPTP,18,0
72,1,2004,2,JPTP,20,0
72,1,2004,2,JPTP,22,0
72,1,2004,2,JPTP,24,0
72,1,2004,2,JPTP,26,0
72,1,2004,2,JPTP,28,0
72,1,2004,2,JPTP,30,0.765393190578388
72,1,2004,2,JPTP,32,0
72,1,2004,2,JPTP,34,0
72,1,2004,2,JPTP,36,0
72,1,2004,2,JPTP,38,0
72,1,2004,2,JPTP,40,2.29617957173516
72,1,2004,2,JPTP,42,2.29617957173516
72,1,2004,2,JPTP,44,1.53078638115678
72,1,2004,2,JPTP,46,3.82696595289194
72,1,2004,2,JPTP,48,20.6656161456165
72,1,2004,2,JPTP,50,28.3195480514004
72,1,2004,2,JPTP,52,18.3694365738813
72,1,2004,2,JPTP,54,5.35775233404872
72,1,2004,2,JPTP,56,1.53078638115678
72,1,2004,2,JPTP,58,0.765393190578388
72,1,2004,2,JPTP,60,0
72,1,2004,2,JPTP,62,0
72,1,2004,2,JPTP,64,0
72,1,2004,2,JPTP,66,0
72,1,2004,2,JPTP,68,0
72,1,2004,2,JPTP,70,0
72,1,2004,2,JPTP,72,0.765393190578388
72,1,2004,2,JPTP,74,0
72,1,2004,2,JPTP,76,0
72,1,2004,2,JPTP,78,0
72,1,2004,2,JPTP,80,0
72,1,2004,2,JPTP,82,0
72,1,2004,2,JPTP,84,0
72,1,2004,2,JPTP,86,0
72,1,2004,2,JPTP,88,0
72,1,2004,2,JPTP,90,0
72,1,2004,2,JPTP,92,0
72,1,2004,2,JPTP,94,0
72,1,2004,2,JPTP,96,0
72,1,2004,2,JPTP,98,0
72,1,2004,2,JPTP,100,0
72,1,2004,2,JPTP,102,0
72,1,2004,2,JPTP,104,0
72,1,2004,2,JPTP,106,0
72,1,2004,2,JPTP,108,0
72,1,2004,2,JPTP,110,0
72,1,2004,2,JPTP,112,0
72,1,2004,2,JPTP,114,0
72,1,2004,2,JPTP,116,0
72,1,2004,2,JPTP,118,0
72,1,2004,2,JPTP,120,0
72,1,2004,2,JPTP,122,0
72,1,2004,2,JPTP,124,0
72,1,2004,2,JPTP,126,0
72,1,2004,2,JPTP,128,0
72,1,2004,2,JPTP,130,0
72,1,2004,2,JPTP,132,0
72,1,2004,2,JPTP,134,0
72,1,2004,2,JPTP,136,0
72,1,2004,2,JPTP,138,0
72,1,2004,2,JPTP,140,0
72,1,2004,2,JPTP,142,0
72,1,2004,2,JPTP,144,0
72,1,2004,2,JPTP,146,0
72,1,2004,2,JPTP,148,0
72,1,2004,2,JPTP,150,0
72,1,2004,2,JPTP,152,0
72,1,2004,2,JPTP,154,0
72,1,2004,2,JPTP,156,0
72,1,2004,2,JPTP,158,0
72,1,2004,2,JPTP,160,0
72,1,2004,2,JPTP,162,0
72,1,2004,2,JPTP,164,0
72,1,2004,2,JPTP,166,0
72,1,2004,2,JPTP,168,0
72,1,2004,2,JPTP,170,0
72,1,2004,2,JPTP,172,0
72,1,2004,2,JPTP,174,0
72,1,2004,2,JPTP,176,0
72,1,2004,2,JPTP,178,0
72,1,2004,2,JPTP,180,0
72,1,2004,2,JPTP,182,0
72,1,2004,2,JPTP,184,0
72,1,2004,2,JPTP,186,0
72,1,2004,2,JPTP,188,0
72,1,2004,2,JPTP,190,0
72,1,2004,2,JPTP,192,0
72,1,2004,2,JPTP,194,0
72,1,2004,2,JPTP,196,0
72,1,2004,2,JPTP,198,0
73,1,2004,3,JPTP,10,0
73,1,2004,3,JPTP,12,0
73,1,2004,3,JPTP,14,0
73,1,2004,3,JPTP,16,0
73,1,2004,3,JPTP,18,0
73,1,2004,3,JPTP,20,0
73,1,2004,3,JPTP,22,0
73,1,2004,3,JPTP,24,0
73,1,2004,3,JPTP,26,0
73,1,2004,3,JPTP,28,0
73,1,2004,3,JPTP,30,0.765393190578388
73,1,2004,3,JPTP,32,0
73,1,2004,3,JPTP,34,0
73,1,2004,3,JPTP,36,0.765393190578388
73,1,2004,3,JPTP,38,3.82696595289194
73,1,2004,3,JPTP,40,3.82696595289194
73,1,2004,3,JPTP,42,1.53078638115678
73,1,2004,3,JPTP,44,0
73,1,2004,3,JPTP,46,0.765393190578388
73,1,2004,3,JPTP,48,0
73,1,2004,3,JPTP,50,0
73,1,2004,3,JPTP,52,0
73,1,2004,3,JPTP,54,1.53078638115678
73,1,2004,3,JPTP,56,3.06157276231355
73,1,2004,3,JPTP,58,0
73,1,2004,3,JPTP,60,0
73,1,2004,3,JPTP,62,0
73,1,2004,3,JPTP,64,0
73,1,2004,3,JPTP,66,0
73,1,2004,3,JPTP,68,0
73,1,2004,3,JPTP,70,0
73,1,2004,3,JPTP,72,0
73,1,2004,3,JPTP,74,0
73,1,2004,3,JPTP,76,0
73,1,2004,3,JPTP,78,0
73,1,2004,3,JPTP,80,0
73,1,2004,3,JPTP,82,0
73,1,2004,3,JPTP,84,0
73,1,2004,3,JPTP,86,0
73,1,2004,3,JPTP,88,0
73,1,2004,3,JPTP,90,0
73,1,2004,3,JPTP,92,0
73,1,2004,3,JPTP,94,0
73,1,2004,3,JPTP,96,0
73,1,2004,3,JPTP,98,0
73,1,2004,3,JPTP,100,0
73,1,2004,3,JPTP,102,0
73,1,2004,3,JPTP,104,0
73,1,2004,3,JPTP,106,0
73,1,2004,3,JPTP,108,0
73,1,2004,3,JPTP,110,0
73,1,2004,3,JPTP,112,0
73,1,2004,3,JPTP,114,0
73,1,2004,3,JPTP,116,0
73,1,2004,3,JPTP,118,0
73,1,2004,3,JPTP,120,0
73,1,2004,3,JPTP,122,0
73,1,2004,3,JPTP,124,0
73,1,2004,3,JPTP,126,0
73,1,2004,3,JPTP,128,0
73,1,2004,3,JPTP,130,0
73,1,2004,3,JPTP,132,0
73,1,2004,3,JPTP,134,0
73,1,2004,3,JPTP,136,0
73,1,2004,3,JPTP,138,0
73,1,2004,3,JPTP,140,0
73,1,2004,3,JPTP,142,0
73,1,2004,3,JPTP,144,0
73,1,2004,3,JPTP,146,0
73,1,2004,3,JPTP,148,0
73,1,2004,3,JPTP,150,0
73,1,2004,3,JPTP,152,0
73,1,2004,3,JPTP,154,0
73,1,2004,3,JPTP,156,0
73,1,2004,3,JPTP,158,0
73,1,2004,3,JPTP,160,0
73,1,2004,3,JPTP,162,0
73,1,2004,3,JPTP,164,0
73,1,2004,3,JPTP,166,0
73,1,2004,3,JPTP,168,0
73,1,2004,3,JPTP,170,0
73,1,2004,3,JPTP,172,0
73,1,2004,3,JPTP,174,0
73,1,2004,3,JPTP,176,0
73,1,2004,3,JPTP,178,0
73,1,2004,3,JPTP,180,0
73,1,2004,3,JPTP,182,0
73,1,2004,3,JPTP,184,0
73,1,2004,3,JPTP,186,0
73,1,2004,3,JPTP,188,0
73,1,2004,3,JPTP,190,0
73,1,2004,3,JPTP,192,0
73,1,2004,3,JPTP,194,0
73,1,2004,3,JPTP,196,0
73,1,2004,3,JPTP,198,0
74,1,2004,4,JPTP,10,0
74,1,2004,4,JPTP,12,0
74,1,2004,4,JPTP,14,0
74,1,2004,4,JPTP,16,0
74,1,2004,4,JPTP,18,0
74,1,2004,4,JPTP,20,0
74,1,2004,4,JPTP,22,0
74,1,2004,4,JPTP,24,0
74,1,2004,4,JPTP,26,0
74,1,2004,4,JPTP,28,0
74,1,2004,4,JPTP,30,0
74,1,2004,4,JPTP,32,1.53078638115678
74,1,2004,4,JPTP,34,1.53078638115678
74,1,2004,4,JPTP,36,1.53078638115678
74,1,2004,4,JPTP,38,0
74,1,2004,4,JPTP,40,0.765393190578388
74,1,2004,4,JPTP,42,0
74,1,2004,4,JPTP,44,2.29617957173516
74,1,2004,4,JPTP,46,0
74,1,2004,4,JPTP,48,1.53078638115678
74,1,2004,4,JPTP,50,0
74,1,2004,4,JPTP,52,0
74,1,2004,4,JPTP,54,0
74,1,2004,4,JPTP,56,1
74,1,2004,4,JPTP,58,0
74,1,2004,4,JPTP,60,0
74,1,2004,4,JPTP,62,0
74,1,2004,4,JPTP,64,0
74,1,2004,4,JPTP,66,0
74,1,2004,4,JPTP,68,0
74,1,2004,4,JPTP,70,0
74,1,2004,4,JPTP,72,0
74,1,2004,4,JPTP,74,0
74,1,2004,4,JPTP,76,0
74,1,2004,4,JPTP,78,0
74,1,2004,4,JPTP,80,0
74,1,2004,4,JPTP,82,0
74,1,2004,4,JPTP,84,0
74,1,2004,4,JPTP,86,0
74,1,2004,4,JPTP,88,0
74,1,2004,4,JPTP,90,0
74,1,2004,4,JPTP,92,0
74,1,2004,4,JPTP,94,0
74,1,2004,4,JPTP,96,0
74,1,2004,4,JPTP,98,0
74,1,2004,4,JPTP,100,0
74,1,2004,4,JPTP,102,0
74,1,2004,4,JPTP,104,0
74,1,2004,4,JPTP,106,0
74,1,2004,4,JPTP,108,0
74,1,2004,4,JPTP,110,0
74,1,2004,4,JPTP,112,0
74,1,2004,4,JPTP,114,0
74,1,2004,4,JPTP,116,0
74,1,2004,4,JPTP,118,0
74,1,2004,4,JPTP,120,1.53078638115678
74,1,2004,4,JPTP,122,0
74,1,2004,4,JPTP,124,1.53078638115678
74,1,2004,4,JPTP,126,0
74,1,2004,4,JPTP,128,0
74,1,2004,4,JPTP,130,0
74,1,2004,4,JPTP,132,0
74,1,2004,4,JPTP,134,0
74,1,2004,4,JPTP,136,0
74,1,2004,4,JPTP,138,0.765393190578388
74,1,2004,4,JPTP,140,0
74,1,2004,4,JPTP,142,0
74,1,2004,4,JPTP,144,0
74,1,2004,4,JPTP,146,0
74,1,2004,4,JPTP,148,0
74,1,2004,4,JPTP,150,0
74,1,2004,4,JPTP,152,0
74,1,2004,4,JPTP,154,0
74,1,2004,4,JPTP,156,0
74,1,2004,4,JPTP,158,0
74,1,2004,4,JPTP,160,0
74,1,2004,4,JPTP,162,0
74,1,2004,4,JPTP,164,0
74,1,2004,4,JPTP,166,0
74,1,2004,4,JPTP,168,0
74,1,2004,4,JPTP,170,0
74,1,2004,4,JPTP,172,0
74,1,2004,4,JPTP,174,0
74,1,2004,4,JPTP,176,0
74,1,2004,4,JPTP,178,0
74,1,2004,4,JPTP,180,0
74,1,2004,4,JPTP,182,0
74,1,2004,4,JPTP,184,0
74,1,2004,4,JPTP,186,0
74,1,2004,4,JPTP,188,0
74,1,2004,4,JPTP,190,0
74,1,2004,4,JPTP,192,0
74,1,2004,4,JPTP,194,0
74,1,2004,4,JPTP,196,0
74,1,2004,4,JPTP,198,0
75,1,2005,1,JPTP,10,0
75,1,2005,1,JPTP,12,0
75,1,2005,1,JPTP,14,0
75,1,2005,1,JPTP,16,0
75,1,2005,1,JPTP,18,0
75,1,2005,1,JPTP,20,0
75,1,2005,1,JPTP,22,0
75,1,2005,1,JPTP,24,0
75,1,2005,1,JPTP,26,0
75,1,2005,1,JPTP,28,0
75,1,2005,1,JPTP,30,0
75,1,2005,1,JPTP,32,0
75,1,2005,1,JPTP,34,0
75,1,2005,1,JPTP,36,0
75,1,2005,1,JPTP,38,0
75,1,2005,1,JPTP,40,0
75,1,2005,1,JPTP,42,0
75,1,2005,1,JPTP,44,0.765393190578388
75,1,2005,1,JPTP,46,0
75,1,2005,1,JPTP,48,0
75,1,2005,1,JPTP,50,0
75,1,2005,1,JPTP,52,0.765393190578388
75,1,2005,1,JPTP,54,0
75,1,2005,1,JPTP,56,0
75,1,2005,1,JPTP,58,0
75,1,2005,1,JPTP,60,0
75,1,2005,1,JPTP,62,0
75,1,2005,1,JPTP,64,0
75,1,2005,1,JPTP,66,0.765393190578388
75,1,2005,1,JPTP,68,3.82696595289194
75,1,2005,1,JPTP,70,4.59235914347033
75,1,2005,1,JPTP,72,0.765393190578388
75,1,2005,1,JPTP,74,0
75,1,2005,1,JPTP,76,3.06157276231355
75,1,2005,1,JPTP,78,0
75,1,2005,1,JPTP,80,3.06157276231355
75,1,2005,1,JPTP,82,1.53078638115678
75,1,2005,1,JPTP,84,1.53078638115678
75,1,2005,1,JPTP,86,1.53078638115678
75,1,2005,1,JPTP,88,0
75,1,2005,1,JPTP,90,0
75,1,2005,1,JPTP,92,0
75,1,2005,1,JPTP,94,0
75,1,2005,1,JPTP,96,0
75,1,2005,1,JPTP,98,0
75,1,2005,1,JPTP,100,0
75,1,2005,1,JPTP,102,0
75,1,2005,1,JPTP,104,0
75,1,2005,1,JPTP,106,0
75,1,2005,1,JPTP,108,0
75,1,2005,1,JPTP,110,0
75,1,2005,1,JPTP,112,0
75,1,2005,1,JPTP,114,0
75,1,2005,1,JPTP,116,0
75,1,2005,1,JPTP,118,0
75,1,2005,1,JPTP,120,0
75,1,2005,1,JPTP,122,0
75,1,2005,1,JPTP,124,0
75,1,2005,1,JPTP,126,0
75,1,2005,1,JPTP,128,0
75,1,2005,1,JPTP,130,0
75,1,2005,1,JPTP,132,0
75,1,2005,1,JPTP,134,0
75,1,2005,1,JPTP,136,0
75,1,2005,1,JPTP,138,0
75,1,2005,1,JPTP,140,0
75,1,2005,1,JPTP,142,0
75,1,2005,1,JPTP,144,0
75,1,2005,1,JPTP,146,0
75,1,2005,1,JPTP,148,0
75,1,2005,1,JPTP,150,0
75,1,2005,1,JPTP,152,0
75,1,2005,1,JPTP,154,0
75,1,2005,1,JPTP,156,0
75,1,2005,1,JPTP,158,0
75,1,2005,1,JPTP,160,0
75,1,2005,1,JPTP,162,0
75,1,2005,1,JPTP,164,0
75,1,2005,1,JPTP,166,0
75,1,2005,1,JPTP,168,0
75,1,2005,1,JPTP,170,0
75,1,2005,1,JPTP,172,0
75,1,2005,1,JPTP,174,0
75,1,2005,1,JPTP,176,0
75,1,2005,1,JPTP,178,0
75,1,2005,1,JPTP,180,0
75,1,2005,1,JPTP,182,0
75,1,2005,1,JPTP,184,0
75,1,2005,1,JPTP,186,0
75,1,2005,1,JPTP,188,0
75,1,2005,1,JPTP,190,0
75,1,2005,1,JPTP,192,0
75,1,2005,1,JPTP,194,0
75,1,2005,1,JPTP,196,0
75,1,2005,1,JPTP,198,0
76,1,2005,2,JPTP,10,0
76,1,2005,2,JPTP,12,0
76,1,2005,2,JPTP,14,0
76,1,2005,2,JPTP,16,0
76,1,2005,2,JPTP,18,0
76,1,2005,2,JPTP,20,0
76,1,2005,2,JPTP,22,0
76,1,2005,2,JPTP,24,0
76,1,2005,2,JPTP,26,0
76,1,2005,2,JPTP,28,0
76,1,2005,2,JPTP,30,0
76,1,2005,2,JPTP,32,0
76,1,2005,2,JPTP,34,0
76,1,2005,2,JPTP,36,0
76,1,2005,2,JPTP,38,0
76,1,2005,2,JPTP,40,0
76,1,2005,2,JPTP,42,0.535775233404872
76,1,2005,2,JPTP,44,6.42930280085846
76,1,2005,2,JPTP,46,14.4659313019315
76,1,2005,2,JPTP,48,10.1797294346926
76,1,2005,2,JPTP,50,9.10817896788282
76,1,2005,2,JPTP,52,11.7870551349072
76,1,2005,2,JPTP,54,11.7870551349072
76,1,2005,2,JPTP,56,16.609032235551
76,1,2005,2,JPTP,58,18.7521331691705
76,1,2005,2,JPTP,60,11.2512799015023
76,1,2005,2,JPTP,62,7.5008532676682
76,1,2005,2,JPTP,64,2.14310093361949
76,1,2005,2,JPTP,66,0.535775233404872
76,1,2005,2,JPTP,68,0.535775233404872
76,1,2005,2,JPTP,70,0
76,1,2005,2,JPTP,72,0
76,1,2005,2,JPTP,74,0
76,1,2005,2,JPTP,76,0
76,1,2005,2,JPTP,78,0
76,1,2005,2,JPTP,80,0
76,1,2005,2,JPTP,82,0
76,1,2005,2,JPTP,84,0
76,1,2005,2,JPTP,86,0
76,1,2005,2,JPTP,88,0
76,1,2005,2,JPTP,90,0
76,1,2005,2,JPTP,92,0
76,1,2005,2,JPTP,94,0
76,1,2005,2,JPTP,96,0
76,1,2005,2,JPTP,98,0
76,1,2005,2,JPTP,100,0
76,1,2005,2,JPTP,102,0
76,1,2005,2,JPTP,104,0
76,1,2005,2,JPTP,106,0
76,1,2005,2,JPTP,108,0
76,1,2005,2,JPTP,110,0
76,1,2005,2,JPTP,112,0
76,1,2005,2,JPTP,114,0
76,1,2005,2,JPTP,116,0
76,1,2005,2,JPTP,118,0
76,1,2005,2,JPTP,120,0
76,1,2005,2,JPTP,122,0
76,1,2005,2,JPTP,124,0
76,1,2005,2,JPTP,126,0
76,1,2005,2,JPTP,128,0
76,1,2005,2,JPTP,130,0
76,1,2005,2,JPTP,132,0
76,1,2005,2,JPTP,134,0
76,1,2005,2,JPTP,136,0
76,1,2005,2,JPTP,138,0
76,1,2005,2,JPTP,140,0
76,1,2005,2,JPTP,142,0
76,1,2005,2,JPTP,144,0
76,1,2005,2,JPTP,146,0
76,1,2005,2,JPTP,148,0
76,1,2005,2,JPTP,150,0
76,1,2005,2,JPTP,152,0
76,1,2005,2,JPTP,154,0
76,1,2005,2,JPTP,156,0
76,1,2005,2,JPTP,158,0
76,1,2005,2,JPTP,160,0
76,1,2005,2,JPTP,162,0
76,1,2005,2,JPTP,164,0
76,1,2005,2,JPTP,166,0
76,1,2005,2,JPTP,168,0
76,1,2005,2,JPTP,170,0
76,1,2005,2,JPTP,172,0
76,1,2005,2,JPTP,174,0
76,1,2005,2,JPTP,176,0
76,1,2005,2,JPTP,178,0
76,1,2005,2,JPTP,180,0
76,1,2005,2,JPTP,182,0
76,1,2005,2,JPTP,184,0
76,1,2005,2,JPTP,186,0
76,1,2005,2,JPTP,188,0
76,1,2005,2,JPTP,190,0
76,1,2005,2,JPTP,192,0
76,1,2005,2,JPTP,194,0
76,1,2005,2,JPTP,196,0
76,1,2005,2,JPTP,198,0
77,1,2005,3,JPTP,10,0
77,1,2005,3,JPTP,12,0
77,1,2005,3,JPTP,14,0
77,1,2005,3,JPTP,16,0
77,1,2005,3,JPTP,18,0
77,1,2005,3,JPTP,20,0
77,1,2005,3,JPTP,22,0
77,1,2005,3,JPTP,24,0
77,1,2005,3,JPTP,26,0.765393190578388
77,1,2005,3,JPTP,28,0
77,1,2005,3,JPTP,30,1.53078638115678
77,1,2005,3,JPTP,32,0
77,1,2005,3,JPTP,34,0.765393190578388
77,1,2005,3,JPTP,36,0.765393190578388
77,1,2005,3,JPTP,38,0
77,1,2005,3,JPTP,40,0.765393190578388
77,1,2005,3,JPTP,42,0.765393190578388
77,1,2005,3,JPTP,44,0.765393190578388
77,1,2005,3,JPTP,46,1.53078638115678
77,1,2005,3,JPTP,48,0.765393190578388
77,1,2005,3,JPTP,50,0.765393190578388
77,1,2005,3,JPTP,52,0
77,1,2005,3,JPTP,54,4.59235914347033
77,1,2005,3,JPTP,56,1.53078638115678
77,1,2005,3,JPTP,58,1.53078638115678
77,1,2005,3,JPTP,60,0.765393190578388
77,1,2005,3,JPTP,62,0
77,1,2005,3,JPTP,64,0
77,1,2005,3,JPTP,66,0
77,1,2005,3,JPTP,68,0
77,1,2005,3,JPTP,70,0
77,1,2005,3,JPTP,72,0
77,1,2005,3,JPTP,74,0
77,1,2005,3,JPTP,76,0
77,1,2005,3,JPTP,78,0
77,1,2005,3,JPTP,80,0
77,1,2005,3,JPTP,82,0
77,1,2005,3,JPTP,84,0
77,1,2005,3,JPTP,86,0
77,1,2005,3,JPTP,88,0
77,1,2005,3,JPTP,90,0
77,1,2005,3,JPTP,92,0
77,1,2005,3,JPTP,94,0
77,1,2005,3,JPTP,96,0
77,1,2005,3,JPTP,98,0
77,1,2005,3,JPTP,100,0
77,1,2005,3,JPTP,102,0
77,1,2005,3,JPTP,104,0
77,1,2005,3,JPTP,106,0
77,1,2005,3,JPTP,108,0
77,1,2005,3,JPTP,110,0
77,1,2005,3,JPTP,112,0
77,1,2005,3,JPTP,114,0
77,1,2005,3,JPTP,116,0
77,1,2005,3,JPTP,118,0
77,1,2005,3,JPTP,120,0
77,1,2005,3,JPTP,122,0
77,1,2005,3,JPTP,124,0
77,1,2005,3,JPTP,126,0
77,1,2005,3,JPTP,128,0
77,1,2005,3,JPTP,130,0
77,1,2005,3,JPTP,132,0
77,1,2005,3,JPTP,134,0
77,1,2005,3,JPTP,136,0
77,1,2005,3,JPTP,138,0
77,1,2005,3,JPTP,140,0
77,1,2005,3,JPTP,142,0
77,1,2005,3,JPTP,144,0
77,1,2005,3,JPTP,146,0
77,1,2005,3,JPTP,148,0
77,1,2005,3,JPTP,150,0
77,1,2005,3,JPTP,152,0
77,1,2005,3,JPTP,154,0
77,1,2005,3,JPTP,156,0
77,1,2005,3,JPTP,158,0
77,1,2005,3,JPTP,160,0
77,1,2005,3,JPTP,162,0
77,1,2005,3,JPTP,164,0
77,1,2005,3,JPTP,166,0
77,1,2005,3,JPTP,168,0
77,1,2005,3,JPTP,170,0
77,1,2005,3,JPTP,172,0
77,1,2005,3,JPTP,174,0
77,1,2005,3,JPTP,176,0
77,1,2005,3,JPTP,178,0
77,1,2005,3,JPTP,180,0
77,1,2005,3,JPTP,182,0
77,1,2005,3,JPTP,184,0
77,1,2005,3,JPTP,186,0
77,1,2005,3,JPTP,188,0
77,1,2005,3,JPTP,190,0
77,1,2005,3,JPTP,192,0
77,1,2005,3,JPTP,194,0
77,1,2005,3,JPTP,196,0
77,1,2005,3,JPTP,198,0
78,1,2005,4,JPTP,10,0
78,1,2005,4,JPTP,12,0
78,1,2005,4,JPTP,14,0
78,1,2005,4,JPTP,16,0
78,1,2005,4,JPTP,18,0
78,1,2005,4,JPTP,20,0
78,1,2005,4,JPTP,22,0
78,1,2005,4,JPTP,24,0
78,1,2005,4,JPTP,26,0
78,1,2005,4,JPTP,28,0
78,1,2005,4,JPTP,30,0.765393190578388
78,1,2005,4,JPTP,32,0
78,1,2005,4,JPTP,34,1.53078638115678
78,1,2005,4,JPTP,36,0.765393190578388
78,1,2005,4,JPTP,38,0
78,1,2005,4,JPTP,40,0.765393190578388
78,1,2005,4,JPTP,42,0
78,1,2005,4,JPTP,44,0
78,1,2005,4,JPTP,46,1.53078638115678
78,1,2005,4,JPTP,48,0
78,1,2005,4,JPTP,50,0
78,1,2005,4,JPTP,52,0
78,1,2005,4,JPTP,54,0
78,1,2005,4,JPTP,56,0
78,1,2005,4,JPTP,58,0
78,1,2005,4,JPTP,60,0
78,1,2005,4,JPTP,62,0
78,1,2005,4,JPTP,64,1
78,1,2005,4,JPTP,66,2
78,1,2005,4,JPTP,68,1
78,1,2005,4,JPTP,70,0.765393190578388
78,1,2005,4,JPTP,72,1
78,1,2005,4,JPTP,74,0.765393190578388
78,1,2005,4,JPTP,76,0
78,1,2005,4,JPTP,78,0
78,1,2005,4,JPTP,80,0
78,1,2005,4,JPTP,82,0
78,1,2005,4,JPTP,84,0
78,1,2005,4,JPTP,86,0
78,1,2005,4,JPTP,88,0
78,1,2005,4,JPTP,90,0
78,1,2005,4,JPTP,92,0
78,1,2005,4,JPTP,94,0
78,1,2005,4,JPTP,96,0
78,1,2005,4,JPTP,98,0
78,1,2005,4,JPTP,100,0
78,1,2005,4,JPTP,102,0
78,1,2005,4,JPTP,104,0
78,1,2005,4,JPTP,106,0
78,1,2005,4,JPTP,108,0
78,1,2005,4,JPTP,110,0
78,1,2005,4,JPTP,112,0
78,1,2005,4,JPTP,114,0
78,1,2005,4,JPTP,116,0
78,1,2005,4,JPTP,118,0
78,1,2005,4,JPTP,120,0
78,1,2005,4,JPTP,122,0
78,1,2005,4,JPTP,124,0
78,1,2005,4,JPTP,126,0
78,1,2005,4,JPTP,128,0
78,1,2005,4,JPTP,130,0
78,1,2005,4,JPTP,132,0
78,1,2005,4,JPTP,134,0
78,1,2005,4,JPTP,136,0
78,1,2005,4,JPTP,138,0
78,1,2005,4,JPTP,140,0
78,1,2005,4,JPTP,142,0
78,1,2005,4,JPTP,144,0
78,1,2005,4,JPTP,146,0
78,1,2005,4,JPTP,148,0
78,1,2005,4,JPTP,150,0
78,1,2005,4,JPTP,152,0
78,1,2005,4,JPTP,154,0
78,1,2005,4,JPTP,156,0
78,1,2005,4,JPTP,158,0
78,1,2005,4,JPTP,160,0
78,1,2005,4,JPTP,162,0
78,1,2005,4,JPTP,164,0
78,1,2005,4,JPTP,166,0
78,1,2005,4,JPTP,168,0
78,1,2005,4,JPTP,170,0
78,1,2005,4,JPTP,172,0
78,1,2005,4,JPTP,174,0
78,1,2005,4,JPTP,176,0
78,1,2005,4,JPTP,178,0
78,1,2005,4,JPTP,180,0
78,1,2005,4,JPTP,182,0
78,1,2005,4,JPTP,184,0
78,1,2005,4,JPTP,186,0
78,1,2005,4,JPTP,188,0
78,1,2005,4,JPTP,190,0
78,1,2005,4,JPTP,192,0
78,1,2005,4,JPTP,194,0
78,1,2005,4,JPTP,196,0
78,1,2005,4,JPTP,198,0
79,1,2006,2,JPTP,10,0
79,1,2006,2,JPTP,12,0
79,1,2006,2,JPTP,14,0
79,1,2006,2,JPTP,16,0
79,1,2006,2,JPTP,18,0
79,1,2006,2,JPTP,20,0
79,1,2006,2,JPTP,22,0
79,1,2006,2,JPTP,24,0
79,1,2006,2,JPTP,26,0
79,1,2006,2,JPTP,28,0
79,1,2006,2,JPTP,30,0
79,1,2006,2,JPTP,32,0
79,1,2006,2,JPTP,34,0
79,1,2006,2,JPTP,36,0
79,1,2006,2,JPTP,38,0
79,1,2006,2,JPTP,40,0
79,1,2006,2,JPTP,42,0
79,1,2006,2,JPTP,44,0.765393190578388
79,1,2006,2,JPTP,46,11.4808978586758
79,1,2006,2,JPTP,48,18.3694365738813
79,1,2006,2,JPTP,50,34.4426935760275
79,1,2006,2,JPTP,52,23.72718890793
79,1,2006,2,JPTP,54,10.7155046680974
79,1,2006,2,JPTP,56,2.29617957173516
79,1,2006,2,JPTP,58,1.53078638115678
79,1,2006,2,JPTP,60,0
79,1,2006,2,JPTP,62,0
79,1,2006,2,JPTP,64,0
79,1,2006,2,JPTP,66,0
79,1,2006,2,JPTP,68,0
79,1,2006,2,JPTP,70,0
79,1,2006,2,JPTP,72,0
79,1,2006,2,JPTP,74,0
79,1,2006,2,JPTP,76,0
79,1,2006,2,JPTP,78,0
79,1,2006,2,JPTP,80,0.765393190578388
79,1,2006,2,JPTP,82,0
79,1,2006,2,JPTP,84,0.765393190578388
79,1,2006,2,JPTP,86,0
79,1,2006,2,JPTP,88,0
79,1,2006,2,JPTP,90,0.765393190578388
79,1,2006,2,JPTP,92,1.53078638115678
79,1,2006,2,JPTP,94,0.765393190578388
79,1,2006,2,JPTP,96,0.765393190578388
79,1,2006,2,JPTP,98,0
79,1,2006,2,JPTP,100,0
79,1,2006,2,JPTP,102,0
79,1,2006,2,JPTP,104,0
79,1,2006,2,JPTP,106,0
79,1,2006,2,JPTP,108,0
79,1,2006,2,JPTP,110,0
79,1,2006,2,JPTP,112,0
79,1,2006,2,JPTP,114,0
79,1,2006,2,JPTP,116,0
79,1,2006,2,JPTP,118,0
79,1,2006,2,JPTP,120,1
79,1,2006,2,JPTP,122,0
79,1,2006,2,JPTP,124,0
79,1,2006,2,JPTP,126,0
79,1,2006,2,JPTP,128,0
79,1,2006,2,JPTP,130,0
79,1,2006,2,JPTP,132,0
79,1,2006,2,JPTP,134,0
79,1,2006,2,JPTP,136,0
79,1,2006,2,JPTP,138,0
79,1,2006,2,JPTP,140,0
79,1,2006,2,JPTP,142,0
79,1,2006,2,JPTP,144,0
79,1,2006,2,JPTP,146,0
79,1,2006,2,JPTP,148,0
79,1,2006,2,JPTP,150,0
79,1,2006,2,JPTP,152,0
79,1,2006,2,JPTP,154,0
79,1,2006,2,JPTP,156,0
79,1,2006,2,JPTP,158,0
79,1,2006,2,JPTP,160,0
79,1,2006,2,JPTP,162,0
79,1,2006,2,JPTP,164,0
79,1,2006,2,JPTP,166,0
79,1,2006,2,JPTP,168,0
79,1,2006,2,JPTP,170,0
79,1,2006,2,JPTP,172,0
79,1,2006,2,JPTP,174,0
79,1,2006,2,JPTP,176,0
79,1,2006,2,JPTP,178,0
79,1,2006,2,JPTP,180,0
79,1,2006,2,JPTP,182,0
79,1,2006,2,JPTP,184,0
79,1,2006,2,JPTP,186,0
79,1,2006,2,JPTP,188,0
79,1,2006,2,JPTP,190,0
79,1,2006,2,JPTP,192,0
79,1,2006,2,JPTP,194,0
79,1,2006,2,JPTP,196,0
79,1,2006,2,JPTP,198,0
80,1,2006,3,JPTP,10,0
80,1,2006,3,JPTP,12,0
80,1,2006,3,JPTP,14,0
80,1,2006,3,JPTP,16,0
80,1,2006,3,JPTP,18,0
80,1,2006,3,JPTP,20,0
80,1,2006,3,JPTP,22,0
80,1,2006,3,JPTP,24,0
80,1,2006,3,JPTP,26,0
80,1,2006,3,JPTP,28,0
80,1,2006,3,JPTP,30,8.41932509636227
80,1,2006,3,JPTP,32,9.18471828694066
80,1,2006,3,JPTP,34,6.12314552462711
80,1,2006,3,JPTP,36,5.35775233404872
80,1,2006,3,JPTP,38,4.59235914347033
80,1,2006,3,JPTP,40,9.95011147751905
80,1,2006,3,JPTP,42,12.2462910492542
80,1,2006,3,JPTP,44,4.59235914347033
80,1,2006,3,JPTP,46,3.06157276231355
80,1,2006,3,JPTP,48,0.765393190578388
80,1,2006,3,JPTP,50,0
80,1,2006,3,JPTP,52,0
80,1,2006,3,JPTP,54,5.35775233404872
80,1,2006,3,JPTP,56,4.59235914347033
80,1,2006,3,JPTP,58,4.59235914347033
80,1,2006,3,JPTP,60,4.59235914347033
80,1,2006,3,JPTP,62,4.59235914347033
80,1,2006,3,JPTP,64,6.12314552462711
80,1,2006,3,JPTP,66,2.29617957173516
80,1,2006,3,JPTP,68,0.765393190578388
80,1,2006,3,JPTP,70,0
80,1,2006,3,JPTP,72,0
80,1,2006,3,JPTP,74,0
80,1,2006,3,JPTP,76,0
80,1,2006,3,JPTP,78,0
80,1,2006,3,JPTP,80,0
80,1,2006,3,JPTP,82,0
80,1,2006,3,JPTP,84,0
80,1,2006,3,JPTP,86,0
80,1,2006,3,JPTP,88,0
80,1,2006,3,JPTP,90,0
80,1,2006,3,JPTP,92,0
80,1,2006,3,JPTP,94,0
80,1,2006,3,JPTP,96,0
80,1,2006,3,JPTP,98,0
80,1,2006,3,JPTP,100,0
80,1,2006,3,JPTP,102,0
80,1,2006,3,JPTP,104,0
80,1,2006,3,JPTP,106,0
80,1,2006,3,JPTP,108,0
80,1,2006,3,JPTP,110,0
80,1,2006,3,JPTP,112,0
80,1,2006,3,JPTP,114,0
80,1,2006,3,JPTP,116,0
80,1,2006,3,JPTP,118,0
80,1,2006,3,JPTP,120,0
80,1,2006,3,JPTP,122,0
80,1,2006,3,JPTP,124,0
80,1,2006,3,JPTP,126,0
80,1,2006,3,JPTP,128,0
80,1,2006,3,JPTP,130,0
80,1,2006,3,JPTP,132,0
80,1,2006,3,JPTP,134,0
80,1,2006,3,JPTP,136,0
80,1,2006,3,JPTP,138,0
80,1,2006,3,JPTP,140,0
80,1,2006,3,JPTP,142,0
80,1,2006,3,JPTP,144,0
80,1,2006,3,JPTP,146,0
80,1,2006,3,JPTP,148,0
80,1,2006,3,JPTP,150,0
80,1,2006,3,JPTP,152,0
80,1,2006,3,JPTP,154,0
80,1,2006,3,JPTP,156,0
80,1,2006,3,JPTP,158,0
80,1,2006,3,JPTP,160,0
80,1,2006,3,JPTP,162,0
80,1,2006,3,JPTP,164,0
80,1,2006,3,JPTP,166,0
80,1,2006,3,JPTP,168,0
80,1,2006,3,JPTP,170,0
80,1,2006,3,JPTP,172,0
80,1,2006,3,JPTP,174,0
80,1,2006,3,JPTP,176,0
80,1,2006,3,JPTP,178,0
80,1,2006,3,JPTP,180,0
80,1,2006,3,JPTP,182,0
80,1,2006,3,JPTP,184,0
80,1,2006,3,JPTP,186,0
80,1,2006,3,JPTP,188,0
80,1,2006,3,JPTP,190,0
80,1,2006,3,JPTP,192,0
80,1,2006,3,JPTP,194,0
80,1,2006,3,JPTP,196,0
80,1,2006,3,JPTP,198,0
81,1,2006,4,JPTP,10,0
81,1,2006,4,JPTP,12,0
81,1,2006,4,JPTP,14,0
81,1,2006,4,JPTP,16,0
81,1,2006,4,JPTP,18,0
81,1,2006,4,JPTP,20,0
81,1,2006,4,JPTP,22,0
81,1,2006,4,JPTP,24,0
81,1,2006,4,JPTP,26,0
81,1,2006,4,JPTP,28,0.765393190578388
81,1,2006,4,JPTP,30,1.53078638115678
81,1,2006,4,JPTP,32,0
81,1,2006,4,JPTP,34,1.53078638115678
81,1,2006,4,JPTP,36,1.53078638115678
81,1,2006,4,JPTP,38,3.82696595289194
81,1,2006,4,JPTP,40,0
81,1,2006,4,JPTP,42,0
81,1,2006,4,JPTP,44,0
81,1,2006,4,JPTP,46,0
81,1,2006,4,JPTP,48,0
81,1,2006,4,JPTP,50,0
81,1,2006,4,JPTP,52,0
81,1,2006,4,JPTP,54,0
81,1,2006,4,JPTP,56,0
81,1,2006,4,JPTP,58,0
81,1,2006,4,JPTP,60,0
81,1,2006,4,JPTP,62,0
81,1,2006,4,JPTP,64,0
81,1,2006,4,JPTP,66,0
81,1,2006,4,JPTP,68,0
81,1,2006,4,JPTP,70,0
81,1,2006,4,JPTP,72,0
81,1,2006,4,JPTP,74,0
81,1,2006,4,JPTP,76,0
81,1,2006,4,JPTP,78,0
81,1,2006,4,JPTP,80,0
81,1,2006,4,JPTP,82,0
81,1,2006,4,JPTP,84,0
81,1,2006,4,JPTP,86,0
81,1,2006,4,JPTP,88,0
81,1,2006,4,JPTP,90,0
81,1,2006,4,JPTP,92,0
81,1,2006,4,JPTP,94,0
81,1,2006,4,JPTP,96,0
81,1,2006,4,JPTP,98,0.765393190578388
81,1,2006,4,JPTP,100,0
81,1,2006,4,JPTP,102,0.765393190578388
81,1,2006,4,JPTP,104,2.29617957173516
81,1,2006,4,JPTP,106,0.765393190578388
81,1,2006,4,JPTP,108,0
81,1,2006,4,JPTP,110,0
81,1,2006,4,JPTP,112,0.765393190578388
81,1,2006,4,JPTP,114,1.53078638115678
81,1,2006,4,JPTP,116,0.765393190578388
81,1,2006,4,JPTP,118,0
81,1,2006,4,JPTP,120,0
81,1,2006,4,JPTP,122,0
81,1,2006,4,JPTP,124,0
81,1,2006,4,JPTP,126,0
81,1,2006,4,JPTP,128,0
81,1,2006,4,JPTP,130,0
81,1,2006,4,JPTP,132,0
81,1,2006,4,JPTP,134,0
81,1,2006,4,JPTP,136,0.765393190578388
81,1,2006,4,JPTP,138,0
81,1,2006,4,JPTP,140,0
81,1,2006,4,JPTP,142,0.765393190578388
81,1,2006,4,JPTP,144,0
81,1,2006,4,JPTP,146,0
81,1,2006,4,JPTP,148,0.765393190578388
81,1,2006,4,JPTP,150,0
81,1,2006,4,JPTP,152,0
81,1,2006,4,JPTP,154,0
81,1,2006,4,JPTP,156,0
81,1,2006,4,JPTP,158,0
81,1,2006,4,JPTP,160,0
81,1,2006,4,JPTP,162,0
81,1,2006,4,JPTP,164,0.765393190578388
81,1,2006,4,JPTP,166,0
81,1,2006,4,JPTP,168,0
81,1,2006,4,JPTP,170,0
81,1,2006,4,JPTP,172,0
81,1,2006,4,JPTP,174,0
81,1,2006,4,JPTP,176,0
81,1,2006,4,JPTP,178,0
81,1,2006,4,JPTP,180,0
81,1,2006,4,JPTP,182,0
81,1,2006,4,JPTP,184,0
81,1,2006,4,JPTP,186,0
81,1,2006,4,JPTP,188,0
81,1,2006,4,JPTP,190,0
81,1,2006,4,JPTP,192,0
81,1,2006,4,JPTP,194,0
81,1,2006,4,JPTP,196,0
81,1,2006,4,JPTP,198,0
82,1,2007,2,JPTP,10,0
82,1,2007,2,JPTP,12,0
82,1,2007,2,JPTP,14,0
82,1,2007,2,JPTP,16,0
82,1,2007,2,JPTP,18,0
82,1,2007,2,JPTP,20,0
82,1,2007,2,JPTP,22,0
82,1,2007,2,JPTP,24,0
82,1,2007,2,JPTP,26,0
82,1,2007,2,JPTP,28,0
82,1,2007,2,JPTP,30,1
82,1,2007,2,JPTP,32,0.747997890792516
82,1,2007,2,JPTP,34,0
82,1,2007,2,JPTP,36,0
82,1,2007,2,JPTP,38,0
82,1,2007,2,JPTP,40,0
82,1,2007,2,JPTP,42,0
82,1,2007,2,JPTP,44,0
82,1,2007,2,JPTP,46,1.49599578158503
82,1,2007,2,JPTP,48,2.24399367237755
82,1,2007,2,JPTP,50,6.73198101713264
82,1,2007,2,JPTP,52,5.98398312634013
82,1,2007,2,JPTP,54,11.2199683618877
82,1,2007,2,JPTP,56,9.72397258030271
82,1,2007,2,JPTP,58,7.47997890792516
82,1,2007,2,JPTP,60,1.49599578158503
82,1,2007,2,JPTP,62,0
82,1,2007,2,JPTP,64,0
82,1,2007,2,JPTP,66,0
82,1,2007,2,JPTP,68,0.747997890792516
82,1,2007,2,JPTP,70,3
82,1,2007,2,JPTP,72,8.97597468951019
82,1,2007,2,JPTP,74,8.97597468951019
82,1,2007,2,JPTP,76,3.73998945396258
82,1,2007,2,JPTP,78,1
82,1,2007,2,JPTP,80,2.24399367237755
82,1,2007,2,JPTP,82,0.747997890792516
82,1,2007,2,JPTP,84,0.747997890792516
82,1,2007,2,JPTP,86,0
82,1,2007,2,JPTP,88,0
82,1,2007,2,JPTP,90,0
82,1,2007,2,JPTP,92,0
82,1,2007,2,JPTP,94,0
82,1,2007,2,JPTP,96,0
82,1,2007,2,JPTP,98,0.747997890792516
82,1,2007,2,JPTP,100,0
82,1,2007,2,JPTP,102,0
82,1,2007,2,JPTP,104,1.49599578158503
82,1,2007,2,JPTP,106,0
82,1,2007,2,JPTP,108,0
82,1,2007,2,JPTP,110,0
82,1,2007,2,JPTP,112,0
82,1,2007,2,JPTP,114,0
82,1,2007,2,JPTP,116,0
82,1,2007,2,JPTP,118,0
82,1,2007,2,JPTP,120,0
82,1,2007,2,JPTP,122,0
82,1,2007,2,JPTP,124,0
82,1,2007,2,JPTP,126,0
82,1,2007,2,JPTP,128,0
82,1,2007,2,JPTP,130,0
82,1,2007,2,JPTP,132,0
82,1,2007,2,JPTP,134,0
82,1,2007,2,JPTP,136,0
82,1,2007,2,JPTP,138,0
82,1,2007,2,JPTP,140,0
82,1,2007,2,JPTP,142,0
82,1,2007,2,JPTP,144,0
82,1,2007,2,JPTP,146,0
82,1,2007,2,JPTP,148,0
82,1,2007,2,JPTP,150,0
82,1,2007,2,JPTP,152,0
82,1,2007,2,JPTP,154,0
82,1,2007,2,JPTP,156,0
82,1,2007,2,JPTP,158,0
82,1,2007,2,JPTP,160,0
82,1,2007,2,JPTP,162,0
82,1,2007,2,JPTP,164,0
82,1,2007,2,JPTP,166,0
82,1,2007,2,JPTP,168,0
82,1,2007,2,JPTP,170,0
82,1,2007,2,JPTP,172,0
82,1,2007,2,JPTP,174,0
82,1,2007,2,JPTP,176,0
82,1,2007,2,JPTP,178,0
82,1,2007,2,JPTP,180,0
82,1,2007,2,JPTP,182,0
82,1,2007,2,JPTP,184,0
82,1,2007,2,JPTP,186,0
82,1,2007,2,JPTP,188,0
82,1,2007,2,JPTP,190,0
82,1,2007,2,JPTP,192,0
82,1,2007,2,JPTP,194,0
82,1,2007,2,JPTP,196,0
82,1,2007,2,JPTP,198,0
83,1,2007,3,JPTP,10,0
83,1,2007,3,JPTP,12,0
83,1,2007,3,JPTP,14,0
83,1,2007,3,JPTP,16,0
83,1,2007,3,JPTP,18,0
83,1,2007,3,JPTP,20,0
83,1,2007,3,JPTP,22,0
83,1,2007,3,JPTP,24,0
83,1,2007,3,JPTP,26,0
83,1,2007,3,JPTP,28,0
83,1,2007,3,JPTP,30,0
83,1,2007,3,JPTP,32,2.38122325957721
83,1,2007,3,JPTP,34,1.78591744468291
83,1,2007,3,JPTP,36,2.38122325957721
83,1,2007,3,JPTP,38,1.1906116297886
83,1,2007,3,JPTP,40,0.595305814894302
83,1,2007,3,JPTP,42,0
83,1,2007,3,JPTP,44,0.595305814894302
83,1,2007,3,JPTP,46,0.595305814894302
83,1,2007,3,JPTP,48,0.595305814894302
83,1,2007,3,JPTP,50,2.38122325957721
83,1,2007,3,JPTP,52,7.73897559362592
83,1,2007,3,JPTP,54,20.2403977064063
83,1,2007,3,JPTP,56,20.8357035213006
83,1,2007,3,JPTP,58,2.97652907447151
83,1,2007,3,JPTP,60,2.97652907447151
83,1,2007,3,JPTP,62,0.595305814894302
83,1,2007,3,JPTP,64,1.1906116297886
83,1,2007,3,JPTP,66,0.595305814894302
83,1,2007,3,JPTP,68,0.595305814894302
83,1,2007,3,JPTP,70,0
83,1,2007,3,JPTP,72,1
83,1,2007,3,JPTP,74,0
83,1,2007,3,JPTP,76,0
83,1,2007,3,JPTP,78,0
83,1,2007,3,JPTP,80,0
83,1,2007,3,JPTP,82,0
83,1,2007,3,JPTP,84,0
83,1,2007,3,JPTP,86,0
83,1,2007,3,JPTP,88,0
83,1,2007,3,JPTP,90,0
83,1,2007,3,JPTP,92,0
83,1,2007,3,JPTP,94,0
83,1,2007,3,JPTP,96,0
83,1,2007,3,JPTP,98,0
83,1,2007,3,JPTP,100,0
83,1,2007,3,JPTP,102,0
83,1,2007,3,JPTP,104,0
83,1,2007,3,JPTP,106,0
83,1,2007,3,JPTP,108,0
83,1,2007,3,JPTP,110,0
83,1,2007,3,JPTP,112,0
83,1,2007,3,JPTP,114,0
83,1,2007,3,JPTP,116,0
83,1,2007,3,JPTP,118,0
83,1,2007,3,JPTP,120,0
83,1,2007,3,JPTP,122,0
83,1,2007,3,JPTP,124,0
83,1,2007,3,JPTP,126,0
83,1,2007,3,JPTP,128,0
83,1,2007,3,JPTP,130,0
83,1,2007,3,JPTP,132,0
83,1,2007,3,JPTP,134,0
83,1,2007,3,JPTP,136,0
83,1,2007,3,JPTP,138,0
83,1,2007,3,JPTP,140,0
83,1,2007,3,JPTP,142,0
83,1,2007,3,JPTP,144,0
83,1,2007,3,JPTP,146,0
83,1,2007,3,JPTP,148,0
83,1,2007,3,JPTP,150,0
83,1,2007,3,JPTP,152,0
83,1,2007,3,JPTP,154,0
83,1,2007,3,JPTP,156,0
83,1,2007,3,JPTP,158,0
83,1,2007,3,JPTP,160,0
83,1,2007,3,JPTP,162,0
83,1,2007,3,JPTP,164,0
83,1,2007,3,JPTP,166,0
83,1,2007,3,JPTP,168,0
83,1,2007,3,JPTP,170,0
83,1,2007,3,JPTP,172,0
83,1,2007,3,JPTP,174,0
83,1,2007,3,JPTP,176,0
83,1,2007,3,JPTP,178,0
83,1,2007,3,JPTP,180,0
83,1,2007,3,JPTP,182,0
83,1,2007,3,JPTP,184,0
83,1,2007,3,JPTP,186,0
83,1,2007,3,JPTP,188,0
83,1,2007,3,JPTP,190,0
83,1,2007,3,JPTP,192,0
83,1,2007,3,JPTP,194,0
83,1,2007,3,JPTP,196,0
83,1,2007,3,JPTP,198,0
84,1,2008,2,JPTP,10,0
84,1,2008,2,JPTP,12,0
84,1,2008,2,JPTP,14,0
84,1,2008,2,JPTP,16,0
84,1,2008,2,JPTP,18,0
84,1,2008,2,JPTP,20,0
84,1,2008,2,JPTP,22,0
84,1,2008,2,JPTP,24,0
84,1,2008,2,JPTP,26,0
84,1,2008,2,JPTP,28,0
84,1,2008,2,JPTP,30,0
84,1,2008,2,JPTP,32,0
84,1,2008,2,JPTP,34,0
84,1,2008,2,JPTP,36,0
84,1,2008,2,JPTP,38,0
84,1,2008,2,JPTP,40,0
84,1,2008,2,JPTP,42,0.765393190578388
84,1,2008,2,JPTP,44,0.765393190578388
84,1,2008,2,JPTP,46,16.8386501927245
84,1,2008,2,JPTP,48,26.0233684796652
84,1,2008,2,JPTP,50,3.82696595289194
84,1,2008,2,JPTP,52,2.29617957173516
84,1,2008,2,JPTP,54,1.53078638115678
84,1,2008,2,JPTP,56,2.29617957173516
84,1,2008,2,JPTP,58,2.29617957173516
84,1,2008,2,JPTP,60,3.06157276231355
84,1,2008,2,JPTP,62,2.29617957173516
84,1,2008,2,JPTP,64,1.53078638115678
84,1,2008,2,JPTP,66,2.29617957173516
84,1,2008,2,JPTP,68,0
84,1,2008,2,JPTP,70,0
84,1,2008,2,JPTP,72,0.765393190578388
84,1,2008,2,JPTP,74,0
84,1,2008,2,JPTP,76,0
84,1,2008,2,JPTP,78,0.765393190578388
84,1,2008,2,JPTP,80,0.765393190578388
84,1,2008,2,JPTP,82,0
84,1,2008,2,JPTP,84,0
84,1,2008,2,JPTP,86,0
84,1,2008,2,JPTP,88,0
84,1,2008,2,JPTP,90,0
84,1,2008,2,JPTP,92,0
84,1,2008,2,JPTP,94,0
84,1,2008,2,JPTP,96,0
84,1,2008,2,JPTP,98,0
84,1,2008,2,JPTP,100,0
84,1,2008,2,JPTP,102,0
84,1,2008,2,JPTP,104,0
84,1,2008,2,JPTP,106,0
84,1,2008,2,JPTP,108,0
84,1,2008,2,JPTP,110,0
84,1,2008,2,JPTP,112,0
84,1,2008,2,JPTP,114,0
84,1,2008,2,JPTP,116,0
84,1,2008,2,JPTP,118,0
84,1,2008,2,JPTP,120,0
84,1,2008,2,JPTP,122,0
84,1,2008,2,JPTP,124,0
84,1,2008,2,JPTP,126,0
84,1,2008,2,JPTP,128,0
84,1,2008,2,JPTP,130,0
84,1,2008,2,JPTP,132,0
84,1,2008,2,JPTP,134,0
84,1,2008,2,JPTP,136,0
84,1,2008,2,JPTP,138,0
84,1,2008,2,JPTP,140,0
84,1,2008,2,JPTP,142,0
84,1,2008,2,JPTP,144,0
84,1,2008,2,JPTP,146,0
84,1,2008,2,JPTP,148,0
84,1,2008,2,JPTP,150,0
84,1,2008,2,JPTP,152,0
84,1,2008,2,JPTP,154,0
84,1,2008,2,JPTP,156,0
84,1,2008,2,JPTP,158,0
84,1,2008,2,JPTP,160,0
84,1,2008,2,JPTP,162,0
84,1,2008,2,JPTP,164,0
84,1,2008,2,JPTP,166,0
84,1,2008,2,JPTP,168,0
84,1,2008,2,JPTP,170,0
84,1,2008,2,JPTP,172,0
84,1,2008,2,JPTP,174,0
84,1,2008,2,JPTP,176,0
84,1,2008,2,JPTP,178,0
84,1,2008,2,JPTP,180,0
84,1,2008,2,JPTP,182,0
84,1,2008,2,JPTP,184,0
84,1,2008,2,JPTP,186,0
84,1,2008,2,JPTP,188,0
84,1,2008,2,JPTP,190,0
84,1,2008,2,JPTP,192,0
84,1,2008,2,JPTP,194,0
84,1,2008,2,JPTP,196,0
84,1,2008,2,JPTP,198,0
85,1,2008,3,JPTP,10,0
85,1,2008,3,JPTP,12,0
85,1,2008,3,JPTP,14,0
85,1,2008,3,JPTP,16,0
85,1,2008,3,JPTP,18,0
85,1,2008,3,JPTP,20,0
85,1,2008,3,JPTP,22,0
85,1,2008,3,JPTP,24,0
85,1,2008,3,JPTP,26,0
85,1,2008,3,JPTP,28,0
85,1,2008,3,JPTP,30,0
85,1,2008,3,JPTP,32,0
85,1,2008,3,JPTP,34,1.45327820995896
85,1,2008,3,JPTP,36,0
85,1,2008,3,JPTP,38,0
85,1,2008,3,JPTP,40,0.726639104979482
85,1,2008,3,JPTP,42,0
85,1,2008,3,JPTP,44,0
85,1,2008,3,JPTP,46,0
85,1,2008,3,JPTP,48,2.90655641991793
85,1,2008,3,JPTP,50,5.81311283983586
85,1,2008,3,JPTP,52,15.2594212045691
85,1,2008,3,JPTP,54,101.729474697128
85,1,2008,3,JPTP,56,143.874542785938
85,1,2008,3,JPTP,58,122.802008741533
85,1,2008,3,JPTP,60,86.4700534925584
85,1,2008,3,JPTP,62,61.0376848182765
85,1,2008,3,JPTP,64,49.4114591386048
85,1,2008,3,JPTP,66,26.8856468842408
85,1,2008,3,JPTP,68,16.7126994145281
85,1,2008,3,JPTP,70,5.81311283983586
85,1,2008,3,JPTP,72,2.90655641991793
85,1,2008,3,JPTP,74,4.35983462987689
85,1,2008,3,JPTP,76,7.26639104979482
85,1,2008,3,JPTP,78,7.26639104979482
85,1,2008,3,JPTP,80,10.1729474697128
85,1,2008,3,JPTP,82,6.53975194481534
85,1,2008,3,JPTP,84,5.81311283983586
85,1,2008,3,JPTP,86,0
85,1,2008,3,JPTP,88,1.45327820995896
85,1,2008,3,JPTP,90,0.726639104979482
85,1,2008,3,JPTP,92,0.726639104979482
85,1,2008,3,JPTP,94,0
85,1,2008,3,JPTP,96,0
85,1,2008,3,JPTP,98,0.726639104979482
85,1,2008,3,JPTP,100,0
85,1,2008,3,JPTP,102,0
85,1,2008,3,JPTP,104,0
85,1,2008,3,JPTP,106,0.726639104979482
85,1,2008,3,JPTP,108,0.726639104979482
85,1,2008,3,JPTP,110,0
85,1,2008,3,JPTP,112,0
85,1,2008,3,JPTP,114,0
85,1,2008,3,JPTP,116,0
85,1,2008,3,JPTP,118,0
85,1,2008,3,JPTP,120,0
85,1,2008,3,JPTP,122,0
85,1,2008,3,JPTP,124,0
85,1,2008,3,JPTP,126,0
85,1,2008,3,JPTP,128,0
85,1,2008,3,JPTP,130,0
85,1,2008,3,JPTP,132,0
85,1,2008,3,JPTP,134,0
85,1,2008,3,JPTP,136,0
85,1,2008,3,JPTP,138,0
85,1,2008,3,JPTP,140,0
85,1,2008,3,JPTP,142,0
85,1,2008,3,JPTP,144,0
85,1,2008,3,JPTP,146,0
85,1,2008,3,JPTP,148,0
85,1,2008,3,JPTP,150,0
85,1,2008,3,JPTP,152,0
85,1,2008,3,JPTP,154,0
85,1,2008,3,JPTP,156,0
85,1,2008,3,JPTP,158,0
85,1,2008,3,JPTP,160,0
85,1,2008,3,JPTP,162,0
85,1,2008,3,JPTP,164,0
85,1,2008,3,JPTP,166,0
85,1,2008,3,JPTP,168,0
85,1,2008,3,JPTP,170,0
85,1,2008,3,JPTP,172,0
85,1,2008,3,JPTP,174,0
85,1,2008,3,JPTP,176,0
85,1,2008,3,JPTP,178,0
85,1,2008,3,JPTP,180,0
85,1,2008,3,JPTP,182,0
85,1,2008,3,JPTP,184,0
85,1,2008,3,JPTP,186,0
85,1,2008,3,JPTP,188,0
85,1,2008,3,JPTP,190,0
85,1,2008,3,JPTP,192,0
85,1,2008,3,JPTP,194,0
85,1,2008,3,JPTP,196,0
85,1,2008,3,JPTP,198,0
86,1,2008,4,JPTP,10,0
86,1,2008,4,JPTP,12,0
86,1,2008,4,JPTP,14,0
86,1,2008,4,JPTP,16,0
86,1,2008,4,JPTP,18,0
86,1,2008,4,JPTP,20,0
86,1,2008,4,JPTP,22,0
86,1,2008,4,JPTP,24,0
86,1,2008,4,JPTP,26,0
86,1,2008,4,JPTP,28,0
86,1,2008,4,JPTP,30,0
86,1,2008,4,JPTP,32,0.765393190578388
86,1,2008,4,JPTP,34,0
86,1,2008,4,JPTP,36,0.765393190578388
86,1,2008,4,JPTP,38,1.53078638115678
86,1,2008,4,JPTP,40,0.765393190578388
86,1,2008,4,JPTP,42,0.765393190578388
86,1,2008,4,JPTP,44,0.765393190578388
86,1,2008,4,JPTP,46,0
86,1,2008,4,JPTP,48,0
86,1,2008,4,JPTP,50,0
86,1,2008,4,JPTP,52,0
86,1,2008,4,JPTP,54,0
86,1,2008,4,JPTP,56,0
86,1,2008,4,JPTP,58,0
86,1,2008,4,JPTP,60,1.53078638115678
86,1,2008,4,JPTP,62,1.53078638115678
86,1,2008,4,JPTP,64,0.765393190578388
86,1,2008,4,JPTP,66,0.765393190578388
86,1,2008,4,JPTP,68,0
86,1,2008,4,JPTP,70,0
86,1,2008,4,JPTP,72,0
86,1,2008,4,JPTP,74,0
86,1,2008,4,JPTP,76,0
86,1,2008,4,JPTP,78,0
86,1,2008,4,JPTP,80,0
86,1,2008,4,JPTP,82,0
86,1,2008,4,JPTP,84,0
86,1,2008,4,JPTP,86,0
86,1,2008,4,JPTP,88,0
86,1,2008,4,JPTP,90,0
86,1,2008,4,JPTP,92,0.765393190578388
86,1,2008,4,JPTP,94,2.29617957173516
86,1,2008,4,JPTP,96,6.12314552462711
86,1,2008,4,JPTP,98,3.06157276231355
86,1,2008,4,JPTP,100,2.29617957173516
86,1,2008,4,JPTP,102,0
86,1,2008,4,JPTP,104,3.06157276231355
86,1,2008,4,JPTP,106,2.29617957173516
86,1,2008,4,JPTP,108,2.29617957173516
86,1,2008,4,JPTP,110,1.53078638115678
86,1,2008,4,JPTP,112,0
86,1,2008,4,JPTP,114,2.29617957173516
86,1,2008,4,JPTP,116,0
86,1,2008,4,JPTP,118,0
86,1,2008,4,JPTP,120,0
86,1,2008,4,JPTP,122,0
86,1,2008,4,JPTP,124,0.765393190578388
86,1,2008,4,JPTP,126,0.765393190578388
86,1,2008,4,JPTP,128,0.765393190578388
86,1,2008,4,JPTP,130,1.53078638115678
86,1,2008,4,JPTP,132,0.765393190578388
86,1,2008,4,JPTP,134,0
86,1,2008,4,JPTP,136,1
86,1,2008,4,JPTP,138,0.765393190578388
86,1,2008,4,JPTP,140,0.765393190578388
86,1,2008,4,JPTP,142,0.765393190578388
86,1,2008,4,JPTP,144,0.765393190578388
86,1,2008,4,JPTP,146,0
86,1,2008,4,JPTP,148,0
86,1,2008,4,JPTP,150,0
86,1,2008,4,JPTP,152,0
86,1,2008,4,JPTP,154,0
86,1,2008,4,JPTP,156,0
86,1,2008,4,JPTP,158,0
86,1,2008,4,JPTP,160,0
86,1,2008,4,JPTP,162,0
86,1,2008,4,JPTP,164,0
86,1,2008,4,JPTP,166,0.765393190578388
86,1,2008,4,JPTP,168,0
86,1,2008,4,JPTP,170,0
86,1,2008,4,JPTP,172,0
86,1,2008,4,JPTP,174,0
86,1,2008,4,JPTP,176,0
86,1,2008,4,JPTP,178,0
86,1,2008,4,JPTP,180,0
86,1,2008,4,JPTP,182,0
86,1,2008,4,JPTP,184,0
86,1,2008,4,JPTP,186,0
86,1,2008,4,JPTP,188,0
86,1,2008,4,JPTP,190,0
86,1,2008,4,JPTP,192,0
86,1,2008,4,JPTP,194,0
86,1,2008,4,JPTP,196,0
86,1,2008,4,JPTP,198,0
87,1,2009,2,JPTP,10,0
87,1,2009,2,JPTP,12,0
87,1,2009,2,JPTP,14,0
87,1,2009,2,JPTP,16,0
87,1,2009,2,JPTP,18,0
87,1,2009,2,JPTP,20,0
87,1,2009,2,JPTP,22,0
87,1,2009,2,JPTP,24,0
87,1,2009,2,JPTP,26,0
87,1,2009,2,JPTP,28,0
87,1,2009,2,JPTP,30,0
87,1,2009,2,JPTP,32,0
87,1,2009,2,JPTP,34,0
87,1,2009,2,JPTP,36,0
87,1,2009,2,JPTP,38,0
87,1,2009,2,JPTP,40,0
87,1,2009,2,JPTP,42,0.765393190578388
87,1,2009,2,JPTP,44,0.765393190578388
87,1,2009,2,JPTP,46,3.82696595289194
87,1,2009,2,JPTP,48,9.18471828694066
87,1,2009,2,JPTP,50,11.4808978586758
87,1,2009,2,JPTP,52,14.5424706209894
87,1,2009,2,JPTP,54,16.0732570021461
87,1,2009,2,JPTP,56,13.0116842398326
87,1,2009,2,JPTP,58,3.82696595289194
87,1,2009,2,JPTP,60,0
87,1,2009,2,JPTP,62,1
87,1,2009,2,JPTP,64,0
87,1,2009,2,JPTP,66,0
87,1,2009,2,JPTP,68,0
87,1,2009,2,JPTP,70,0
87,1,2009,2,JPTP,72,0
87,1,2009,2,JPTP,74,0
87,1,2009,2,JPTP,76,0
87,1,2009,2,JPTP,78,0
87,1,2009,2,JPTP,80,0
87,1,2009,2,JPTP,82,0
87,1,2009,2,JPTP,84,0.765393190578388
87,1,2009,2,JPTP,86,0
87,1,2009,2,JPTP,88,0
87,1,2009,2,JPTP,90,0
87,1,2009,2,JPTP,92,0
87,1,2009,2,JPTP,94,0
87,1,2009,2,JPTP,96,0
87,1,2009,2,JPTP,98,0
87,1,2009,2,JPTP,100,0.765393190578388
87,1,2009,2,JPTP,102,0
87,1,2009,2,JPTP,104,0
87,1,2009,2,JPTP,106,0
87,1,2009,2,JPTP,108,0
87,1,2009,2,JPTP,110,0
87,1,2009,2,JPTP,112,0
87,1,2009,2,JPTP,114,0
87,1,2009,2,JPTP,116,0
87,1,2009,2,JPTP,118,0
87,1,2009,2,JPTP,120,0
87,1,2009,2,JPTP,122,0
87,1,2009,2,JPTP,124,0
87,1,2009,2,JPTP,126,0
87,1,2009,2,JPTP,128,0
87,1,2009,2,JPTP,130,0
87,1,2009,2,JPTP,132,0
87,1,2009,2,JPTP,134,0
87,1,2009,2,JPTP,136,0
87,1,2009,2,JPTP,138,0
87,1,2009,2,JPTP,140,0
87,1,2009,2,JPTP,142,0
87,1,2009,2,JPTP,144,0
87,1,2009,2,JPTP,146,0
87,1,2009,2,JPTP,148,0
87,1,2009,2,JPTP,150,0
87,1,2009,2,JPTP,152,0
87,1,2009,2,JPTP,154,0
87,1,2009,2,JPTP,156,0
87,1,2009,2,JPTP,158,0
87,1,2009,2,JPTP,160,0
87,1,2009,2,JPTP,162,0
87,1,2009,2,JPTP,164,0
87,1,2009,2,JPTP,166,0
87,1,2009,2,JPTP,168,0
87,1,2009,2,JPTP,170,0
87,1,2009,2,JPTP,172,0
87,1,2009,2,JPTP,174,0
87,1,2009,2,JPTP,176,0
87,1,2009,2,JPTP,178,0
87,1,2009,2,JPTP,180,0
87,1,2009,2,JPTP,182,0
87,1,2009,2,JPTP,184,0
87,1,2009,2,JPTP,186,0
87,1,2009,2,JPTP,188,0
87,1,2009,2,JPTP,190,0
87,1,2009,2,JPTP,192,0
87,1,2009,2,JPTP,194,0
87,1,2009,2,JPTP,196,0
87,1,2009,2,JPTP,198,0
88,1,2009,3,JPTP,10,0
88,1,2009,3,JPTP,12,0
88,1,2009,3,JPTP,14,0
88,1,2009,3,JPTP,16,0
88,1,2009,3,JPTP,18,0
88,1,2009,3,JPTP,20,0
88,1,2009,3,JPTP,22,0
88,1,2009,3,JPTP,24,0
88,1,2009,3,JPTP,26,0
88,1,2009,3,JPTP,28,0
88,1,2009,3,JPTP,30,0.745767724153301
88,1,2009,3,JPTP,32,0.745767724153301
88,1,2009,3,JPTP,34,2.2373031724599
88,1,2009,3,JPTP,36,0.745767724153301
88,1,2009,3,JPTP,38,1.4915354483066
88,1,2009,3,JPTP,40,0.745767724153301
88,1,2009,3,JPTP,42,0.745767724153301
88,1,2009,3,JPTP,44,1.4915354483066
88,1,2009,3,JPTP,46,1.4915354483066
88,1,2009,3,JPTP,48,3.72883862076651
88,1,2009,3,JPTP,50,32.068012138592
88,1,2009,3,JPTP,52,164.068899313726
88,1,2009,3,JPTP,54,165.560434762033
88,1,2009,3,JPTP,56,55.9325793114976
88,1,2009,3,JPTP,58,14.1695867589127
88,1,2009,3,JPTP,60,2.2373031724599
88,1,2009,3,JPTP,62,5.22037406907311
88,1,2009,3,JPTP,64,2.98307089661321
88,1,2009,3,JPTP,66,0
88,1,2009,3,JPTP,68,0
88,1,2009,3,JPTP,70,0
88,1,2009,3,JPTP,72,0
88,1,2009,3,JPTP,74,0
88,1,2009,3,JPTP,76,0
88,1,2009,3,JPTP,78,0
88,1,2009,3,JPTP,80,0
88,1,2009,3,JPTP,82,0
88,1,2009,3,JPTP,84,0
88,1,2009,3,JPTP,86,0
88,1,2009,3,JPTP,88,0
88,1,2009,3,JPTP,90,0
88,1,2009,3,JPTP,92,0
88,1,2009,3,JPTP,94,0
88,1,2009,3,JPTP,96,0
88,1,2009,3,JPTP,98,0
88,1,2009,3,JPTP,100,0
88,1,2009,3,JPTP,102,0
88,1,2009,3,JPTP,104,0
88,1,2009,3,JPTP,106,0
88,1,2009,3,JPTP,108,0
88,1,2009,3,JPTP,110,0
88,1,2009,3,JPTP,112,0
88,1,2009,3,JPTP,114,0
88,1,2009,3,JPTP,116,0
88,1,2009,3,JPTP,118,0
88,1,2009,3,JPTP,120,0
88,1,2009,3,JPTP,122,0
88,1,2009,3,JPTP,124,0
88,1,2009,3,JPTP,126,0
88,1,2009,3,JPTP,128,0
88,1,2009,3,JPTP,130,0
88,1,2009,3,JPTP,132,0
88,1,2009,3,JPTP,134,0
88,1,2009,3,JPTP,136,0
88,1,2009,3,JPTP,138,0
88,1,2009,3,JPTP,140,0
88,1,2009,3,JPTP,142,0
88,1,2009,3,JPTP,144,0
88,1,2009,3,JPTP,146,0
88,1,2009,3,JPTP,148,0
88,1,2009,3,JPTP,150,0
88,1,2009,3,JPTP,152,0
88,1,2009,3,JPTP,154,0
88,1,2009,3,JPTP,156,0
88,1,2009,3,JPTP,158,0
88,1,2009,3,JPTP,160,0
88,1,2009,3,JPTP,162,0
88,1,2009,3,JPTP,164,0
88,1,2009,3,JPTP,166,0
88,1,2009,3,JPTP,168,0
88,1,2009,3,JPTP,170,0
88,1,2009,3,JPTP,172,0
88,1,2009,3,JPTP,174,0
88,1,2009,3,JPTP,176,0
88,1,2009,3,JPTP,178,0
88,1,2009,3,JPTP,180,0
88,1,2009,3,JPTP,182,0
88,1,2009,3,JPTP,184,0
88,1,2009,3,JPTP,186,0
88,1,2009,3,JPTP,188,0
88,1,2009,3,JPTP,190,0
88,1,2009,3,JPTP,192,0
88,1,2009,3,JPTP,194,0
88,1,2009,3,JPTP,196,0
88,1,2009,3,JPTP,198,0
89,1,2010,2,JPTP,10,0
89,1,2010,2,JPTP,12,0
89,1,2010,2,JPTP,14,0
89,1,2010,2,JPTP,16,0
89,1,2010,2,JPTP,18,0
89,1,2010,2,JPTP,20,0
89,1,2010,2,JPTP,22,0
89,1,2010,2,JPTP,24,0
89,1,2010,2,JPTP,26,0
89,1,2010,2,JPTP,28,0
89,1,2010,2,JPTP,30,0
89,1,2010,2,JPTP,32,0
89,1,2010,2,JPTP,34,0
89,1,2010,2,JPTP,36,0
89,1,2010,2,JPTP,38,0
89,1,2010,2,JPTP,40,0
89,1,2010,2,JPTP,42,0
89,1,2010,2,JPTP,44,0
89,1,2010,2,JPTP,46,0
89,1,2010,2,JPTP,48,0
89,1,2010,2,JPTP,50,1.53078638115678
89,1,2010,2,JPTP,52,2.29617957173516
89,1,2010,2,JPTP,54,9.95011147751905
89,1,2010,2,JPTP,56,5.35775233404872
89,1,2010,2,JPTP,58,2.29617957173516
89,1,2010,2,JPTP,60,3.82696595289194
89,1,2010,2,JPTP,62,4.59235914347033
89,1,2010,2,JPTP,64,0.765393190578388
89,1,2010,2,JPTP,66,0
89,1,2010,2,JPTP,68,2.29617957173516
89,1,2010,2,JPTP,70,0.765393190578388
89,1,2010,2,JPTP,72,3.06157276231355
89,1,2010,2,JPTP,74,1.53078638115678
89,1,2010,2,JPTP,76,1.53078638115678
89,1,2010,2,JPTP,78,2.29617957173516
89,1,2010,2,JPTP,80,0
89,1,2010,2,JPTP,82,0
89,1,2010,2,JPTP,84,0
89,1,2010,2,JPTP,86,0
89,1,2010,2,JPTP,88,0
89,1,2010,2,JPTP,90,0
89,1,2010,2,JPTP,92,0
89,1,2010,2,JPTP,94,0
89,1,2010,2,JPTP,96,0
89,1,2010,2,JPTP,98,0
89,1,2010,2,JPTP,100,0
89,1,2010,2,JPTP,102,0
89,1,2010,2,JPTP,104,0
89,1,2010,2,JPTP,106,0
89,1,2010,2,JPTP,108,0
89,1,2010,2,JPTP,110,0
89,1,2010,2,JPTP,112,0
89,1,2010,2,JPTP,114,0
89,1,2010,2,JPTP,116,0
89,1,2010,2,JPTP,118,0
89,1,2010,2,JPTP,120,0
89,1,2010,2,JPTP,122,0
89,1,2010,2,JPTP,124,0
89,1,2010,2,JPTP,126,0
89,1,2010,2,JPTP,128,0
89,1,2010,2,JPTP,130,0
89,1,2010,2,JPTP,132,0
89,1,2010,2,JPTP,134,0
89,1,2010,2,JPTP,136,0
89,1,2010,2,JPTP,138,0
89,1,2010,2,JPTP,140,0
89,1,2010,2,JPTP,142,0
89,1,2010,2,JPTP,144,0
89,1,2010,2,JPTP,146,0
89,1,2010,2,JPTP,148,0
89,1,2010,2,JPTP,150,0
89,1,2010,2,JPTP,152,0
89,1,2010,2,JPTP,154,0
89,1,2010,2,JPTP,156,0
89,1,2010,2,JPTP,158,0
89,1,2010,2,JPTP,160,0
89,1,2010,2,JPTP,162,0
89,1,2010,2,JPTP,164,0
89,1,2010,2,JPTP,166,0
89,1,2010,2,JPTP,168,0
89,1,2010,2,JPTP,170,0
89,1,2010,2,JPTP,172,0
89,1,2010,2,JPTP,174,0
89,1,2010,2,JPTP,176,0
89,1,2010,2,JPTP,178,0
89,1,2010,2,JPTP,180,0
89,1,2010,2,JPTP,182,0
89,1,2010,2,JPTP,184,0
89,1,2010,2,JPTP,186,0
89,1,2010,2,JPTP,188,0
89,1,2010,2,JPTP,190,0
89,1,2010,2,JPTP,192,0
89,1,2010,2,JPTP,194,0
89,1,2010,2,JPTP,196,0
89,1,2010,2,JPTP,198,0
90,1,2010,3,JPTP,10,0
90,1,2010,3,JPTP,12,0
90,1,2010,3,JPTP,14,0
90,1,2010,3,JPTP,16,0
90,1,2010,3,JPTP,18,0
90,1,2010,3,JPTP,20,0
90,1,2010,3,JPTP,22,0
90,1,2010,3,JPTP,24,0
90,1,2010,3,JPTP,26,0
90,1,2010,3,JPTP,28,0.680349502736345
90,1,2010,3,JPTP,30,0
90,1,2010,3,JPTP,32,0
90,1,2010,3,JPTP,34,0
90,1,2010,3,JPTP,36,0.680349502736345
90,1,2010,3,JPTP,38,0
90,1,2010,3,JPTP,40,0
90,1,2010,3,JPTP,42,0
90,1,2010,3,JPTP,44,0
90,1,2010,3,JPTP,46,0
90,1,2010,3,JPTP,48,0
90,1,2010,3,JPTP,50,1.36069900547269
90,1,2010,3,JPTP,52,8.84454353557248
90,1,2010,3,JPTP,54,36.7388731477626
90,1,2010,3,JPTP,56,17.689087071145
90,1,2010,3,JPTP,58,13.6069900547269
90,1,2010,3,JPTP,60,10.8855920437815
90,1,2010,3,JPTP,62,6.80349502736345
90,1,2010,3,JPTP,64,3.40174751368173
90,1,2010,3,JPTP,66,2.04104850820903
90,1,2010,3,JPTP,68,1.36069900547269
90,1,2010,3,JPTP,70,3.40174751368173
90,1,2010,3,JPTP,72,7.48384453009979
90,1,2010,3,JPTP,74,8.16419403283614
90,1,2010,3,JPTP,76,12.2462910492542
90,1,2010,3,JPTP,78,9.52489303830883
90,1,2010,3,JPTP,80,2.04104850820903
90,1,2010,3,JPTP,82,0
90,1,2010,3,JPTP,84,0
90,1,2010,3,JPTP,86,0
90,1,2010,3,JPTP,88,0.680349502736345
90,1,2010,3,JPTP,90,0.680349502736345
90,1,2010,3,JPTP,92,0
90,1,2010,3,JPTP,94,0
90,1,2010,3,JPTP,96,0
90,1,2010,3,JPTP,98,0
90,1,2010,3,JPTP,100,0
90,1,2010,3,JPTP,102,0
90,1,2010,3,JPTP,104,0
90,1,2010,3,JPTP,106,0.680349502736345
90,1,2010,3,JPTP,108,1.36069900547269
90,1,2010,3,JPTP,110,2.04104850820903
90,1,2010,3,JPTP,112,0
90,1,2010,3,JPTP,114,0.680349502736345
90,1,2010,3,JPTP,116,0
90,1,2010,3,JPTP,118,0
90,1,2010,3,JPTP,120,0
90,1,2010,3,JPTP,122,0
90,1,2010,3,JPTP,124,0
90,1,2010,3,JPTP,126,0
90,1,2010,3,JPTP,128,0
90,1,2010,3,JPTP,130,0
90,1,2010,3,JPTP,132,0
90,1,2010,3,JPTP,134,0
90,1,2010,3,JPTP,136,0
90,1,2010,3,JPTP,138,0
90,1,2010,3,JPTP,140,0
90,1,2010,3,JPTP,142,0
90,1,2010,3,JPTP,144,0
90,1,2010,3,JPTP,146,0
90,1,2010,3,JPTP,148,0
90,1,2010,3,JPTP,150,0
90,1,2010,3,JPTP,152,0
90,1,2010,3,JPTP,154,0
90,1,2010,3,JPTP,156,0
90,1,2010,3,JPTP,158,0
90,1,2010,3,JPTP,160,0
90,1,2010,3,JPTP,162,0
90,1,2010,3,JPTP,164,0
90,1,2010,3,JPTP,166,0
90,1,2010,3,JPTP,168,0
90,1,2010,3,JPTP,170,0
90,1,2010,3,JPTP,172,0
90,1,2010,3,JPTP,174,0
90,1,2010,3,JPTP,176,0
90,1,2010,3,JPTP,178,0
90,1,2010,3,JPTP,180,0
90,1,2010,3,JPTP,182,0
90,1,2010,3,JPTP,184,0
90,1,2010,3,JPTP,186,0
90,1,2010,3,JPTP,188,0
90,1,2010,3,JPTP,190,0
90,1,2010,3,JPTP,192,0
90,1,2010,3,JPTP,194,0
90,1,2010,3,JPTP,196,0
90,1,2010,3,JPTP,198,0
91,1,2010,4,JPTP,10,0
91,1,2010,4,JPTP,12,0
91,1,2010,4,JPTP,14,0
91,1,2010,4,JPTP,16,0
91,1,2010,4,JPTP,18,0
91,1,2010,4,JPTP,20,0
91,1,2010,4,JPTP,22,0
91,1,2010,4,JPTP,24,0
91,1,2010,4,JPTP,26,0
91,1,2010,4,JPTP,28,3.06157276231355
91,1,2010,4,JPTP,30,7.65393190578388
91,1,2010,4,JPTP,32,6.88853871520549
91,1,2010,4,JPTP,34,1.53078638115678
91,1,2010,4,JPTP,36,0.765393190578388
91,1,2010,4,JPTP,38,3.82696595289194
91,1,2010,4,JPTP,40,3.06157276231355
91,1,2010,4,JPTP,42,0
91,1,2010,4,JPTP,44,0
91,1,2010,4,JPTP,46,0.765393190578388
91,1,2010,4,JPTP,48,0
91,1,2010,4,JPTP,50,0
91,1,2010,4,JPTP,52,0
91,1,2010,4,JPTP,54,0
91,1,2010,4,JPTP,56,0
91,1,2010,4,JPTP,58,0
91,1,2010,4,JPTP,60,0
91,1,2010,4,JPTP,62,0
91,1,2010,4,JPTP,64,0
91,1,2010,4,JPTP,66,0
91,1,2010,4,JPTP,68,0
91,1,2010,4,JPTP,70,0
91,1,2010,4,JPTP,72,0
91,1,2010,4,JPTP,74,0
91,1,2010,4,JPTP,76,0
91,1,2010,4,JPTP,78,0
91,1,2010,4,JPTP,80,0
91,1,2010,4,JPTP,82,0
91,1,2010,4,JPTP,84,0
91,1,2010,4,JPTP,86,0
91,1,2010,4,JPTP,88,0
91,1,2010,4,JPTP,90,0
91,1,2010,4,JPTP,92,0
91,1,2010,4,JPTP,94,0
91,1,2010,4,JPTP,96,0
91,1,2010,4,JPTP,98,0
91,1,2010,4,JPTP,100,0
91,1,2010,4,JPTP,102,0
91,1,2010,4,JPTP,104,0
91,1,2010,4,JPTP,106,0
91,1,2010,4,JPTP,108,0
91,1,2010,4,JPTP,110,0
91,1,2010,4,JPTP,112,0
91,1,2010,4,JPTP,114,0
91,1,2010,4,JPTP,116,0
91,1,2010,4,JPTP,118,0
91,1,2010,4,JPTP,120,0
91,1,2010,4,JPTP,122,0
91,1,2010,4,JPTP,124,0
91,1,2010,4,JPTP,126,0
91,1,2010,4,JPTP,128,0
91,1,2010,4,JPTP,130,0
91,1,2010,4,JPTP,132,0
91,1,2010,4,JPTP,134,0
91,1,2010,4,JPTP,136,0
91,1,2010,4,JPTP,138,0
91,1,2010,4,JPTP,140,0
91,1,2010,4,JPTP,142,0
91,1,2010,4,JPTP,144,0
91,1,2010,4,JPTP,146,0
91,1,2010,4,JPTP,148,0
91,1,2010,4,JPTP,150,0
91,1,2010,4,JPTP,152,0
91,1,2010,4,JPTP,154,0
91,1,2010,4,JPTP,156,0
91,1,2010,4,JPTP,158,0
91,1,2010,4,JPTP,160,0
91,1,2010,4,JPTP,162,0
91,1,2010,4,JPTP,164,0
91,1,2010,4,JPTP,166,0
91,1,2010,4,JPTP,168,0
91,1,2010,4,JPTP,170,0
91,1,2010,4,JPTP,172,0
91,1,2010,4,JPTP,174,0
91,1,2010,4,JPTP,176,0
91,1,2010,4,JPTP,178,0
91,1,2010,4,JPTP,180,0
91,1,2010,4,JPTP,182,0
91,1,2010,4,JPTP,184,0
91,1,2010,4,JPTP,186,0
91,1,2010,4,JPTP,188,0
91,1,2010,4,JPTP,190,0
91,1,2010,4,JPTP,192,0
91,1,2010,4,JPTP,194,0
91,1,2010,4,JPTP,196,0
91,1,2010,4,JPTP,198,0
92,1,2012,1,JPTP,10,0
92,1,2012,1,JPTP,12,0
92,1,2012,1,JPTP,14,0
92,1,2012,1,JPTP,16,0
92,1,2012,1,JPTP,18,0
92,1,2012,1,JPTP,20,0
92,1,2012,1,JPTP,22,0
92,1,2012,1,JPTP,24,0
92,1,2012,1,JPTP,26,0
92,1,2012,1,JPTP,28,0
92,1,2012,1,JPTP,30,0
92,1,2012,1,JPTP,32,0
92,1,2012,1,JPTP,34,0.637827658815324
92,1,2012,1,JPTP,36,0
92,1,2012,1,JPTP,38,0
92,1,2012,1,JPTP,40,1.27565531763065
92,1,2012,1,JPTP,42,7.65393190578388
92,1,2012,1,JPTP,44,8.92958722341453
92,1,2012,1,JPTP,46,9.56741488222985
92,1,2012,1,JPTP,48,5.10262127052259
92,1,2012,1,JPTP,50,2.55131063526129
92,1,2012,1,JPTP,52,1.27565531763065
92,1,2012,1,JPTP,54,0.637827658815324
92,1,2012,1,JPTP,56,0
92,1,2012,1,JPTP,58,0.637827658815324
92,1,2012,1,JPTP,60,0
92,1,2012,1,JPTP,62,0
92,1,2012,1,JPTP,64,0
92,1,2012,1,JPTP,66,0
92,1,2012,1,JPTP,68,0
92,1,2012,1,JPTP,70,0
92,1,2012,1,JPTP,72,0
92,1,2012,1,JPTP,74,0
92,1,2012,1,JPTP,76,0
92,1,2012,1,JPTP,78,0
92,1,2012,1,JPTP,80,0
92,1,2012,1,JPTP,82,0
92,1,2012,1,JPTP,84,0
92,1,2012,1,JPTP,86,0
92,1,2012,1,JPTP,88,0
92,1,2012,1,JPTP,90,0
92,1,2012,1,JPTP,92,0
92,1,2012,1,JPTP,94,0
92,1,2012,1,JPTP,96,0
92,1,2012,1,JPTP,98,0
92,1,2012,1,JPTP,100,0
92,1,2012,1,JPTP,102,0
92,1,2012,1,JPTP,104,0
92,1,2012,1,JPTP,106,0
92,1,2012,1,JPTP,108,0
92,1,2012,1,JPTP,110,0
92,1,2012,1,JPTP,112,0
92,1,2012,1,JPTP,114,0
92,1,2012,1,JPTP,116,0
92,1,2012,1,JPTP,118,0
92,1,2012,1,JPTP,120,0
92,1,2012,1,JPTP,122,0
92,1,2012,1,JPTP,124,0
92,1,2012,1,JPTP,126,0
92,1,2012,1,JPTP,128,0
92,1,2012,1,JPTP,130,0
92,1,2012,1,JPTP,132,0
92,1,2012,1,JPTP,134,0
92,1,2012,1,JPTP,136,0
92,1,2012,1,JPTP,138,0
92,1,2012,1,JPTP,140,0
92,1,2012,1,JPTP,142,0
92,1,2012,1,JPTP,144,0
92,1,2012,1,JPTP,146,0
92,1,2012,1,JPTP,148,0
92,1,2012,1,JPTP,150,0
92,1,2012,1,JPTP,152,0
92,1,2012,1,JPTP,154,0
92,1,2012,1,JPTP,156,0
92,1,2012,1,JPTP,158,0
92,1,2012,1,JPTP,160,0
92,1,2012,1,JPTP,162,0
92,1,2012,1,JPTP,164,0
92,1,2012,1,JPTP,166,0
92,1,2012,1,JPTP,168,0
92,1,2012,1,JPTP,170,0
92,1,2012,1,JPTP,172,0
92,1,2012,1,JPTP,174,0
92,1,2012,1,JPTP,176,0
92,1,2012,1,JPTP,178,0
92,1,2012,1,JPTP,180,0
92,1,2012,1,JPTP,182,0
92,1,2012,1,JPTP,184,0
92,1,2012,1,JPTP,186,0
92,1,2012,1,JPTP,188,0
92,1,2012,1,JPTP,190,0
92,1,2012,1,JPTP,192,0
92,1,2012,1,JPTP,194,0
92,1,2012,1,JPTP,196,0
92,1,2012,1,JPTP,198,0
93,1,2012,2,JPTP,10,0
93,1,2012,2,JPTP,12,0
93,1,2012,2,JPTP,14,0
93,1,2012,2,JPTP,16,0
93,1,2012,2,JPTP,18,0
93,1,2012,2,JPTP,20,0
93,1,2012,2,JPTP,22,0
93,1,2012,2,JPTP,24,0
93,1,2012,2,JPTP,26,0
93,1,2012,2,JPTP,28,0
93,1,2012,2,JPTP,30,0
93,1,2012,2,JPTP,32,0
93,1,2012,2,JPTP,34,0
93,1,2012,2,JPTP,36,0
93,1,2012,2,JPTP,38,0
93,1,2012,2,JPTP,40,0
93,1,2012,2,JPTP,42,0.765393190578388
93,1,2012,2,JPTP,44,6.12314552462711
93,1,2012,2,JPTP,46,22.1964025267733
93,1,2012,2,JPTP,48,17.6040433833029
93,1,2012,2,JPTP,50,1.53078638115678
93,1,2012,2,JPTP,52,2.29617957173516
93,1,2012,2,JPTP,54,0
93,1,2012,2,JPTP,56,0
93,1,2012,2,JPTP,58,0
93,1,2012,2,JPTP,60,0
93,1,2012,2,JPTP,62,0
93,1,2012,2,JPTP,64,0
93,1,2012,2,JPTP,66,0
93,1,2012,2,JPTP,68,0
93,1,2012,2,JPTP,70,0
93,1,2012,2,JPTP,72,0
93,1,2012,2,JPTP,74,0
93,1,2012,2,JPTP,76,0
93,1,2012,2,JPTP,78,0
93,1,2012,2,JPTP,80,0
93,1,2012,2,JPTP,82,0
93,1,2012,2,JPTP,84,0
93,1,2012,2,JPTP,86,0
93,1,2012,2,JPTP,88,0
93,1,2012,2,JPTP,90,0
93,1,2012,2,JPTP,92,0
93,1,2012,2,JPTP,94,0
93,1,2012,2,JPTP,96,0
93,1,2012,2,JPTP,98,0
93,1,2012,2,JPTP,100,0
93,1,2012,2,JPTP,102,0
93,1,2012,2,JPTP,104,0
93,1,2012,2,JPTP,106,0
93,1,2012,2,JPTP,108,0
93,1,2012,2,JPTP,110,0
93,1,2012,2,JPTP,112,0
93,1,2012,2,JPTP,114,0
93,1,2012,2,JPTP,116,0
93,1,2012,2,JPTP,118,0
93,1,2012,2,JPTP,120,0
93,1,2012,2,JPTP,122,0
93,1,2012,2,JPTP,124,0
93,1,2012,2,JPTP,126,0
93,1,2012,2,JPTP,128,0
93,1,2012,2,JPTP,130,0
93,1,2012,2,JPTP,132,0
93,1,2012,2,JPTP,134,0
93,1,2012,2,JPTP,136,0
93,1,2012,2,JPTP,138,0
93,1,2012,2,JPTP,140,0
93,1,2012,2,JPTP,142,0
93,1,2012,2,JPTP,144,0
93,1,2012,2,JPTP,146,0
93,1,2012,2,JPTP,148,0
93,1,2012,2,JPTP,150,0
93,1,2012,2,JPTP,152,0
93,1,2012,2,JPTP,154,0
93,1,2012,2,JPTP,156,0
93,1,2012,2,JPTP,158,0
93,1,2012,2,JPTP,160,0
93,1,2012,2,JPTP,162,0
93,1,2012,2,JPTP,164,0
93,1,2012,2,JPTP,166,0
93,1,2012,2,JPTP,168,0
93,1,2012,2,JPTP,170,0
93,1,2012,2,JPTP,172,0
93,1,2012,2,JPTP,174,0
93,1,2012,2,JPTP,176,0
93,1,2012,2,JPTP,178,0
93,1,2012,2,JPTP,180,0
93,1,2012,2,JPTP,182,0
93,1,2012,2,JPTP,184,0
93,1,2012,2,JPTP,186,0
93,1,2012,2,JPTP,188,0
93,1,2012,2,JPTP,190,0
93,1,2012,2,JPTP,192,0
93,1,2012,2,JPTP,194,0
93,1,2012,2,JPTP,196,0
93,1,2012,2,JPTP,198,0
94,1,2014,2,JPTP,10,0
94,1,2014,2,JPTP,12,0
94,1,2014,2,JPTP,14,0
94,1,2014,2,JPTP,16,0
94,1,2014,2,JPTP,18,0
94,1,2014,2,JPTP,20,0
94,1,2014,2,JPTP,22,0
94,1,2014,2,JPTP,24,0
94,1,2014,2,JPTP,26,0
94,1,2014,2,JPTP,28,0
94,1,2014,2,JPTP,30,0
94,1,2014,2,JPTP,32,0
94,1,2014,2,JPTP,34,0
94,1,2014,2,JPTP,36,0
94,1,2014,2,JPTP,38,0
94,1,2014,2,JPTP,40,0
94,1,2014,2,JPTP,42,0
94,1,2014,2,JPTP,44,0.510262127052259
94,1,2014,2,JPTP,46,0
94,1,2014,2,JPTP,48,1.53078638115678
94,1,2014,2,JPTP,50,2.04104850820903
94,1,2014,2,JPTP,52,4.08209701641807
94,1,2014,2,JPTP,54,2.55131063526129
94,1,2014,2,JPTP,56,0
94,1,2014,2,JPTP,58,1.02052425410452
94,1,2014,2,JPTP,60,0
94,1,2014,2,JPTP,62,0
94,1,2014,2,JPTP,64,0
94,1,2014,2,JPTP,66,0
94,1,2014,2,JPTP,68,0
94,1,2014,2,JPTP,70,0
94,1,2014,2,JPTP,72,0
94,1,2014,2,JPTP,74,0
94,1,2014,2,JPTP,76,0
94,1,2014,2,JPTP,78,0
94,1,2014,2,JPTP,80,0
94,1,2014,2,JPTP,82,0
94,1,2014,2,JPTP,84,0
94,1,2014,2,JPTP,86,0
94,1,2014,2,JPTP,88,0
94,1,2014,2,JPTP,90,0
94,1,2014,2,JPTP,92,0
94,1,2014,2,JPTP,94,0
94,1,2014,2,JPTP,96,0
94,1,2014,2,JPTP,98,0
94,1,2014,2,JPTP,100,0
94,1,2014,2,JPTP,102,0
94,1,2014,2,JPTP,104,0
94,1,2014,2,JPTP,106,0
94,1,2014,2,JPTP,108,0
94,1,2014,2,JPTP,110,0
94,1,2014,2,JPTP,112,0
94,1,2014,2,JPTP,114,0
94,1,2014,2,JPTP,116,0
94,1,2014,2,JPTP,118,0
94,1,2014,2,JPTP,120,0
94,1,2014,2,JPTP,122,0
94,1,2014,2,JPTP,124,0
94,1,2014,2,JPTP,126,0
94,1,2014,2,JPTP,128,0
94,1,2014,2,JPTP,130,0
94,1,2014,2,JPTP,132,0
94,1,2014,2,JPTP,134,0
94,1,2014,2,JPTP,136,0
94,1,2014,2,JPTP,138,0
94,1,2014,2,JPTP,140,0
94,1,2014,2,JPTP,142,0
94,1,2014,2,JPTP,144,0
94,1,2014,2,JPTP,146,0
94,1,2014,2,JPTP,148,0
94,1,2014,2,JPTP,150,0
94,1,2014,2,JPTP,152,0
94,1,2014,2,JPTP,154,0
94,1,2014,2,JPTP,156,0
94,1,2014,2,JPTP,158,0
94,1,2014,2,JPTP,160,0
94,1,2014,2,JPTP,162,0
94,1,2014,2,JPTP,164,0
94,1,2014,2,JPTP,166,0
94,1,2014,2,JPTP,168,0
94,1,2014,2,JPTP,170,0
94,1,2014,2,JPTP,172,0
94,1,2014,2,JPTP,174,0
94,1,2014,2,JPTP,176,0
94,1,2014,2,JPTP,178,0
94,1,2014,2,JPTP,180,0
94,1,2014,2,JPTP,182,0
94,1,2014,2,JPTP,184,0
94,1,2014,2,JPTP,186,0
94,1,2014,2,JPTP,188,0
94,1,2014,2,JPTP,190,0
94,1,2014,2,JPTP,192,0
94,1,2014,2,JPTP,194,0
94,1,2014,2,JPTP,196,0
94,1,2014,2,JPTP,198,0
95,1,2017,1,JPTP,10,0
95,1,2017,1,JPTP,12,0
95,1,2017,1,JPTP,14,0
95,1,2017,1,JPTP,16,0
95,1,2017,1,JPTP,18,0
95,1,2017,1,JPTP,20,0
95,1,2017,1,JPTP,22,0
95,1,2017,1,JPTP,24,0
95,1,2017,1,JPTP,26,0
95,1,2017,1,JPTP,28,0
95,1,2017,1,JPTP,30,0
95,1,2017,1,JPTP,32,0
95,1,2017,1,JPTP,34,0
95,1,2017,1,JPTP,36,0
95,1,2017,1,JPTP,38,0
95,1,2017,1,JPTP,40,0
95,1,2017,1,JPTP,42,0
95,1,2017,1,JPTP,44,0
95,1,2017,1,JPTP,46,4.59235914347033
95,1,2017,1,JPTP,48,2.29617957173516
95,1,2017,1,JPTP,50,6.12314552462711
95,1,2017,1,JPTP,52,6.88853871520549
95,1,2017,1,JPTP,54,3.06157276231355
95,1,2017,1,JPTP,56,0.765393190578388
95,1,2017,1,JPTP,58,0
95,1,2017,1,JPTP,60,0
95,1,2017,1,JPTP,62,0
95,1,2017,1,JPTP,64,0
95,1,2017,1,JPTP,66,0
95,1,2017,1,JPTP,68,0
95,1,2017,1,JPTP,70,0
95,1,2017,1,JPTP,72,0
95,1,2017,1,JPTP,74,0
95,1,2017,1,JPTP,76,0
95,1,2017,1,JPTP,78,0
95,1,2017,1,JPTP,80,0
95,1,2017,1,JPTP,82,0
95,1,2017,1,JPTP,84,0
95,1,2017,1,JPTP,86,0
95,1,2017,1,JPTP,88,0
95,1,2017,1,JPTP,90,0
95,1,2017,1,JPTP,92,0
95,1,2017,1,JPTP,94,0
95,1,2017,1,JPTP,96,0
95,1,2017,1,JPTP,98,0
95,1,2017,1,JPTP,100,0
95,1,2017,1,JPTP,102,0
95,1,2017,1,JPTP,104,0
95,1,2017,1,JPTP,106,0
95,1,2017,1,JPTP,108,0
95,1,2017,1,JPTP,110,0
95,1,2017,1,JPTP,112,0
95,1,2017,1,JPTP,114,0
95,1,2017,1,JPTP,116,0
95,1,2017,1,JPTP,118,0
95,1,2017,1,JPTP,120,0
95,1,2017,1,JPTP,122,0
95,1,2017,1,JPTP,124,0
95,1,2017,1,JPTP,126,0
95,1,2017,1,JPTP,128,0
95,1,2017,1,JPTP,130,0
95,1,2017,1,JPTP,132,0
95,1,2017,1,JPTP,134,0
95,1,2017,1,JPTP,136,0
95,1,2017,1,JPTP,138,0
95,1,2017,1,JPTP,140,0
95,1,2017,1,JPTP,142,0
95,1,2017,1,JPTP,144,0
95,1,2017,1,JPTP,146,0
95,1,2017,1,JPTP,148,0
95,1,2017,1,JPTP,150,0
95,1,2017,1,JPTP,152,0
95,1,2017,1,JPTP,154,0
95,1,2017,1,JPTP,156,0
95,1,2017,1,JPTP,158,0
95,1,2017,1,JPTP,160,0
95,1,2017,1,JPTP,162,0
95,1,2017,1,JPTP,164,0
95,1,2017,1,JPTP,166,0
95,1,2017,1,JPTP,168,0
95,1,2017,1,JPTP,170,0
95,1,2017,1,JPTP,172,0
95,1,2017,1,JPTP,174,0
95,1,2017,1,JPTP,176,0
95,1,2017,1,JPTP,178,0
95,1,2017,1,JPTP,180,0
95,1,2017,1,JPTP,182,0
95,1,2017,1,JPTP,184,0
95,1,2017,1,JPTP,186,0
95,1,2017,1,JPTP,188,0
95,1,2017,1,JPTP,190,0
95,1,2017,1,JPTP,192,0
95,1,2017,1,JPTP,194,0
95,1,2017,1,JPTP,196,0
95,1,2017,1,JPTP,198,0
96,3,2001,3,JPTP,10,0
96,3,2001,3,JPTP,12,0
96,3,2001,3,JPTP,14,0
96,3,2001,3,JPTP,16,0
96,3,2001,3,JPTP,18,0
96,3,2001,3,JPTP,20,0
96,3,2001,3,JPTP,22,0
96,3,2001,3,JPTP,24,0
96,3,2001,3,JPTP,26,0
96,3,2001,3,JPTP,28,0
96,3,2001,3,JPTP,30,2.29617957173516
96,3,2001,3,JPTP,32,5.35775233404872
96,3,2001,3,JPTP,34,5.35775233404872
96,3,2001,3,JPTP,36,2.29617957173516
96,3,2001,3,JPTP,38,0
96,3,2001,3,JPTP,40,0
96,3,2001,3,JPTP,42,0
96,3,2001,3,JPTP,44,0
96,3,2001,3,JPTP,46,0.765393190578388
96,3,2001,3,JPTP,48,0
96,3,2001,3,JPTP,50,0.765393190578388
96,3,2001,3,JPTP,52,0
96,3,2001,3,JPTP,54,0.765393190578388
96,3,2001,3,JPTP,56,0
96,3,2001,3,JPTP,58,0
96,3,2001,3,JPTP,60,0
96,3,2001,3,JPTP,62,0
96,3,2001,3,JPTP,64,0
96,3,2001,3,JPTP,66,0
96,3,2001,3,JPTP,68,0
96,3,2001,3,JPTP,70,0
96,3,2001,3,JPTP,72,0
96,3,2001,3,JPTP,74,0
96,3,2001,3,JPTP,76,0
96,3,2001,3,JPTP,78,0
96,3,2001,3,JPTP,80,0
96,3,2001,3,JPTP,82,0
96,3,2001,3,JPTP,84,0
96,3,2001,3,JPTP,86,0
96,3,2001,3,JPTP,88,0
96,3,2001,3,JPTP,90,0
96,3,2001,3,JPTP,92,0
96,3,2001,3,JPTP,94,0
96,3,2001,3,JPTP,96,0
96,3,2001,3,JPTP,98,0
96,3,2001,3,JPTP,100,0
96,3,2001,3,JPTP,102,0
96,3,2001,3,JPTP,104,0
96,3,2001,3,JPTP,106,0
96,3,2001,3,JPTP,108,0
96,3,2001,3,JPTP,110,0
96,3,2001,3,JPTP,112,0
96,3,2001,3,JPTP,114,0
96,3,2001,3,JPTP,116,0
96,3,2001,3,JPTP,118,0
96,3,2001,3,JPTP,120,0
96,3,2001,3,JPTP,122,0
96,3,2001,3,JPTP,124,0
96,3,2001,3,JPTP,126,0
96,3,2001,3,JPTP,128,0
96,3,2001,3,JPTP,130,0
96,3,2001,3,JPTP,132,0
96,3,2001,3,JPTP,134,0
96,3,2001,3,JPTP,136,0
96,3,2001,3,JPTP,138,0
96,3,2001,3,JPTP,140,0
96,3,2001,3,JPTP,142,0
96,3,2001,3,JPTP,144,0
96,3,2001,3,JPTP,146,0
96,3,2001,3,JPTP,148,0
96,3,2001,3,JPTP,150,0
96,3,2001,3,JPTP,152,0
96,3,2001,3,JPTP,154,0
96,3,2001,3,JPTP,156,0
96,3,2001,3,JPTP,158,0
96,3,2001,3,JPTP,160,0
96,3,2001,3,JPTP,162,0
96,3,2001,3,JPTP,164,0
96,3,2001,3,JPTP,166,0
96,3,2001,3,JPTP,168,0
96,3,2001,3,JPTP,170,0
96,3,2001,3,JPTP,172,0
96,3,2001,3,JPTP,174,0
96,3,2001,3,JPTP,176,0
96,3,2001,3,JPTP,178,0
96,3,2001,3,JPTP,180,0
96,3,2001,3,JPTP,182,0
96,3,2001,3,JPTP,184,0
96,3,2001,3,JPTP,186,0
96,3,2001,3,JPTP,188,0
96,3,2001,3,JPTP,190,0
96,3,2001,3,JPTP,192,0
96,3,2001,3,JPTP,194,0
96,3,2001,3,JPTP,196,0
96,3,2001,3,JPTP,198,0
97,3,2003,4,JPTP,10,0
97,3,2003,4,JPTP,12,0
97,3,2003,4,JPTP,14,0
97,3,2003,4,JPTP,16,0
97,3,2003,4,JPTP,18,0
97,3,2003,4,JPTP,20,0
97,3,2003,4,JPTP,22,0
97,3,2003,4,JPTP,24,0
97,3,2003,4,JPTP,26,0
97,3,2003,4,JPTP,28,0
97,3,2003,4,JPTP,30,0.765393190578388
97,3,2003,4,JPTP,32,0
97,3,2003,4,JPTP,34,0
97,3,2003,4,JPTP,36,0
97,3,2003,4,JPTP,38,3.06157276231355
97,3,2003,4,JPTP,40,3.82696595289194
97,3,2003,4,JPTP,42,0.765393190578388
97,3,2003,4,JPTP,44,3.82696595289194
97,3,2003,4,JPTP,46,1.53078638115678
97,3,2003,4,JPTP,48,1.53078638115678
97,3,2003,4,JPTP,50,0.765393190578388
97,3,2003,4,JPTP,52,0
97,3,2003,4,JPTP,54,0
97,3,2003,4,JPTP,56,0
97,3,2003,4,JPTP,58,0
97,3,2003,4,JPTP,60,0
97,3,2003,4,JPTP,62,0.765393190578388
97,3,2003,4,JPTP,64,0.765393190578388
97,3,2003,4,JPTP,66,0.765393190578388
97,3,2003,4,JPTP,68,1.53078638115678
97,3,2003,4,JPTP,70,1.53078638115678
97,3,2003,4,JPTP,72,0.765393190578388
97,3,2003,4,JPTP,74,0
97,3,2003,4,JPTP,76,0
97,3,2003,4,JPTP,78,0
97,3,2003,4,JPTP,80,0
97,3,2003,4,JPTP,82,0
97,3,2003,4,JPTP,84,0.765393190578388
97,3,2003,4,JPTP,86,0
97,3,2003,4,JPTP,88,0
97,3,2003,4,JPTP,90,0
97,3,2003,4,JPTP,92,0
97,3,2003,4,JPTP,94,0
97,3,2003,4,JPTP,96,0
97,3,2003,4,JPTP,98,0
97,3,2003,4,JPTP,100,0
97,3,2003,4,JPTP,102,0
97,3,2003,4,JPTP,104,0
97,3,2003,4,JPTP,106,0
97,3,2003,4,JPTP,108,0
97,3,2003,4,JPTP,110,0
97,3,2003,4,JPTP,112,0
97,3,2003,4,JPTP,114,0
97,3,2003,4,JPTP,116,0
97,3,2003,4,JPTP,118,0
97,3,2003,4,JPTP,120,0
97,3,2003,4,JPTP,122,0
97,3,2003,4,JPTP,124,0
97,3,2003,4,JPTP,126,0
97,3,2003,4,JPTP,128,0
97,3,2003,4,JPTP,130,0
97,3,2003,4,JPTP,132,0
97,3,2003,4,JPTP,134,0
97,3,2003,4,JPTP,136,0
97,3,2003,4,JPTP,138,0
97,3,2003,4,JPTP,140,0
97,3,2003,4,JPTP,142,0
97,3,2003,4,JPTP,144,0
97,3,2003,4,JPTP,146,0
97,3,2003,4,JPTP,148,0
97,3,2003,4,JPTP,150,0
97,3,2003,4,JPTP,152,0
97,3,2003,4,JPTP,154,0
97,3,2003,4,JPTP,156,0
97,3,2003,4,JPTP,158,0
97,3,2003,4,JPTP,160,0
97,3,2003,4,JPTP,162,0
97,3,2003,4,JPTP,164,0
97,3,2003,4,JPTP,166,0
97,3,2003,4,JPTP,168,0
97,3,2003,4,JPTP,170,0
97,3,2003,4,JPTP,172,0
97,3,2003,4,JPTP,174,0
97,3,2003,4,JPTP,176,0
97,3,2003,4,JPTP,178,0
97,3,2003,4,JPTP,180,0
97,3,2003,4,JPTP,182,0
97,3,2003,4,JPTP,184,0
97,3,2003,4,JPTP,186,0
97,3,2003,4,JPTP,188,0
97,3,2003,4,JPTP,190,0
97,3,2003,4,JPTP,192,0
97,3,2003,4,JPTP,194,0
97,3,2003,4,JPTP,196,0
97,3,2003,4,JPTP,198,0
98,3,2005,3,JPTP,10,0
98,3,2005,3,JPTP,12,0
98,3,2005,3,JPTP,14,0
98,3,2005,3,JPTP,16,0
98,3,2005,3,JPTP,18,0
98,3,2005,3,JPTP,20,0
98,3,2005,3,JPTP,22,0
98,3,2005,3,JPTP,24,0
98,3,2005,3,JPTP,26,0
98,3,2005,3,JPTP,28,0
98,3,2005,3,JPTP,30,0
98,3,2005,3,JPTP,32,2.62420522484019
98,3,2005,3,JPTP,34,1.96815391863014
98,3,2005,3,JPTP,36,11.8089235117808
98,3,2005,3,JPTP,38,24.9299496359818
98,3,2005,3,JPTP,40,7.21656436831052
98,3,2005,3,JPTP,42,2.62420522484019
98,3,2005,3,JPTP,44,3.28025653105023
98,3,2005,3,JPTP,46,1.96815391863014
98,3,2005,3,JPTP,48,0.656051306210047
98,3,2005,3,JPTP,50,2.62420522484019
98,3,2005,3,JPTP,52,0
98,3,2005,3,JPTP,54,4.59235914347033
98,3,2005,3,JPTP,56,5.90446175589042
98,3,2005,3,JPTP,58,1.96815391863014
98,3,2005,3,JPTP,60,6.56051306210047
98,3,2005,3,JPTP,62,1.31210261242009
98,3,2005,3,JPTP,64,1.96815391863014
98,3,2005,3,JPTP,66,4.59235914347033
98,3,2005,3,JPTP,68,9.18471828694066
98,3,2005,3,JPTP,70,3.93630783726028
98,3,2005,3,JPTP,72,3.93630783726028
98,3,2005,3,JPTP,74,3.28025653105023
98,3,2005,3,JPTP,76,3.28025653105023
98,3,2005,3,JPTP,78,2.62420522484019
98,3,2005,3,JPTP,80,4.59235914347033
98,3,2005,3,JPTP,82,1.96815391863014
98,3,2005,3,JPTP,84,1.31210261242009
98,3,2005,3,JPTP,86,0
98,3,2005,3,JPTP,88,0
98,3,2005,3,JPTP,90,0
98,3,2005,3,JPTP,92,0
98,3,2005,3,JPTP,94,0
98,3,2005,3,JPTP,96,0
98,3,2005,3,JPTP,98,0
98,3,2005,3,JPTP,100,0
98,3,2005,3,JPTP,102,0
98,3,2005,3,JPTP,104,0
98,3,2005,3,JPTP,106,0
98,3,2005,3,JPTP,108,0
98,3,2005,3,JPTP,110,0
98,3,2005,3,JPTP,112,0
98,3,2005,3,JPTP,114,0
98,3,2005,3,JPTP,116,0
98,3,2005,3,JPTP,118,0
98,3,2005,3,JPTP,120,0
98,3,2005,3,JPTP,122,0
98,3,2005,3,JPTP,124,0
98,3,2005,3,JPTP,126,0
98,3,2005,3,JPTP,128,0
98,3,2005,3,JPTP,130,0
98,3,2005,3,JPTP,132,0
98,3,2005,3,JPTP,134,0
98,3,2005,3,JPTP,136,0
98,3,2005,3,JPTP,138,0
98,3,2005,3,JPTP,140,0
98,3,2005,3,JPTP,142,0
98,3,2005,3,JPTP,144,0
98,3,2005,3,JPTP,146,0
98,3,2005,3,JPTP,148,0
98,3,2005,3,JPTP,150,0
98,3,2005,3,JPTP,152,0
98,3,2005,3,JPTP,154,0
98,3,2005,3,JPTP,156,0
98,3,2005,3,JPTP,158,0
98,3,2005,3,JPTP,160,0
98,3,2005,3,JPTP,162,0
98,3,2005,3,JPTP,164,0
98,3,2005,3,JPTP,166,0
98,3,2005,3,JPTP,168,0
98,3,2005,3,JPTP,170,0
98,3,2005,3,JPTP,172,0
98,3,2005,3,JPTP,174,0
98,3,2005,3,JPTP,176,0
98,3,2005,3,JPTP,178,0
98,3,2005,3,JPTP,180,0
98,3,2005,3,JPTP,182,0
98,3,2005,3,JPTP,184,0
98,3,2005,3,JPTP,186,0
98,3,2005,3,JPTP,188,0
98,3,2005,3,JPTP,190,0
98,3,2005,3,JPTP,192,0
98,3,2005,3,JPTP,194,0
98,3,2005,3,JPTP,196,0
98,3,2005,3,JPTP,198,0
