year,season,fishery,area,catch
1952,1,1,1,4579.7
1953,1,1,1,4883.49
1954,1,1,1,4644.29
1955,1,1,1,4813.13
1956,1,1,1,8797.06
1957,1,1,1,9148.02
1958,1,1,1,8799.26
1959,1,1,1,7239.25
1960,1,1,1,12067.4
1961,1,1,1,5211.76
1962,1,1,1,3292.36
1963,1,1,1,5663.51
1964,1,1,1,3142.5
1965,1,1,1,2361.15
1966,1,1,1,2596.73
1967,1,1,1,4327.08
1968,1,1,1,2029.21
1969,1,1,1,2827.95
1970,1,1,1,2381.37
1971,1,1,1,2024.23
1972,1,1,1,1915.19
1973,1,1,1,1529.98
1974,1,1,1,1715.41
1975,1,1,1,2507.05
1976,1,1,1,2209.28
1977,1,1,1,3736.54
1978,1,1,1,3125.2
1979,1,1,1,2320.44
1980,1,1,1,2585.11
1981,1,1,1,2093.56
1982,1,1,1,2329.32
1983,1,1,1,2194.36
1984,1,1,1,2358.6
1985,1,1,1,2077
1986,1,1,1,2726.67
1987,1,1,1,2140.49
1988,1,1,1,2348.69
1989,1,1,1,2301.43
1990,1,1,1,2537.42
1991,1,1,1,2619.3
1992,1,1,1,2353.88
1993,1,1,1,3487.65
1994,1,1,1,1812.86
1995,1,1,1,2261.64
1996,1,1,1,1587.33
1997,1,1,1,1761.52
1998,1,1,1,1722.6
1999,1,1,1,2002.38
2000,1,1,1,1888.61
2001,1,1,1,1407.56
2002,1,1,1,1529.92
2003,1,1,1,1585.98
2004,1,1,1,1794.83
2005,1,1,1,2135.43
2006,1,1,1,2341.01
2007,1,1,1,2362.92
2008,1,1,1,2035.58
2009,1,1,1,1620.49
2010,1,1,1,1581.37
2011,1,1,1,1752.51
2012,1,1,1,1443.96
2013,1,1,1,1058
2014,1,1,1,1345.92
2015,1,1,1,1975.07
2016,1,1,1,1712.86
2017,1,1,1,1232.85
2018,1,1,1,1694.97
2019,1,1,1,1970.72
2020,1,1,1,1832.48
2021,1,1,1,2369.79
2022,1,1,1,1211.88
2023,1,1,1,1718.57
2024,1,1,1,1802.81
1952,1,2,1,2828.22
1953,1,2,1,6395.57
1954,1,2,1,1013.09
1955,1,2,1,5380.65
1956,1,2,1,2637.63
1957,1,2,1,3861.82
1958,1,2,1,7460.72
1959,1,2,1,10532.6
1960,1,2,1,8505.73
1961,1,2,1,7901.12
1962,1,2,1,9271.32
1963,1,2,1,10191.4
1964,1,2,1,5915.87
1965,1,2,1,3269.2
1966,1,2,1,3692.6
1967,1,2,1,5110.98
1968,1,2,1,3798.5
1969,1,2,1,4209.55
1970,1,2,1,5087.13
1971,1,2,1,4284.89
1972,1,2,1,3888.06
1973,1,2,1,5786.36
1974,1,2,1,3959.88
1975,1,2,1,3611.21
1976,1,2,1,4877.01
1977,1,2,1,2569.55
1978,1,2,1,4940.94
1979,1,2,1,4989.84
1980,1,2,1,4739.01
1981,1,2,1,4724.33
1982,1,2,1,4834.35
1983,1,2,1,3633.55
1984,1,2,1,4068.66
1985,1,2,1,3200.85
1986,1,2,1,4522.91
1987,1,2,1,5704.95
1988,1,2,1,8527.87
1989,1,2,1,6535.16
1990,1,2,1,4809.81
1991,1,2,1,6093.39
1992,1,2,1,3928.76
1993,1,2,1,5052.7
1994,1,2,1,4108.91
1995,1,2,1,3667.09
1996,1,2,1,2082.7
1997,1,2,1,2033.74
1998,1,2,1,1702.62
1999,1,2,1,1782.09
2000,1,2,1,1248.21
2001,1,2,1,1299.42
2002,1,2,1,1344.27
2003,1,2,1,4643.25
2004,1,2,1,2648.56
2005,1,2,1,5026.15
2006,1,2,1,2422.83
2007,1,2,1,1956.28
2008,1,2,1,4028.11
2009,1,2,1,703.382
2010,1,2,1,237.259
2011,1,2,1,1717.25
2012,1,2,1,2536.14
2013,1,2,1,2478.35
2014,1,2,1,1399.99
2015,1,2,1,1891.53
2016,1,2,1,1155.24
2017,1,2,1,2727.36
2018,1,2,1,2775.07
2019,1,2,1,2779.04
2020,1,2,1,3752.98
2021,1,2,1,5567.38
2022,1,2,1,3984.34
2023,1,2,1,3412.13
2024,1,2,1,8205.04
1952,1,3,1,0
1953,1,3,1,0
1954,1,3,1,0
1955,1,3,1,0
1956,1,3,1,0
1957,1,3,1,0
1958,1,3,1,0
1959,1,3,1,0
1960,1,3,1,0
1961,1,3,1,0
1962,1,3,1,0
1963,1,3,1,0
1964,1,3,1,0
1965,1,3,1,0
1966,1,3,1,0
1967,1,3,1,0
1968,1,3,1,0
1969,1,3,1,0
1970,1,3,1,0
1971,1,3,1,0
1972,1,3,1,0
1973,1,3,1,0
1974,1,3,1,0
1975,1,3,1,0
1976,1,3,1,0
1977,1,3,1,0
1978,1,3,1,0
1979,1,3,1,0
1980,1,3,1,0
1981,1,3,1,0
1982,1,3,1,0
1983,1,3,1,0
1984,1,3,1,0
1985,1,3,1,0
1986,1,3,1,0
1987,1,3,1,0
1988,1,3,1,0
1989,1,3,1,0
1990,1,3,1,0
1991,1,3,1,806.42
1992,1,3,1,621.973
1993,1,3,1,1025.97
1994,1,3,1,821.014
1995,1,3,1,1069.38
1996,1,3,1,770.168
1997,1,3,1,1197.28
1998,1,3,1,943.567
1999,1,3,1,989.863
2000,1,3,1,848.68
2001,1,3,1,823.053
2002,1,3,1,743.687
2003,1,3,1,1302.47
2004,1,3,1,1020.43
2005,1,3,1,1553.59
2006,1,3,1,1088.05
2007,1,3,1,1078.62
2008,1,3,1,1715.41
2009,1,3,1,905.153
2010,1,3,1,1091.01
2011,1,3,1,1656.42
2012,1,3,1,1346.95
2013,1,3,1,1511.2
2014,1,3,1,1373.47
2015,1,3,1,1875.27
2016,1,3,1,2208.52
2017,1,3,1,1991.77
2018,1,3,1,1652.78
2019,1,3,1,1703.56
2020,1,3,1,2017.82
2021,1,3,1,2241.65
2022,1,3,1,1621.66
2023,1,3,1,1537.22
2024,1,3,1,2217.36
1952,1,4,2,842.593
1953,1,4,2,152.895
1954,1,4,2,404.489
1955,1,4,2,498.747
1956,1,4,2,295.56
1957,1,4,2,293.587
1958,1,4,2,327.403
1959,1,4,2,1517.92
1960,1,4,2,702.171
1961,1,4,2,910.056
1962,1,4,2,1359.86
1963,1,4,2,461.46
1964,1,4,2,431.661
1965,1,4,2,567.85
1966,1,4,2,407.467
1967,1,4,2,824.605
1968,1,4,2,860.562
1969,1,4,2,839.54
1970,1,4,2,359.399
1971,1,4,2,553.458
1972,1,4,2,494.743
1973,1,4,2,1226.41
1974,1,4,2,1931.29
1975,1,4,2,1353.68
1976,1,4,2,1476.9
1977,1,4,2,1758.62
1978,1,4,2,847.044
1979,1,4,2,1054.49
1980,1,4,2,1333.93
1981,1,4,2,1227.6
1982,1,4,2,532.085
1983,1,4,2,343.203
1984,1,4,2,552.937
1985,1,4,2,336.089
1986,1,4,2,392.404
1987,1,4,2,248.882
1988,1,4,2,314.916
1989,1,4,2,708.056
1990,1,4,2,900.16
1991,1,4,2,855.231
1992,1,4,2,1454.08
1993,1,4,2,725.813
1994,1,4,2,934.883
1995,1,4,2,1011.68
1996,1,4,2,967.088
1997,1,4,2,728.403
1998,1,4,2,348.594
1999,1,4,2,505.38
2000,1,4,2,379.694
2001,1,4,2,421.397
2002,1,4,2,413.177
2003,1,4,2,330.29
2004,1,4,2,365.251
2005,1,4,2,345.343
2006,1,4,2,381.931
2007,1,4,2,337.458
2008,1,4,2,409.582
2009,1,4,2,552.224
2010,1,4,2,406.119
2011,1,4,2,337.519
2012,1,4,2,450.413
2013,1,4,2,250.888
2014,1,4,2,417.397
2015,1,4,2,274.229
2016,1,4,2,230.109
2017,1,4,2,500.727
2018,1,4,2,430.577
2019,1,4,2,267.547
2020,1,4,2,246.413
2021,1,4,2,215.538
2022,1,4,2,206.885
2023,1,4,2,183.721
2024,1,4,2,148.011
1952,1,5,2,0
1953,1,5,2,0
1954,1,5,2,0
1955,1,5,2,0
1956,1,5,2,0
1957,1,5,2,0
1958,1,5,2,474.137
1959,1,5,2,378.619
1960,1,5,2,414.144
1961,1,5,2,464.764
1962,1,5,2,523.797
1963,1,5,2,553.977
1964,1,5,2,611.214
1965,1,5,2,399.69
1966,1,5,2,410.748
1967,1,5,2,592.531
1968,1,5,2,667.632
1969,1,5,2,675.31
1970,1,5,2,304.651
1971,1,5,2,370.412
1972,1,5,2,474.472
1973,1,5,2,452.843
1974,1,5,2,806.234
1975,1,5,2,895.741
1976,1,5,2,499.303
1977,1,5,2,440.188
1978,1,5,2,707.882
1979,1,5,2,770.751
1980,1,5,2,678.546
1981,1,5,2,907.259
1982,1,5,2,834.428
1983,1,5,2,801.738
1984,1,5,2,776.97
1985,1,5,2,1022.54
1986,1,5,2,779.131
1987,1,5,2,1011.5
1988,1,5,2,1158.56
1989,1,5,2,883.216
1990,1,5,2,1252.85
1991,1,5,2,1314.66
1992,1,5,2,1454.58
1993,1,5,2,1224.13
1994,1,5,2,1424.04
1995,1,5,2,1304.31
1996,1,5,2,2363.81
1997,1,5,2,2389.75
1998,1,5,2,2566.25
1999,1,5,2,2367.44
2000,1,5,2,4296.78
2001,1,5,2,3356.87
2002,1,5,2,2649.62
2003,1,5,2,3280.73
2004,1,5,2,4018.53
2005,1,5,2,3352
2006,1,5,2,4285.1
2007,1,5,2,3653.2
2008,1,5,2,4262.56
2009,1,5,2,4214.66
2010,1,5,2,2815.52
2011,1,5,2,4280.07
2012,1,5,2,4001.37
2013,1,5,2,3344.07
2014,1,5,2,4929.52
2015,1,5,2,3397.03
2016,1,5,2,2212.5
2017,1,5,2,1240.57
2018,1,5,2,3218.29
2019,1,5,2,3204.8
2020,1,5,2,2951.85
2021,1,5,2,2493.18
2022,1,5,2,2920.42
2023,1,5,2,869.758
2024,1,5,2,551.898
1952,1,6,3,42.7316
1953,1,6,3,127.984
1954,1,6,3,148.908
1955,1,6,3,78.6738
1956,1,6,3,193.123
1957,1,6,3,331.84
1958,1,6,3,410.883
1959,1,6,3,55.528
1960,1,6,3,138.646
1961,1,6,3,202.747
1962,1,6,3,390.295
1963,1,6,3,107.634
1964,1,6,3,91.8265
1965,1,6,3,47.8167
1966,1,6,3,51.4182
1967,1,6,3,66.7917
1968,1,6,3,104.717
1969,1,6,3,42.1167
1970,1,6,3,6.51869
1971,1,6,3,27.5894
1972,1,6,3,18.5362
1973,1,6,3,301.705
1974,1,6,3,58.409
1975,1,6,3,22.9673
1976,1,6,3,182.035
1977,1,6,3,218.31
1978,1,6,3,168.405
1979,1,6,3,171.587
1980,1,6,3,703.396
1981,1,6,3,570.592
1982,1,6,3,288.692
1983,1,6,3,392.49
1984,1,6,3,279.856
1985,1,6,3,300.669
1986,1,6,3,383.285
1987,1,6,3,180.175
1988,1,6,3,244.135
1989,1,6,3,31.0047
1990,1,6,3,10.4446
1991,1,6,3,393.209
1992,1,6,3,27.7369
1993,1,6,3,0
1994,1,6,3,12.6295
1995,1,6,3,302.403
1996,1,6,3,49.6343
1997,1,6,3,133.545
1998,1,6,3,150.657
1999,1,6,3,79.9521
2000,1,6,3,60.6835
2001,1,6,3,57.7151
2002,1,6,3,159.321
2003,1,6,3,238.93
2004,1,6,3,71.7685
2005,1,6,3,47.9427
2006,1,6,3,75.0517
2007,1,6,3,84.8848
2008,1,6,3,109.719
2009,1,6,3,144.049
2010,1,6,3,84.9477
2011,1,6,3,165.043
2012,1,6,3,149.886
2013,1,6,3,51.1385
2014,1,6,3,120.781
2015,1,6,3,48.389
2016,1,6,3,144.317
2017,1,6,3,65.6647
2018,1,6,3,69.3968
2019,1,6,3,238.087
2020,1,6,3,100.222
2021,1,6,3,96.9497
2022,1,6,3,188.157
2023,1,6,3,166.371
2024,1,6,3,202.164
1952,1,7,3,1216.61
1953,1,7,3,2521.85
1954,1,7,3,1001.02
1955,1,7,3,1687.96
1956,1,7,3,1959.16
1957,1,7,3,4938.31
1958,1,7,3,5575.45
1959,1,7,3,6424.77
1960,1,7,3,3690.38
1961,1,7,3,2771.94
1962,1,7,3,2215.5
1963,1,7,3,3030.51
1964,1,7,3,3469.17
1965,1,7,3,3950.08
1966,1,7,3,3270.29
1967,1,7,3,2846.01
1968,1,7,3,2443.99
1969,1,7,3,3888.8
1970,1,7,3,2236.08
1971,1,7,3,2511.06
1972,1,7,3,6448.66
1973,1,7,3,2652.66
1974,1,7,3,2040.53
1975,1,7,3,5363.16
1976,1,7,3,3367.19
1977,1,7,3,5997.52
1978,1,7,3,3757.19
1979,1,7,3,4502.75
1980,1,7,3,5898.86
1981,1,7,3,2859.14
1982,1,7,3,3593.73
1983,1,7,3,4280.61
1984,1,7,3,3845.04
1985,1,7,3,4648.72
1986,1,7,3,2987.1
1987,1,7,3,4928.53
1988,1,7,3,3643.41
1989,1,7,3,2965.4
1990,1,7,3,7648.07
1991,1,7,3,2961.86
1992,1,7,3,6295.31
1993,1,7,3,2566.2
1994,1,7,3,2932.84
1995,1,7,3,3358.82
1996,1,7,3,2714.98
1997,1,7,3,3377.39
1998,1,7,3,6793.35
1999,1,7,3,4035.99
2000,1,7,3,3349.78
2001,1,7,3,2888.8
2002,1,7,3,5247.37
2003,1,7,3,4336.1
2004,1,7,3,4174.84
2005,1,7,3,5072.25
2006,1,7,3,2385.86
2007,1,7,3,3043.78
2008,1,7,3,2816.67
2009,1,7,3,4699.2
2010,1,7,3,4560.92
2011,1,7,3,2859.31
2012,1,7,3,3754.43
2013,1,7,3,2842.45
2014,1,7,3,2691.94
2015,1,7,3,4271.68
2016,1,7,3,3370.81
2017,1,7,3,2146.09
2018,1,7,3,1947.99
2019,1,7,3,2353.69
2020,1,7,3,3497.28
2021,1,7,3,331.215
2022,1,7,3,1683.83
2023,1,7,3,1368.52
2024,1,7,3,2182.82
1952,1,8,4,45.1096
1953,1,8,4,356.996
1954,1,8,4,136.806
1955,1,8,4,333.679
1956,1,8,4,2677
1957,1,8,4,660.038
1958,1,8,4,4675.61
1959,1,8,4,1911.29
1960,1,8,4,1460.76
1961,1,8,4,3324.52
1962,1,8,4,1410.66
1963,1,8,4,2300.48
1964,1,8,4,5409.12
1965,1,8,4,1981.37
1966,1,8,4,2586.87
1967,1,8,4,2076.14
1968,1,8,4,1589.76
1969,1,8,4,3106.65
1970,1,8,4,2338.51
1971,1,8,4,2730.82
1972,1,8,4,1482.48
1973,1,8,4,3312.8
1974,1,8,4,1895.01
1975,1,8,4,2446.92
1976,1,8,4,3267.6
1977,1,8,4,4547.83
1978,1,8,4,2590.92
1979,1,8,4,3405.74
1980,1,8,4,5271.8
1981,1,8,4,1083.27
1982,1,8,4,2743.91
1983,1,8,4,4288.83
1984,1,8,4,4476.72
1985,1,8,4,7424.96
1986,1,8,4,1940.37
1987,1,8,4,6473.34
1988,1,8,4,3878.24
1989,1,8,4,2487.03
1990,1,8,4,3476.7
1991,1,8,4,2161.82
1992,1,8,4,6792.99
1993,1,8,4,2889.42
1994,1,8,4,3265.29
1995,1,8,4,4727.33
1996,1,8,4,2789.82
1997,1,8,4,3091.12
1998,1,8,4,12900.4
1999,1,8,4,4369.46
2000,1,8,4,6815.81
2001,1,8,4,3853.51
2002,1,8,4,6007.4
2003,1,8,4,7498.29
2004,1,8,4,6213.23
2005,1,8,4,5571.8
2006,1,8,4,5939.27
2007,1,8,4,6931.03
2008,1,8,4,4699.22
2009,1,8,4,4244.81
2010,1,8,4,5343.56
2011,1,8,4,2721.62
2012,1,8,4,3257.34
2013,1,8,4,2397.07
2014,1,8,4,4302.12
2015,1,8,4,4426.15
2016,1,8,4,3904.52
2017,1,8,4,2237.76
2018,1,8,4,2250.72
2019,1,8,4,4574.72
2020,1,8,4,2318.29
2021,1,8,4,1241.65
2022,1,8,4,2527.81
2023,1,8,4,3392.53
2024,1,8,4,4629.24
1952,1,9,3,0
1953,1,9,3,0
1954,1,9,3,0
1955,1,9,3,0
1956,1,9,3,0
1957,1,9,3,0
1958,1,9,3,0
1959,1,9,3,0
1960,1,9,3,0
1961,1,9,3,0
1962,1,9,3,0
1963,1,9,3,0
1964,1,9,3,0
1965,1,9,3,0
1966,1,9,3,0
1967,1,9,3,0
1968,1,9,3,0
1969,1,9,3,0
1970,1,9,3,0
1971,1,9,3,0
1972,1,9,3,0
1973,1,9,3,0
1974,1,9,3,0
1975,1,9,3,0
1976,1,9,3,0
1977,1,9,3,0
1978,1,9,3,0
1979,1,9,3,0
1980,1,9,3,0
1981,1,9,3,0
1982,1,9,3,0
1983,1,9,3,0
1984,1,9,3,0
1985,1,9,3,0
1986,1,9,3,0
1987,1,9,3,0
1988,1,9,3,3.3828
1989,1,9,3,3.36812
1990,1,9,3,249.181
1991,1,9,3,134.706
1992,1,9,3,202.975
1993,1,9,3,375.777
1994,1,9,3,1776.66
1995,1,9,3,2577.72
1996,1,9,3,1701.76
1997,1,9,3,810.162
1998,1,9,3,2401.54
1999,1,9,3,1469.65
2000,1,9,3,1016.48
2001,1,9,3,2193.22
2002,1,9,3,720.333
2003,1,9,3,1391.04
2004,1,9,3,910.246
2005,1,9,3,576.189
2006,1,9,3,606.534
2007,1,9,3,1495.29
2008,1,9,3,1327.03
2009,1,9,3,1934.45
2010,1,9,3,2133.49
2011,1,9,3,1438.32
2012,1,9,3,2067.19
2013,1,9,3,2542.63
2014,1,9,3,2010.91
2015,1,9,3,2540.06
2016,1,9,3,2090.7
2017,1,9,3,1888.25
2018,1,9,3,2912.34
2019,1,9,3,2465.03
2020,1,9,3,2036.84
2021,1,9,3,953.759
2022,1,9,3,1592.84
2023,1,9,3,1768.18
2024,1,9,3,1829.44
1952,1,10,5,0
1953,1,10,5,73.5136
1954,1,10,5,230.504
1955,1,10,5,155.101
1956,1,10,5,48.6395
1957,1,10,5,219.519
1958,1,10,5,159.614
1959,1,10,5,180.264
1960,1,10,5,93.1352
1961,1,10,5,85.6074
1962,1,10,5,366.445
1963,1,10,5,176.502
1964,1,10,5,297.399
1965,1,10,5,208.757
1966,1,10,5,314.781
1967,1,10,5,298.908
1968,1,10,5,215.197
1969,1,10,5,709.343
1970,1,10,5,404.103
1971,1,10,5,901.797
1972,1,10,5,803.645
1973,1,10,5,656.351
1974,1,10,5,986.489
1975,1,10,5,254.648
1976,1,10,5,416.376
1977,1,10,5,534.721
1978,1,10,5,472.712
1979,1,10,5,457.054
1980,1,10,5,351.892
1981,1,10,5,604.729
1982,1,10,5,683.73
1983,1,10,5,295.067
1984,1,10,5,278.917
1985,1,10,5,207.588
1986,1,10,5,504.819
1987,1,10,5,132.197
1988,1,10,5,292.448
1989,1,10,5,132.285
1990,1,10,5,259.971
1991,1,10,5,222.842
1992,1,10,5,123.703
1993,1,10,5,214.951
1994,1,10,5,421.143
1995,1,10,5,446.342
1996,1,10,5,523.157
1997,1,10,5,449.587
1998,1,10,5,659.86
1999,1,10,5,657.727
2000,1,10,5,721.114
2001,1,10,5,837.981
2002,1,10,5,1007.44
2003,1,10,5,1202.81
2004,1,10,5,1055.58
2005,1,10,5,764.939
2006,1,10,5,774.493
2007,1,10,5,767.217
2008,1,10,5,1132.72
2009,1,10,5,901.295
2010,1,10,5,1061.33
2011,1,10,5,1151.55
2012,1,10,5,1013.78
2013,1,10,5,1003.64
2014,1,10,5,846.05
2015,1,10,5,835.073
2016,1,10,5,788.401
2017,1,10,5,918.465
2018,1,10,5,733.149
2019,1,10,5,919
2020,1,10,5,671.21
2021,1,10,5,844.948
2022,1,10,5,700.536
2023,1,10,5,1257.99
2024,1,10,5,816.931
1952,1,11,5,0
1953,1,11,5,0
1954,1,11,5,0
1955,1,11,5,0
1956,1,11,5,0
1957,1,11,5,0
1958,1,11,5,0
1959,1,11,5,0
1960,1,11,5,0
1961,1,11,5,0
1962,1,11,5,0
1963,1,11,5,0
1964,1,11,5,0
1965,1,11,5,0
1966,1,11,5,0
1967,1,11,5,0
1968,1,11,5,0
1969,1,11,5,0
1970,1,11,5,0
1971,1,11,5,0
1972,1,11,5,0
1973,1,11,5,0
1974,1,11,5,0
1975,1,11,5,0
1976,1,11,5,0
1977,1,11,5,0
1978,1,11,5,0
1979,1,11,5,0
1980,1,11,5,0
1981,1,11,5,0
1982,1,11,5,0
1983,1,11,5,0
1984,1,11,5,0
1985,1,11,5,0
1986,1,11,5,0
1987,1,11,5,21.1294
1988,1,11,5,10.2457
1989,1,11,5,0.553056
1990,1,11,5,2.15469
1991,1,11,5,2.58162
1992,1,11,5,4.51674
1993,1,11,5,2.67668
1994,1,11,5,12.8125
1995,1,11,5,35.7784
1996,1,11,5,31.7346
1997,1,11,5,144.869
1998,1,11,5,278.313
1999,1,11,5,174.763
2000,1,11,5,134.608
2001,1,11,5,221.107
2002,1,11,5,232.044
2003,1,11,5,292.613
2004,1,11,5,107.827
2005,1,11,5,184.477
2006,1,11,5,93.2521
2007,1,11,5,125.48
2008,1,11,5,179.953
2009,1,11,5,81.0395
2010,1,11,5,71.6854
2011,1,11,5,51.3372
2012,1,11,5,78.6755
2013,1,11,5,87.2196
2014,1,11,5,73.6111
2015,1,11,5,127.017
2016,1,11,5,174.059
2017,1,11,5,69.8501
2018,1,11,5,69.8671
2019,1,11,5,52.4234
2020,1,11,5,53.8129
2021,1,11,5,66.1952
2022,1,11,5,66.736
2023,1,11,5,43.7238
2024,1,11,5,56.4204
1952,1,12,1,259.758
1953,1,12,1,154.749
1954,1,12,1,89.988
1955,1,12,1,71.229
1956,1,12,1,226.98
1957,1,12,1,12.291
1958,1,12,1,12.003
1959,1,12,1,8.985
1960,1,12,1,14.52
1961,1,12,1,15.741
1962,1,12,1,43.197
1963,1,12,1,1.509
1964,1,12,1,57.717
1965,1,12,1,50.241
1966,1,12,1,2.229
1967,1,12,1,15.021
1968,1,12,1,45.783
1969,1,12,1,12.003
1970,1,12,1,21.276
1971,1,12,1,7.476
1972,1,12,1,0
1973,1,12,1,1.008
1974,1,12,1,6.255
1975,1,12,1,1.221
1976,1,12,1,4.527
1977,1,12,1,2.517
1978,1,12,1,4.239
1979,1,12,1,11.715
1980,1,12,1,0
1981,1,12,1,0
1982,1,12,1,4.746
1983,1,12,1,1.509
1984,1,12,1,6.756
1985,1,12,1,17.751
1986,1,12,1,5.247
1987,1,12,1,22.406
1988,1,12,1,18.073
1989,1,12,1,48.943
1990,1,12,1,14.54
1991,1,12,1,6.255
1992,1,12,1,8.003
1993,1,12,1,7.257
1994,1,12,1,0.72
1995,1,12,1,26.314
1996,1,12,1,0
1997,1,12,1,0.765
1998,1,12,1,13.633
1999,1,12,1,5.862
2000,1,12,1,0
2001,1,12,1,5.459
2002,1,12,1,0.501
2003,1,12,1,0
2004,1,12,1,30.791
2005,1,12,1,2.517
2006,1,12,1,13.011
2007,1,12,1,3.018
2008,1,12,1,1.008
2009,1,12,1,0
2010,1,12,1,33.78
2011,1,12,1,0
2012,1,12,1,0
2013,1,12,1,10.958
2014,1,12,1,0
2015,1,12,1,0
2016,1,12,1,0.798
2017,1,12,1,0
2018,1,12,1,0
2019,1,12,1,0
2020,1,12,1,0
2021,1,12,1,0
2022,1,12,1,0
2023,1,12,1,1101.81
2024,1,12,1,0
1952,1,13,1,14.239
1953,1,13,1,16.272
1954,1,13,1,14.239
1955,1,13,1,27.12
1956,1,13,1,29.834
1957,1,13,1,35.256
1958,1,13,1,28.478
1959,1,13,1,11.527
1960,1,13,1,5.63
1961,1,13,1,6.756
1962,1,13,1,3.002
1963,1,13,1,6.756
1964,1,13,1,4.29
1965,1,13,1,4.706
1966,1,13,1,4.158
1967,1,13,1,10.521
1968,1,13,1,8.527
1969,1,13,1,424.994
1970,1,13,1,403.236
1971,1,13,1,236.256
1972,1,13,1,51.856
1973,1,13,1,50.555
1974,1,13,1,36.947
1975,1,13,1,48.09
1976,1,13,1,114.884
1977,1,13,1,68.939
1978,1,13,1,73.958
1979,1,13,1,49.454
1980,1,13,1,28.951
1981,1,13,1,92.04
1982,1,13,1,177.555
1983,1,13,1,70.423
1984,1,13,1,50.07
1985,1,13,1,292.58
1986,1,13,1,132.024
1987,1,13,1,161.479
1988,1,13,1,275.96
1989,1,13,1,499.092
1990,1,13,1,340.994
1991,1,13,1,210.356
1992,1,13,1,159.316
1993,1,13,1,118.164
1994,1,13,1,123.096
1995,1,13,1,251.843
1996,1,13,1,227.982
1997,1,13,1,218.013
1998,1,13,1,142.127
1999,1,13,1,185.131
2000,1,13,1,303.187
2001,1,13,1,101.74
2002,1,13,1,56.977
2003,1,13,1,42.539
2004,1,13,1,165.921
2005,1,13,1,157.171
2006,1,13,1,76.816
2007,1,13,1,101.639
2008,1,13,1,92.437
2009,1,13,1,99.013
2010,1,13,1,152.518
2011,1,13,1,37.717
2012,1,13,1,77.072
2013,1,13,1,117.972
2014,1,13,1,77.219
2015,1,13,1,50.695
2016,1,13,1,34.884
2017,1,13,1,145.578
2018,1,13,1,97.282
2019,1,13,1,40.724
2020,1,13,1,48.296
2021,1,13,1,88.932
2022,1,13,1,57.432
2023,1,13,1,146.336
2024,1,13,1,130.236
1952,1,14,2,0
1953,1,14,2,0
1954,1,14,2,0
1955,1,14,2,0
1956,1,14,2,0
1957,1,14,2,0
1958,1,14,2,0
1959,1,14,2,0
1960,1,14,2,0
1961,1,14,2,0
1962,1,14,2,0
1963,1,14,2,0
1964,1,14,2,0
1965,1,14,2,0
1966,1,14,2,0
1967,1,14,2,0
1968,1,14,2,0
1969,1,14,2,0
1970,1,14,2,0
1971,1,14,2,0
1972,1,14,2,0
1973,1,14,2,0
1974,1,14,2,0
1975,1,14,2,0
1976,1,14,2,0
1977,1,14,2,0
1978,1,14,2,0
1979,1,14,2,0
1980,1,14,2,0
1981,1,14,2,0
1982,1,14,2,0
1983,1,14,2,0
1984,1,14,2,21.999
1985,1,14,2,24
1986,1,14,2,24.999
1987,1,14,2,28.251
1988,1,14,2,33.501
1989,1,14,2,36.501
1990,1,14,2,41.751
1991,1,14,2,42.75
1992,1,14,2,48.999
1993,1,14,2,45
1994,1,14,2,50.001
1995,1,14,2,53.25
1996,1,14,2,82.5
1997,1,14,2,61.5
1998,1,14,2,81
1999,1,14,2,77.001
2000,1,14,2,81.999
2001,1,14,2,75.249
2002,1,14,2,72.501
2003,1,14,2,74.001
2004,1,14,2,97.251
2005,1,14,2,20.751
2006,1,14,2,21.501
2007,1,14,2,18.501
2008,1,14,2,26.499
2009,1,14,2,38.751
2010,1,14,2,54.501
2011,1,14,2,111
2012,1,14,2,307.749
2013,1,14,2,117.75
2014,1,14,2,519.75
2015,1,14,2,705.999
2016,1,14,2,471.501
2017,1,14,2,115.749
2018,1,14,2,158.499
2019,1,14,2,171
2020,1,14,2,189
2021,1,14,2,234
2022,1,14,2,210
2023,1,14,2,210
2024,1,14,2,3630
1952,1,15,2,0
1953,1,15,2,0
1954,1,15,2,0
1955,1,15,2,0
1956,1,15,2,0
1957,1,15,2,0
1958,1,15,2,0
1959,1,15,2,0
1960,1,15,2,0
1961,1,15,2,0
1962,1,15,2,0
1963,1,15,2,0
1964,1,15,2,0
1965,1,15,2,0
1966,1,15,2,0
1967,1,15,2,0
1968,1,15,2,0
1969,1,15,2,0
1970,1,15,2,29.754
1971,1,15,2,33.249
1972,1,15,2,34.5
1973,1,15,2,41.256
1974,1,15,2,47.754
1975,1,15,2,48.756
1976,1,15,2,41.256
1977,1,15,2,58.254
1978,1,15,2,35.256
1979,1,15,2,45.249
1980,1,15,2,41.256
1981,1,15,2,45.498
1982,1,15,2,42
1983,1,15,2,45.756
1984,1,15,2,43.749
1985,1,15,2,50.256
1986,1,15,2,51
1987,1,15,2,37.254
1988,1,15,2,45.249
1989,1,15,2,49.254
1990,1,15,2,69.498
1991,1,15,2,82.002
1992,1,15,2,34.254
1993,1,15,2,37.254
1994,1,15,2,67.749
1995,1,15,2,78.498
1996,1,15,2,78.498
1997,1,15,2,132.756
1998,1,15,2,100.254
1999,1,15,2,43.749
2000,1,15,2,127.5
2001,1,15,2,87.249
2002,1,15,2,84
2003,1,15,2,118.002
2004,1,15,2,65.754
2005,1,15,2,167.502
2006,1,15,2,138.756
2007,1,15,2,130.254
2008,1,15,2,159.249
2009,1,15,2,82.5
2010,1,15,2,70.998
2011,1,15,2,56.256
2012,1,15,2,127.002
2013,1,15,2,191.754
2014,1,15,2,178.254
2015,1,15,2,185.754
2016,1,15,2,212.502
2017,1,15,2,323.502
2018,1,15,2,117
2019,1,15,2,243.756
2020,1,15,2,261
2021,1,15,2,141
2022,1,15,2,156
2023,1,15,2,186
2024,1,15,2,600
1952,1,16,2,0
1953,1,16,2,0
1954,1,16,2,0
1955,1,16,2,0
1956,1,16,2,0
1957,1,16,2,0
1958,1,16,2,0
1959,1,16,2,0
1960,1,16,2,0
1961,1,16,2,0
1962,1,16,2,0
1963,1,16,2,0
1964,1,16,2,0
1965,1,16,2,0
1966,1,16,2,0
1967,1,16,2,0
1968,1,16,2,0
1969,1,16,2,0
1970,1,16,2,0
1971,1,16,2,0
1972,1,16,2,27.3
1973,1,16,2,27.4
1974,1,16,2,21.7
1975,1,16,2,3.6
1976,1,16,2,14.729
1977,1,16,2,20.802
1978,1,16,2,29.413
1979,1,16,2,53.196
1980,1,16,2,220.052
1981,1,16,2,252.199
1982,1,16,2,286.937
1983,1,16,2,310.427
1984,1,16,2,335.23
1985,1,16,2,369.438
1986,1,16,2,375.738
1987,1,16,2,425.107
1988,1,16,2,505.085
1989,1,16,2,547.65
1990,1,16,2,631.719
1991,1,16,2,641.769
1992,1,16,2,740.294
1993,1,16,2,678.56
1994,1,16,2,750.818
1995,1,16,2,808.092
1996,1,16,2,1258.28
1997,1,16,2,929.04
1998,1,16,2,1218.22
1999,1,16,2,1156.32
2000,1,16,2,1230.27
2001,1,16,2,1132.04
2002,1,16,2,1088.16
2003,1,16,2,1109.76
2004,1,16,2,1462.66
2005,1,16,2,1381.29
2006,1,16,2,1490.61
2007,1,16,2,1320.49
2008,1,16,2,1899.57
2009,1,16,2,1583.76
2010,1,16,2,1161.31
2011,1,16,2,827.037
2012,1,16,2,454.378
2013,1,16,2,646.44
2014,1,16,2,519.307
2015,1,16,2,1227.76
2016,1,16,2,730.774
2017,1,16,2,208.023
2018,1,16,2,686.037
2019,1,16,2,240.705
2020,1,16,2,163.785
2021,1,16,2,136.467
2022,1,16,2,160.236
2023,1,16,2,215.641
2024,1,16,2,212.541
1952,1,17,2,0
1953,1,17,2,0
1954,1,17,2,0
1955,1,17,2,0
1956,1,17,2,0
1957,1,17,2,0
1958,1,17,2,0
1959,1,17,2,0
1960,1,17,2,0
1961,1,17,2,0
1962,1,17,2,0
1963,1,17,2,0
1964,1,17,2,0
1965,1,17,2,0
1966,1,17,2,0
1967,1,17,2,0
1968,1,17,2,0
1969,1,17,2,0
1970,1,17,2,0
1971,1,17,2,0
1972,1,17,2,0
1973,1,17,2,0
1974,1,17,2,0
1975,1,17,2,0
1976,1,17,2,0
1977,1,17,2,0
1978,1,17,2,0
1979,1,17,2,0
1980,1,17,2,1.7
1981,1,17,2,10.23
1982,1,17,2,11.1
1983,1,17,2,17.64
1984,1,17,2,19.2
1985,1,17,2,10.76
1986,1,17,2,21.75
1987,1,17,2,37.142
1988,1,17,2,24.287
1989,1,17,2,37.388
1990,1,17,2,48.311
1991,1,17,2,37.34
1992,1,17,2,42.92
1993,1,17,2,39.3
1994,1,17,2,43.62
1995,1,17,2,46.47
1996,1,17,2,72.12
1997,1,17,2,53.67
1998,1,17,2,70.83
1999,1,17,2,67.23
2000,1,17,2,71.55
2001,1,17,2,65.82
2002,1,17,2,63.27
2003,1,17,2,64.53
2004,1,17,2,84.99
2005,1,17,2,57.72
2006,1,17,2,62.67
2007,1,17,2,49.38
2008,1,17,2,79.68
2009,1,17,2,109.35
2010,1,17,2,76.46
2011,1,17,2,65.48
2012,1,17,2,72.77
2013,1,17,2,169.01
2014,1,17,2,77.03
2015,1,17,2,76.83
2016,1,17,2,119.18
2017,1,17,2,40.19
2018,1,17,2,49.06
2019,1,17,2,52.17
2020,1,17,2,88.218
2021,1,17,2,53.025
2022,1,17,2,111.958
2023,1,17,2,104.895
2024,1,17,2,91.278
1952,1,18,2,0
1953,1,18,2,0
1954,1,18,2,0
1955,1,18,2,0
1956,1,18,2,0
1957,1,18,2,0
1958,1,18,2,0
1959,1,18,2,0
1960,1,18,2,0
1961,1,18,2,0
1962,1,18,2,0
1963,1,18,2,0
1964,1,18,2,0
1965,1,18,2,0
1966,1,18,2,0
1967,1,18,2,0
1968,1,18,2,0
1969,1,18,2,0
1970,1,18,2,49.518
1971,1,18,2,51.996
1972,1,18,2,55.986
1973,1,18,2,65.394
1974,1,18,2,75.894
1975,1,18,2,76.608
1976,1,18,2,69.006
1977,1,18,2,118.398
1978,1,18,2,55.986
1979,1,18,2,71.82
1980,1,18,2,65.982
1981,1,18,2,166.404
1982,1,18,2,181.482
1983,1,18,2,219.786
1984,1,18,2,214.284
1985,1,18,2,183.582
1986,1,18,2,179.886
1987,1,18,2,179.382
1988,1,18,2,175.812
1989,1,18,2,203.616
1990,1,18,2,286.398
1991,1,18,2,262.92
1992,1,18,2,199.08
1993,1,18,2,113.61
1994,1,18,2,221.088
1995,1,18,2,282.618
1996,1,18,2,266.112
1997,1,18,2,465.192
1998,1,18,2,547.68
1999,1,18,2,270.004
2000,1,18,2,476.602
2001,1,18,2,386.61
2002,1,18,2,315.504
2003,1,18,2,436.223
2004,1,18,2,577.797
2005,1,18,2,742.182
2006,1,18,2,723.282
2007,1,18,2,696.486
2008,1,18,2,680.907
2009,1,18,2,428.905
2010,1,18,2,252.084
2011,1,18,2,123.592
2012,1,18,2,154.168
2013,1,18,2,119.49
2014,1,18,2,119.49
2015,1,18,2,247.254
2016,1,18,2,108.234
2017,1,18,2,263.508
2018,1,18,2,512.274
2019,1,18,2,622.272
2020,1,18,2,57.695
2021,1,18,2,19.619
2022,1,18,2,26.739
2023,1,18,2,128.894
2024,1,18,2,54.567
1952,1,19,2,0
1953,1,19,2,0
1954,1,19,2,0
1955,1,19,2,0
1956,1,19,2,0
1957,1,19,2,0
1958,1,19,2,0
1959,1,19,2,0
1960,1,19,2,0
1961,1,19,2,0
1962,1,19,2,0
1963,1,19,2,0
1964,1,19,2,0
1965,1,19,2,0
1966,1,19,2,0
1967,1,19,2,0
1968,1,19,2,0
1969,1,19,2,0
1970,1,19,2,0
1971,1,19,2,3.957
1972,1,19,2,16.624
1973,1,19,2,0
1974,1,19,2,5.435
1975,1,19,2,38.818
1976,1,19,2,48.91
1977,1,19,2,90.919
1978,1,19,2,154.729
1979,1,19,2,332.441
1980,1,19,2,187.035
1981,1,19,2,54.862
1982,1,19,2,83.714
1983,1,19,2,421.3
1984,1,19,2,154.662
1985,1,19,2,176.748
1986,1,19,2,32.267
1987,1,19,2,62.972
1988,1,19,2,22.622
1989,1,19,2,150.008
1990,1,19,2,65.822
1991,1,19,2,389.536
1992,1,19,2,466.93
1993,1,19,2,3.615
1994,1,19,2,9.636
1995,1,19,2,21.449
1996,1,19,2,28.732
1997,1,19,2,110.344
1998,1,19,2,28.422
1999,1,19,2,61.233
2000,1,19,2,17.577
2001,1,19,2,34.074
2002,1,19,2,6.573
2003,1,19,2,101.676
2004,1,19,2,21.033
2005,1,19,2,27.95
2006,1,19,2,27.07
2007,1,19,2,22.879
2008,1,19,2,44.178
2009,1,19,2,7.862
2010,1,19,2,0
2011,1,19,2,4.651
2012,1,19,2,4.458
2013,1,19,2,0
2014,1,19,2,0
2015,1,19,2,0
2016,1,19,2,0
2017,1,19,2,14.045
2018,1,19,2,0
2019,1,19,2,0
2020,1,19,2,2.253
2021,1,19,2,0
2022,1,19,2,14.066
2023,1,19,2,23.374
2024,1,19,2,9.203
1952,1,20,2,0
1953,1,20,2,0
1954,1,20,2,0
1955,1,20,2,0
1956,1,20,2,0
1957,1,20,2,0
1958,1,20,2,0
1959,1,20,2,0
1960,1,20,2,0
1961,1,20,2,0
1962,1,20,2,0
1963,1,20,2,0
1964,1,20,2,0
1965,1,20,2,0
1966,1,20,2,0
1967,1,20,2,0
1968,1,20,2,0
1969,1,20,2,0
1970,1,20,2,0.929
1971,1,20,2,0
1972,1,20,2,0
1973,1,20,2,0
1974,1,20,2,0
1975,1,20,2,0
1976,1,20,2,0
1977,1,20,2,1.23
1978,1,20,2,7.295
1979,1,20,2,2.169
1980,1,20,2,22.895
1981,1,20,2,0
1982,1,20,2,32.621
1983,1,20,2,69.865
1984,1,20,2,4.92
1985,1,20,2,11.238
1986,1,20,2,0.95
1987,1,20,2,14.441
1988,1,20,2,1.812
1989,1,20,2,11.082
1990,1,20,2,14.86
1991,1,20,2,99.716
1992,1,20,2,343.741
1993,1,20,2,0
1994,1,20,2,8.953
1995,1,20,2,3.164
1996,1,20,2,1.833
1997,1,20,2,90.503
1998,1,20,2,0
1999,1,20,2,40.389
2000,1,20,2,22.4
2001,1,20,2,21.884
2002,1,20,2,20.122
2003,1,20,2,36.446
2004,1,20,2,31.533
2005,1,20,2,31.594
2006,1,20,2,29.664
2007,1,20,2,41.392
2008,1,20,2,29.223
2009,1,20,2,25.31
2010,1,20,2,19.531
2011,1,20,2,46.471
2012,1,20,2,65.714
2013,1,20,2,56.193
2014,1,20,2,109.663
2015,1,20,2,90.085
2016,1,20,2,193.629
2017,1,20,2,178.01
2018,1,20,2,163.168
2019,1,20,2,46.654
2020,1,20,2,49.281
2021,1,20,2,51.677
2022,1,20,2,22.114
2023,1,20,2,49.15
2024,1,20,2,5.404
1952,1,21,2,0
1953,1,21,2,0
1954,1,21,2,0
1955,1,21,2,0
1956,1,21,2,0
1957,1,21,2,0
1958,1,21,2,0
1959,1,21,2,0
1960,1,21,2,0
1961,1,21,2,0
1962,1,21,2,0
1963,1,21,2,0
1964,1,21,2,0
1965,1,21,2,0
1966,1,21,2,0
1967,1,21,2,0
1968,1,21,2,0
1969,1,21,2,0
1970,1,21,2,137.505
1971,1,21,2,142.5
1972,1,21,2,225
1973,1,21,2,255
1974,1,21,2,254.253
1975,1,21,2,276.495
1976,1,21,2,188.253
1977,1,21,2,256.752
1978,1,21,2,205.752
1979,1,21,2,286.995
1980,1,21,2,180.612
1981,1,21,2,284.265
1982,1,21,2,314.415
1983,1,21,2,326.868
1984,1,21,2,452.319
1985,1,21,2,469.696
1986,1,21,2,637.017
1987,1,21,2,714.993
1988,1,21,2,814.449
1989,1,21,2,1014.88
1990,1,21,2,756.281
1991,1,21,2,772.667
1992,1,21,2,888.576
1993,1,21,2,813.714
1994,1,21,2,902.613
1995,1,21,2,962.062
1996,1,21,2,1492.94
1997,1,21,2,1110.84
1998,1,21,2,1466.68
1999,1,21,2,1391.99
2000,1,21,2,1480.97
2001,1,21,2,1362.68
2002,1,21,2,1309.7
2003,1,21,2,1336.18
2004,1,21,2,1759.3
2005,1,21,2,376.051
2006,1,21,2,416.189
2007,1,21,2,372.512
2008,1,21,2,535.803
2009,1,21,2,756.433
2010,1,21,2,555.59
2011,1,21,2,1043.09
2012,1,21,2,2553.51
2013,1,21,2,3109.28
2014,1,21,2,2989
2015,1,21,2,2583.82
2016,1,21,2,4473.83
2017,1,21,2,1835.99
2018,1,21,2,2424.26
2019,1,21,2,2898.64
2020,1,21,2,4113.27
2021,1,21,2,4019.68
2022,1,21,2,5236.9
2023,1,21,2,6582.73
2024,1,21,2,6226.81
1952,1,22,2,0
1953,1,22,2,0
1954,1,22,2,0
1955,1,22,2,0
1956,1,22,2,0
1957,1,22,2,0
1958,1,22,2,0
1959,1,22,2,0
1960,1,22,2,0
1961,1,22,2,0
1962,1,22,2,0
1963,1,22,2,0
1964,1,22,2,0
1965,1,22,2,0
1966,1,22,2,0
1967,1,22,2,0
1968,1,22,2,0
1969,1,22,2,0
1970,1,22,2,636.987
1971,1,22,2,707.751
1972,1,22,2,738.498
1973,1,22,2,881.136
1974,1,22,2,1024.12
1975,1,22,2,1043.68
1976,1,22,2,886.269
1977,1,22,2,1287.1
1978,1,22,2,780.747
1979,1,22,2,884.871
1980,1,22,2,861.746
1981,1,22,2,1095.81
1982,1,22,2,971.25
1983,1,22,2,1198.2
1984,1,22,2,1140.98
1985,1,22,2,1276.67
1986,1,22,2,1202.33
1987,1,22,2,960.378
1988,1,22,2,1095.95
1989,1,22,2,1211.9
1990,1,22,2,1755.56
1991,1,22,2,1957.6
1992,1,22,2,971.907
1993,1,22,2,855.909
1994,1,22,2,1470.65
1995,1,22,2,1641.38
1996,1,22,2,1618.88
1997,1,22,2,1562.29
1998,1,22,2,1831.08
1999,1,22,2,1454.26
2000,1,22,2,1848.14
2001,1,22,2,1595.14
2002,1,22,2,1585.98
2003,1,22,2,2157.04
2004,1,22,2,2374.97
2005,1,22,2,2008.58
2006,1,22,2,2184.46
2007,1,22,2,2254.71
2008,1,22,2,2084.07
2009,1,22,2,1452.07
2010,1,22,2,873.876
2011,1,22,2,480.41
2012,1,22,2,655.822
2013,1,22,2,401.622
2014,1,22,2,547.362
2015,1,22,2,360.492
2016,1,22,2,430.858
2017,1,22,2,542.017
2018,1,22,2,308.804
2019,1,22,2,421.092
2020,1,22,2,540.576
2021,1,22,2,276
2022,1,22,2,378
2023,1,22,2,801.219
2024,1,22,2,364.371
1952,1,23,2,0
1953,1,23,2,0
1954,1,23,2,0
1955,1,23,2,0
1956,1,23,2,0
1957,1,23,2,0
1958,1,23,2,0
1959,1,23,2,0
1960,1,23,2,0
1961,1,23,2,0
1962,1,23,2,0
1963,1,23,2,0
1964,1,23,2,0
1965,1,23,2,0
1966,1,23,2,0
1967,1,23,2,0
1968,1,23,2,0
1969,1,23,2,0
1970,1,23,2,0
1971,1,23,2,0
1972,1,23,2,0
1973,1,23,2,0
1974,1,23,2,0
1975,1,23,2,0
1976,1,23,2,0
1977,1,23,2,0
1978,1,23,2,0
1979,1,23,2,0
1980,1,23,2,0
1981,1,23,2,0
1982,1,23,2,0
1983,1,23,2,0
1984,1,23,2,0
1985,1,23,2,0
1986,1,23,2,0
1987,1,23,2,0
1988,1,23,2,0
1989,1,23,2,0
1990,1,23,2,0
1991,1,23,2,0
1992,1,23,2,0
1993,1,23,2,0
1994,1,23,2,0
1995,1,23,2,0
1996,1,23,2,0
1997,1,23,2,0
1998,1,23,2,0
1999,1,23,2,0
2000,1,23,2,90.395
2001,1,23,2,95.236
2002,1,23,2,101.3
2003,1,23,2,100.748
2004,1,23,2,135.843
2005,1,23,2,177.914
2006,1,23,2,178.419
2007,1,23,2,183.97
2008,1,23,2,169.426
2009,1,23,2,173.439
2010,1,23,2,159.162
2011,1,23,2,182.344
2012,1,23,2,156.945
2013,1,23,2,150.625
2014,1,23,2,265.766
2015,1,23,2,216.073
2016,1,23,2,478.712
2017,1,23,2,328.175
2018,1,23,2,266.57
2019,1,23,2,104.589
2020,1,23,2,80.397
2021,1,23,2,101.179
2022,1,23,2,58.762
2023,1,23,2,66.79
2024,1,23,2,14.619
1952,1,24,3,0
1953,1,24,3,0
1954,1,24,3,0
1955,1,24,3,0
1956,1,24,3,0
1957,1,24,3,0
1958,1,24,3,0
1959,1,24,3,0
1960,1,24,3,0
1961,1,24,3,0
1962,1,24,3,0
1963,1,24,3,0
1964,1,24,3,0
1965,1,24,3,0
1966,1,24,3,0
1967,1,24,3,0
1968,1,24,3,0
1969,1,24,3,0
1970,1,24,3,0
1971,1,24,3,0
1972,1,24,3,190.2
1973,1,24,3,164.22
1974,1,24,3,109.7
1975,1,24,3,110.3
1976,1,24,3,29.3
1977,1,24,3,91.76
1978,1,24,3,165.18
1979,1,24,3,24.25
1980,1,24,3,183.2
1981,1,24,3,72.9
1982,1,24,3,139.9
1983,1,24,3,113.9
1984,1,24,3,63.3
1985,1,24,3,89.1
1986,1,24,3,104.8
1987,1,24,3,64
1988,1,24,3,66.7
1989,1,24,3,31.7
1990,1,24,3,80.1
1991,1,24,3,0
1992,1,24,3,20
1993,1,24,3,3.5
1994,1,24,3,19
1995,1,24,3,16.4
1996,1,24,3,1
1997,1,24,3,2.8
1998,1,24,3,11
1999,1,24,3,2
2000,1,24,3,1.2
2001,1,24,3,1
2002,1,24,3,0
2003,1,24,3,31.3
2004,1,24,3,28.5
2005,1,24,3,1.5
2006,1,24,3,39.5
2007,1,24,3,0
2008,1,24,3,28.5
2009,1,24,3,8.6
2010,1,24,3,0
2011,1,24,3,10
2012,1,24,3,4.4
2013,1,24,3,45.5
2014,1,24,3,13.8
2015,1,24,3,1.7
2016,1,24,3,0
2017,1,24,3,1
2018,1,24,3,0
2019,1,24,3,0
2020,1,24,3,0
2021,1,24,3,3
2022,1,24,3,0.7
2023,1,24,3,0
2024,1,24,3,0
1952,1,25,3,0
1953,1,25,3,0
1954,1,25,3,0
1955,1,25,3,0
1956,1,25,3,0
1957,1,25,3,0
1958,1,25,3,0
1959,1,25,3,0
1960,1,25,3,0
1961,1,25,3,0
1962,1,25,3,0
1963,1,25,3,0
1964,1,25,3,0
1965,1,25,3,0
1966,1,25,3,0
1967,1,25,3,0
1968,1,25,3,0
1969,1,25,3,0.581
1970,1,25,3,0
1971,1,25,3,5.829
1972,1,25,3,5.277
1973,1,25,3,62.897
1974,1,25,3,31.704
1975,1,25,3,43.107
1976,1,25,3,216.084
1977,1,25,3,300.529
1978,1,25,3,343.43
1979,1,25,3,198.009
1980,1,25,3,238.879
1981,1,25,3,1333.75
1982,1,25,3,3697.28
1983,1,25,3,3433.99
1984,1,25,3,5478.52
1985,1,25,3,2973.65
1986,1,25,3,7669.03
1987,1,25,3,5967.23
1988,1,25,3,6715.24
1989,1,25,3,4650.47
1990,1,25,3,8526.52
1991,1,25,3,9391.88
1992,1,25,3,9677.96
1993,1,25,3,9762.53
1994,1,25,3,9375.98
1995,1,25,3,7908.6
1996,1,25,3,10048
1997,1,25,3,10566.6
1998,1,25,3,11101.3
1999,1,25,3,10290.5
2000,1,25,3,9840.74
2001,1,25,3,7434.16
2002,1,25,3,19474.3
2003,1,25,3,10306.1
2004,1,25,3,14443.4
2005,1,25,3,11235.1
2006,1,25,3,11525.2
2007,1,25,3,12679.7
2008,1,25,3,14633
2009,1,25,3,10201.9
2010,1,25,3,9350.57
2011,1,25,3,22211.8
2012,1,25,3,9757.19
2013,1,25,3,11962.9
2014,1,25,3,16794.1
2015,1,25,3,7259.34
2016,1,25,3,9643.4
2017,1,25,3,10340.3
2018,1,25,3,10224.1
2019,1,25,3,5707.39
2020,1,25,3,6346.21
2021,1,25,3,14141
2022,1,25,3,11598.5
2023,1,25,3,7374.93
2024,1,25,3,7627.91
1952,1,26,4,0
1953,1,26,4,0
1954,1,26,4,0
1955,1,26,4,0
1956,1,26,4,0
1957,1,26,4,0
1958,1,26,4,0
1959,1,26,4,0
1960,1,26,4,0
1961,1,26,4,0
1962,1,26,4,0
1963,1,26,4,0
1964,1,26,4,0
1965,1,26,4,0
1966,1,26,4,0
1967,1,26,4,0
1968,1,26,4,0
1969,1,26,4,0
1970,1,26,4,0
1971,1,26,4,0
1972,1,26,4,0
1973,1,26,4,0
1974,1,26,4,0
1975,1,26,4,0
1976,1,26,4,0
1977,1,26,4,0
1978,1,26,4,0
1979,1,26,4,0
1980,1,26,4,0
1981,1,26,4,0
1982,1,26,4,0
1983,1,26,4,16.305
1984,1,26,4,0
1985,1,26,4,8.97
1986,1,26,4,0
1987,1,26,4,0
1988,1,26,4,0
1989,1,26,4,0
1990,1,26,4,0
1991,1,26,4,2.155
1992,1,26,4,258.296
1993,1,26,4,0
1994,1,26,4,0
1995,1,26,4,0
1996,1,26,4,40.329
1997,1,26,4,414.908
1998,1,26,4,570.435
1999,1,26,4,38.726
2000,1,26,4,818.457
2001,1,26,4,113.791
2002,1,26,4,829.508
2003,1,26,4,0
2004,1,26,4,1110.18
2005,1,26,4,211.36
2006,1,26,4,213.541
2007,1,26,4,1002.21
2008,1,26,4,3005.72
2009,1,26,4,3271.32
2010,1,26,4,3297.16
2011,1,26,4,3510.27
2012,1,26,4,3927.94
2013,1,26,4,6142.33
2014,1,26,4,6241.7
2015,1,26,4,3708.69
2016,1,26,4,689.523
2017,1,26,4,4197.63
2018,1,26,4,8679
2019,1,26,4,3404.08
2020,1,26,4,5405.41
2021,1,26,4,5150.18
2022,1,26,4,3746.66
2023,1,26,4,4826.75
2024,1,26,4,1871.76
1952,1,27,3,0
1953,1,27,3,0
1954,1,27,3,0
1955,1,27,3,0
1956,1,27,3,0
1957,1,27,3,0
1958,1,27,3,0
1959,1,27,3,0
1960,1,27,3,0
1961,1,27,3,0
1962,1,27,3,0
1963,1,27,3,0
1964,1,27,3,0
1965,1,27,3,0
1966,1,27,3,0
1967,1,27,3,0
1968,1,27,3,0
1969,1,27,3,0
1970,1,27,3,0
1971,1,27,3,0
1972,1,27,3,0
1973,1,27,3,6.884
1974,1,27,3,0
1975,1,27,3,3.166
1976,1,27,3,0
1977,1,27,3,0
1978,1,27,3,28.061
1979,1,27,3,1.765
1980,1,27,3,30.457
1981,1,27,3,38.123
1982,1,27,3,196.4
1983,1,27,3,449.873
1984,1,27,3,361.415
1985,1,27,3,478.068
1986,1,27,3,285.164
1987,1,27,3,1237.92
1988,1,27,3,417.964
1989,1,27,3,671.114
1990,1,27,3,855.899
1991,1,27,3,2092.89
1992,1,27,3,1140.9
1993,1,27,3,1763.61
1994,1,27,3,838.165
1995,1,27,3,2977.4
1996,1,27,3,999.23
1997,1,27,3,826.745
1998,1,27,3,2508.77
1999,1,27,3,644.927
2000,1,27,3,1131.41
2001,1,27,3,1047.99
2002,1,27,3,554.243
2003,1,27,3,4134.42
2004,1,27,3,575.53
2005,1,27,3,1618.86
2006,1,27,3,906.223
2007,1,27,3,1321.9
2008,1,27,3,666.802
2009,1,27,3,672.382
2010,1,27,3,1926.54
2011,1,27,3,634.108
2012,1,27,3,1488.62
2013,1,27,3,2980.69
2014,1,27,3,1791.45
2015,1,27,3,1546.53
2016,1,27,3,3011.64
2017,1,27,3,2439.84
2018,1,27,3,1765.32
2019,1,27,3,2414.21
2020,1,27,3,1442.62
2021,1,27,3,971.825
2022,1,27,3,775.053
2023,1,27,3,1247.27
2024,1,27,3,927.199
1952,1,28,4,0
1953,1,28,4,0
1954,1,28,4,0
1955,1,28,4,0
1956,1,28,4,0
1957,1,28,4,0
1958,1,28,4,0
1959,1,28,4,0
1960,1,28,4,0
1961,1,28,4,0
1962,1,28,4,0
1963,1,28,4,0
1964,1,28,4,0
1965,1,28,4,0
1966,1,28,4,0
1967,1,28,4,0
1968,1,28,4,0
1969,1,28,4,0
1970,1,28,4,0
1971,1,28,4,0
1972,1,28,4,0
1973,1,28,4,0
1974,1,28,4,0
1975,1,28,4,0
1976,1,28,4,0
1977,1,28,4,0
1978,1,28,4,0
1979,1,28,4,0
1980,1,28,4,0
1981,1,28,4,0
1982,1,28,4,0
1983,1,28,4,0
1984,1,28,4,0
1985,1,28,4,0
1986,1,28,4,2.196
1987,1,28,4,0
1988,1,28,4,0
1989,1,28,4,0
1990,1,28,4,0
1991,1,28,4,0
1992,1,28,4,4.842
1993,1,28,4,0
1994,1,28,4,0
1995,1,28,4,0
1996,1,28,4,0
1997,1,28,4,0
1998,1,28,4,0
1999,1,28,4,0
2000,1,28,4,0
2001,1,28,4,0
2002,1,28,4,10.395
2003,1,28,4,0
2004,1,28,4,0
2005,1,28,4,0
2006,1,28,4,0
2007,1,28,4,0
2008,1,28,4,3.848
2009,1,28,4,7.222
2010,1,28,4,8.359
2011,1,28,4,0
2012,1,28,4,12.959
2013,1,28,4,22.686
2014,1,28,4,24.185
2015,1,28,4,229.494
2016,1,28,4,19.173
2017,1,28,4,0
2018,1,28,4,115.342
2019,1,28,4,291.843
2020,1,28,4,1.354
2021,1,28,4,2.772
2022,1,28,4,0.56
2023,1,28,4,30.193
2024,1,28,4,0.761
1952,1,29,1,9.6113e-06
1953,1,29,1,9.32957e-06
1954,1,29,1,9.23195e-06
1955,1,29,1,9.32159e-06
1956,1,29,1,9.61275e-06
1957,1,29,1,9.70946e-06
1958,1,29,1,8.56132e-06
1959,1,29,1,6.81914e-06
1960,1,29,1,6.17374e-06
1961,1,29,1,6.51816e-06
1962,1,29,1,6.30361e-06
1963,1,29,1,5.74969e-06
1964,1,29,1,5.29505e-06
1965,1,29,1,5.33373e-06
1966,1,29,1,5.53417e-06
1967,1,29,1,5.29905e-06
1968,1,29,1,4.9264e-06
1969,1,29,1,5.07293e-06
1970,1,29,1,4.81194e-06
1971,1,29,1,4.3002e-06
1972,1,29,1,3.93256e-06
1973,1,29,1,3.27376e-06
1974,1,29,1,2.98104e-06
1975,1,29,1,2.70154e-06
1976,1,29,1,2.31582e-06
1977,1,29,1,2.4901e-06
1978,1,29,1,2.68695e-06
1979,1,29,1,2.65625e-06
1980,1,29,1,2.51636e-06
1981,1,29,1,2.25084e-06
1982,1,29,1,2.08383e-06
1983,1,29,1,2.11411e-06
1984,1,29,1,2.31535e-06
1985,1,29,1,2.40932e-06
1986,1,29,1,2.23696e-06
1987,1,29,1,2.11837e-06
1988,1,29,1,1.99953e-06
1989,1,29,1,1.80757e-06
1990,1,29,1,1.94331e-06
1991,1,29,1,2.05013e-06
1992,1,29,1,1.96217e-06
1993,1,29,1,1.70467e-06
1994,1,29,1,1.47486e-06
1995,1,29,1,1.42754e-06
1996,1,29,1,1.26379e-06
1997,1,29,1,1.29993e-06
1998,1,29,1,1.33642e-06
1999,1,29,1,1.32102e-06
2000,1,29,1,1.20547e-06
2001,1,29,1,1.14814e-06
2002,1,29,1,1.44794e-06
2003,1,29,1,1.58133e-06
2004,1,29,1,1.59234e-06
2005,1,29,1,1.46877e-06
2006,1,29,1,1.4503e-06
2007,1,29,1,1.32725e-06
2008,1,29,1,1.19638e-06
2009,1,29,1,1.11903e-06
2010,1,29,1,1.11364e-06
2011,1,29,1,1.1995e-06
2012,1,29,1,1.22429e-06
2013,1,29,1,1.14198e-06
2014,1,29,1,1.36094e-06
2015,1,29,1,1.64126e-06
2016,1,29,1,1.69154e-06
2017,1,29,1,1.6055e-06
2018,1,29,1,1.73927e-06
2019,1,29,1,2.09309e-06
2020,1,29,1,2.24559e-06
2021,1,29,1,2.02377e-06
2022,1,29,1,1.76845e-06
2023,1,29,1,1.52315e-06
2024,1,29,1,1.08116e-06
1952,1,30,2,3.80601e-06
1953,1,30,2,3.78389e-06
1954,1,30,2,3.75311e-06
1955,1,30,2,3.73005e-06
1956,1,30,2,3.71928e-06
1957,1,30,2,3.7519e-06
1958,1,30,2,3.93112e-06
1959,1,30,2,3.83581e-06
1960,1,30,2,3.0213e-06
1961,1,30,2,2.45298e-06
1962,1,30,2,2.53669e-06
1963,1,30,2,2.39931e-06
1964,1,30,2,2.08146e-06
1965,1,30,2,1.93413e-06
1966,1,30,2,2.08221e-06
1967,1,30,2,1.98218e-06
1968,1,30,2,1.82766e-06
1969,1,30,2,1.45137e-06
1970,1,30,2,1.60676e-06
1971,1,30,2,1.65156e-06
1972,1,30,2,1.96679e-06
1973,1,30,2,2.11418e-06
1974,1,30,2,2.2234e-06
1975,1,30,2,1.95071e-06
1976,1,30,2,1.80411e-06
1977,1,30,2,1.7291e-06
1978,1,30,2,1.78297e-06
1979,1,30,2,1.88768e-06
1980,1,30,2,1.6156e-06
1981,1,30,2,1.43638e-06
1982,1,30,2,1.15321e-06
1983,1,30,2,1.22187e-06
1984,1,30,2,1.4104e-06
1985,1,30,2,1.56787e-06
1986,1,30,2,1.52871e-06
1987,1,30,2,1.77408e-06
1988,1,30,2,1.95137e-06
1989,1,30,2,2.59547e-06
1990,1,30,2,2.49266e-06
1991,1,30,2,2.52018e-06
1992,1,30,2,2.30555e-06
1993,1,30,2,1.90485e-06
1994,1,30,2,1.74573e-06
1995,1,30,2,1.57833e-06
1996,1,30,2,1.47948e-06
1997,1,30,2,1.19671e-06
1998,1,30,2,1.37238e-06
1999,1,30,2,1.39721e-06
2000,1,30,2,1.35984e-06
2001,1,30,2,9.94011e-07
2002,1,30,2,1.03179e-06
2003,1,30,2,1.09344e-06
2004,1,30,2,1.22654e-06
2005,1,30,2,1.1611e-06
2006,1,30,2,9.80483e-07
2007,1,30,2,8.98521e-07
2008,1,30,2,8.15372e-07
2009,1,30,2,6.86256e-07
2010,1,30,2,7.01548e-07
2011,1,30,2,7.14731e-07
2012,1,30,2,7.34833e-07
2013,1,30,2,5.73563e-07
2014,1,30,2,5.10555e-07
2015,1,30,2,5.26039e-07
2016,1,30,2,6.22962e-07
2017,1,30,2,6.2062e-07
2018,1,30,2,6.27449e-07
2019,1,30,2,6.29945e-07
2020,1,30,2,5.75586e-07
2021,1,30,2,5.68718e-07
2022,1,30,2,5.52454e-07
2023,1,30,2,6.16688e-07
2024,1,30,2,6.45413e-07
1952,1,31,3,4.12184e-06
1953,1,31,3,4.09633e-06
1954,1,31,3,4.07086e-06
1955,1,31,3,4.12505e-06
1956,1,31,3,4.03588e-06
1957,1,31,3,4.0395e-06
1958,1,31,3,4.85989e-06
1959,1,31,3,4.80309e-06
1960,1,31,3,3.64265e-06
1961,1,31,3,2.81429e-06
1962,1,31,3,3.09318e-06
1963,1,31,3,3.04388e-06
1964,1,31,3,3.0728e-06
1965,1,31,3,2.88604e-06
1966,1,31,3,2.90926e-06
1967,1,31,3,2.86511e-06
1968,1,31,3,2.66957e-06
1969,1,31,3,2.54665e-06
1970,1,31,3,2.8952e-06
1971,1,31,3,2.6465e-06
1972,1,31,3,2.79243e-06
1973,1,31,3,3.03092e-06
1974,1,31,3,2.55554e-06
1975,1,31,3,2.29891e-06
1976,1,31,3,2.68394e-06
1977,1,31,3,2.72174e-06
1978,1,31,3,2.68884e-06
1979,1,31,3,3.04154e-06
1980,1,31,3,2.50824e-06
1981,1,31,3,2.38478e-06
1982,1,31,3,1.99134e-06
1983,1,31,3,2.148e-06
1984,1,31,3,2.59527e-06
1985,1,31,3,2.92796e-06
1986,1,31,3,2.82851e-06
1987,1,31,3,2.5372e-06
1988,1,31,3,2.59933e-06
1989,1,31,3,2.60842e-06
1990,1,31,3,2.44418e-06
1991,1,31,3,2.8876e-06
1992,1,31,3,2.87497e-06
1993,1,31,3,2.57353e-06
1994,1,31,3,2.32124e-06
1995,1,31,3,2.32787e-06
1996,1,31,3,2.35093e-06
1997,1,31,3,2.5551e-06
1998,1,31,3,3.10222e-06
1999,1,31,3,2.60194e-06
2000,1,31,3,2.11986e-06
2001,1,31,3,1.95045e-06
2002,1,31,3,2.02124e-06
2003,1,31,3,1.92736e-06
2004,1,31,3,2.15541e-06
2005,1,31,3,1.75728e-06
2006,1,31,3,1.68852e-06
2007,1,31,3,1.65324e-06
2008,1,31,3,1.89803e-06
2009,1,31,3,1.78452e-06
2010,1,31,3,1.52028e-06
2011,1,31,3,1.6034e-06
2012,1,31,3,1.52694e-06
2013,1,31,3,1.46947e-06
2014,1,31,3,1.44951e-06
2015,1,31,3,1.62074e-06
2016,1,31,3,1.82579e-06
2017,1,31,3,1.75361e-06
2018,1,31,3,1.42333e-06
2019,1,31,3,1.28422e-06
2020,1,31,3,1.26233e-06
2021,1,31,3,1.50482e-06
2022,1,31,3,1.51041e-06
2023,1,31,3,1.53174e-06
2024,1,31,3,1.32966e-06
1952,1,32,4,0
1953,1,32,4,3.12959e-06
1954,1,32,4,3.08045e-06
1955,1,32,4,3.09014e-06
1956,1,32,4,3.11258e-06
1957,1,32,4,3.28649e-06
1958,1,32,4,3.48798e-06
1959,1,32,4,3.21345e-06
1960,1,32,4,2.71728e-06
1961,1,32,4,2.33771e-06
1962,1,32,4,2.33665e-06
1963,1,32,4,2.33963e-06
1964,1,32,4,2.24928e-06
1965,1,32,4,2.20589e-06
1966,1,32,4,2.33805e-06
1967,1,32,4,2.43885e-06
1968,1,32,4,2.33845e-06
1969,1,32,4,2.46016e-06
1970,1,32,4,2.64726e-06
1971,1,32,4,2.49543e-06
1972,1,32,4,2.49211e-06
1973,1,32,4,2.38593e-06
1974,1,32,4,2.06154e-06
1975,1,32,4,1.87344e-06
1976,1,32,4,1.81666e-06
1977,1,32,4,1.77163e-06
1978,1,32,4,1.84749e-06
1979,1,32,4,1.92752e-06
1980,1,32,4,1.68805e-06
1981,1,32,4,1.65174e-06
1982,1,32,4,1.49377e-06
1983,1,32,4,1.51664e-06
1984,1,32,4,1.7634e-06
1985,1,32,4,1.92667e-06
1986,1,32,4,1.89743e-06
1987,1,32,4,1.69792e-06
1988,1,32,4,1.54114e-06
1989,1,32,4,1.52739e-06
1990,1,32,4,1.60644e-06
1991,1,32,4,1.81302e-06
1992,1,32,4,1.73132e-06
1993,1,32,4,1.52788e-06
1994,1,32,4,1.40828e-06
1995,1,32,4,1.33616e-06
1996,1,32,4,1.58256e-06
1997,1,32,4,1.96405e-06
1998,1,32,4,2.11915e-06
1999,1,32,4,1.95061e-06
2000,1,32,4,1.84079e-06
2001,1,32,4,1.74177e-06
2002,1,32,4,1.49035e-06
2003,1,32,4,1.1518e-06
2004,1,32,4,1.32878e-06
2005,1,32,4,1.00166e-06
2006,1,32,4,1.11201e-06
2007,1,32,4,1.18954e-06
2008,1,32,4,1.17619e-06
2009,1,32,4,1.10616e-06
2010,1,32,4,7.7451e-07
2011,1,32,4,6.92773e-07
2012,1,32,4,8.4773e-07
2013,1,32,4,9.12144e-07
2014,1,32,4,8.17192e-07
2015,1,32,4,7.77446e-07
2016,1,32,4,8.46632e-07
2017,1,32,4,8.95885e-07
2018,1,32,4,9.13581e-07
2019,1,32,4,7.58514e-07
2020,1,32,4,7.07872e-07
2021,1,32,4,8.46426e-07
2022,1,32,4,9.44396e-07
2023,1,32,4,8.6501e-07
2024,1,32,4,5.89774e-07
1952,1,33,5,3.83082e-06
1953,1,33,5,4.03133e-06
1954,1,33,5,4.14125e-06
1955,1,33,5,4.17663e-06
1956,1,33,5,4.07428e-06
1957,1,33,5,4.22515e-06
1958,1,33,5,4.48944e-06
1959,1,33,5,4.33958e-06
1960,1,33,5,4.09623e-06
1961,1,33,5,4.01417e-06
1962,1,33,5,3.75102e-06
1963,1,33,5,3.54229e-06
1964,1,33,5,3.28751e-06
1965,1,33,5,3.14105e-06
1966,1,33,5,3.00169e-06
1967,1,33,5,2.86407e-06
1968,1,33,5,2.73193e-06
1969,1,33,5,2.76952e-06
1970,1,33,5,2.64934e-06
1971,1,33,5,2.59481e-06
1972,1,33,5,2.69426e-06
1973,1,33,5,2.63764e-06
1974,1,33,5,2.49182e-06
1975,1,33,5,2.60397e-06
1976,1,33,5,2.63247e-06
1977,1,33,5,2.4605e-06
1978,1,33,5,2.54603e-06
1979,1,33,5,2.43483e-06
1980,1,33,5,2.41966e-06
1981,1,33,5,2.22196e-06
1982,1,33,5,2.1358e-06
1983,1,33,5,2.16568e-06
1984,1,33,5,2.22837e-06
1985,1,33,5,2.30747e-06
1986,1,33,5,2.27678e-06
1987,1,33,5,2.42076e-06
1988,1,33,5,2.46493e-06
1989,1,33,5,2.36985e-06
1990,1,33,5,2.53288e-06
1991,1,33,5,2.61405e-06
1992,1,33,5,2.7586e-06
1993,1,33,5,2.72274e-06
1994,1,33,5,2.84276e-06
1995,1,33,5,2.78313e-06
1996,1,33,5,2.54794e-06
1997,1,33,5,2.81669e-06
1998,1,33,5,2.69169e-06
1999,1,33,5,2.58164e-06
2000,1,33,5,2.4069e-06
2001,1,33,5,2.37836e-06
2002,1,33,5,2.22049e-06
2003,1,33,5,2.27614e-06
2004,1,33,5,2.15257e-06
2005,1,33,5,2.08567e-06
2006,1,33,5,1.91172e-06
2007,1,33,5,2.12735e-06
2008,1,33,5,2.01604e-06
2009,1,33,5,1.88794e-06
2010,1,33,5,1.83237e-06
2011,1,33,5,1.78608e-06
2012,1,33,5,1.72847e-06
2013,1,33,5,1.55922e-06
2014,1,33,5,1.62204e-06
2015,1,33,5,1.71264e-06
2016,1,33,5,1.67079e-06
2017,1,33,5,1.52917e-06
2018,1,33,5,1.49624e-06
2019,1,33,5,1.40499e-06
2020,1,33,5,1.37777e-06
2021,1,33,5,1.39044e-06
2022,1,33,5,1.53591e-06
2023,1,33,5,1.49526e-06
2024,1,33,5,1.46476e-06
1952,2,1,1,793.801
1953,2,1,1,587.682
1954,2,1,1,1179.55
1955,2,1,1,1157.07
1956,2,1,1,1285.51
1957,2,1,1,1209.77
1958,2,1,1,906.546
1959,2,1,1,944.202
1960,2,1,1,1327.6
1961,2,1,1,703.156
1962,2,1,1,272.529
1963,2,1,1,804.198
1964,2,1,1,456.576
1965,2,1,1,402.897
1966,2,1,1,528.685
1967,2,1,1,669.874
1968,2,1,1,427.749
1969,2,1,1,427.697
1970,2,1,1,430.901
1971,2,1,1,355.789
1972,2,1,1,421.875
1973,2,1,1,469.189
1974,2,1,1,519.111
1975,2,1,1,542.067
1976,2,1,1,623.797
1977,2,1,1,1289.84
1978,2,1,1,1113.32
1979,2,1,1,1090.65
1980,2,1,1,869.148
1981,2,1,1,641.753
1982,2,1,1,718.639
1983,2,1,1,719.366
1984,2,1,1,706.831
1985,2,1,1,895.684
1986,2,1,1,971.004
1987,2,1,1,1128.49
1988,2,1,1,1303.01
1989,2,1,1,851.577
1990,2,1,1,1039.97
1991,2,1,1,1508.71
1992,2,1,1,1644.58
1993,2,1,1,1621.87
1994,2,1,1,788.725
1995,2,1,1,1044.47
1996,2,1,1,584.18
1997,2,1,1,607.727
1998,2,1,1,609.764
1999,2,1,1,890.12
2000,2,1,1,662.044
2001,2,1,1,503.743
2002,2,1,1,1104.93
2003,2,1,1,2934.86
2004,2,1,1,1566
2005,2,1,1,1816.26
2006,2,1,1,2539.44
2007,2,1,1,1388.34
2008,2,1,1,1170.71
2009,2,1,1,906.396
2010,2,1,1,882.1
2011,2,1,1,978.939
2012,2,1,1,660.826
2013,2,1,1,396.599
2014,2,1,1,1082.11
2015,2,1,1,1834.48
2016,2,1,1,1251.43
2017,2,1,1,873.642
2018,2,1,1,685.961
2019,2,1,1,840.832
2020,2,1,1,834.857
2021,2,1,1,542.841
2022,2,1,1,413.587
2023,2,1,1,572.198
2024,2,1,1,772.291
1952,2,2,1,3169.65
1953,2,2,1,618.993
1954,2,2,1,928.506
1955,2,2,1,1659.05
1956,2,2,1,415.474
1957,2,2,1,764.59
1958,2,2,1,3856.91
1959,2,2,1,3450.73
1960,2,2,1,4234.33
1961,2,2,1,4055.94
1962,2,2,1,6155.34
1963,2,2,1,5196.98
1964,2,2,1,4899.79
1965,2,2,1,1234.59
1966,2,2,1,1871.88
1967,2,2,1,3282.8
1968,2,2,1,1464.33
1969,2,2,1,736.498
1970,2,2,1,2641.11
1971,2,2,1,1505.31
1972,2,2,1,2095.72
1973,2,2,1,2515.63
1974,2,2,1,3350.87
1975,2,2,1,2265.19
1976,2,2,1,3077.91
1977,2,2,1,2130.35
1978,2,2,1,3241.13
1979,2,2,1,2498.73
1980,2,2,1,2456.41
1981,2,2,1,4163.56
1982,2,2,1,2522.44
1983,2,2,1,2055.35
1984,2,2,1,2117.34
1985,2,2,1,1986.89
1986,2,2,1,3401.35
1987,2,2,1,3574.9
1988,2,2,1,3108.43
1989,2,2,1,3244.86
1990,2,2,1,1937.44
1991,2,2,1,2605.67
1992,2,2,1,1186.52
1993,2,2,1,1963.54
1994,2,2,1,1084.01
1995,2,2,1,1861.86
1996,2,2,1,1408.9
1997,2,2,1,1395.45
1998,2,2,1,1774.55
1999,2,2,1,2473.95
2000,2,2,1,676.431
2001,2,2,1,1146.31
2002,2,2,1,1770.28
2003,2,2,1,1852.4
2004,2,2,1,1856.65
2005,2,2,1,1683.62
2006,2,2,1,1872.33
2007,2,2,1,1015.63
2008,2,2,1,2573.48
2009,2,2,1,1369.62
2010,2,2,1,743.778
2011,2,2,1,2073.01
2012,2,2,1,1883.11
2013,2,2,1,1035.16
2014,2,2,1,552.295
2015,2,2,1,888.721
2016,2,2,1,2281.62
2017,2,2,1,2080.11
2018,2,2,1,3661.39
2019,2,2,1,2920.9
2020,2,2,1,3456.69
2021,2,2,1,3154.32
2022,2,2,1,2519.96
2023,2,2,1,2509.9
2024,2,2,1,5255.99
1952,2,3,1,0
1953,2,3,1,0
1954,2,3,1,0
1955,2,3,1,0
1956,2,3,1,0
1957,2,3,1,0
1958,2,3,1,0
1959,2,3,1,0
1960,2,3,1,0
1961,2,3,1,0
1962,2,3,1,0
1963,2,3,1,0
1964,2,3,1,0
1965,2,3,1,0
1966,2,3,1,0
1967,2,3,1,0
1968,2,3,1,0
1969,2,3,1,0
1970,2,3,1,0
1971,2,3,1,0
1972,2,3,1,0
1973,2,3,1,0
1974,2,3,1,0
1975,2,3,1,0
1976,2,3,1,0
1977,2,3,1,0
1978,2,3,1,0
1979,2,3,1,0
1980,2,3,1,0
1981,2,3,1,0
1982,2,3,1,0
1983,2,3,1,0
1984,2,3,1,0
1985,2,3,1,0
1986,2,3,1,0
1987,2,3,1,0
1988,2,3,1,0
1989,2,3,1,0
1990,2,3,1,0
1991,2,3,1,312.454
1992,2,3,1,412.526
1993,2,3,1,556.561
1994,2,3,1,203.007
1995,2,3,1,630.065
1996,2,3,1,510.635
1997,2,3,1,479.067
1998,2,3,1,671.186
1999,2,3,1,642.575
2000,2,3,1,854.665
2001,2,3,1,491.597
2002,2,3,1,746.608
2003,2,3,1,463.089
2004,2,3,1,782.616
2005,2,3,1,735.281
2006,2,3,1,748.189
2007,2,3,1,943.361
2008,2,3,1,974.854
2009,2,3,1,624.233
2010,2,3,1,916.722
2011,2,3,1,1062.84
2012,2,3,1,1066.45
2013,2,3,1,840.19
2014,2,3,1,808.648
2015,2,3,1,1312.38
2016,2,3,1,1613.84
2017,2,3,1,1072.4
2018,2,3,1,890.77
2019,2,3,1,1558.97
2020,2,3,1,1406.68
2021,2,3,1,1317.36
2022,2,3,1,1671.33
2023,2,3,1,1462.3
2024,2,3,1,1259.6
1952,2,4,2,246.739
1953,2,4,2,146.126
1954,2,4,2,317.646
1955,2,4,2,203.179
1956,2,4,2,281.099
1957,2,4,2,150.438
1958,2,4,2,205.733
1959,2,4,2,357.674
1960,2,4,2,281.695
1961,2,4,2,109.898
1962,2,4,2,286.597
1963,2,4,2,50.2211
1964,2,4,2,88.7939
1965,2,4,2,222.388
1966,2,4,2,288.462
1967,2,4,2,630.301
1968,2,4,2,873.867
1969,2,4,2,919.796
1970,2,4,2,542.965
1971,2,4,2,341.023
1972,2,4,2,394.59
1973,2,4,2,747.848
1974,2,4,2,947.942
1975,2,4,2,1290.44
1976,2,4,2,1082.6
1977,2,4,2,1672.6
1978,2,4,2,804.508
1979,2,4,2,1127.24
1980,2,4,2,816.104
1981,2,4,2,842.985
1982,2,4,2,357.394
1983,2,4,2,371.607
1984,2,4,2,385.666
1985,2,4,2,570.167
1986,2,4,2,363.245
1987,2,4,2,275.94
1988,2,4,2,322.381
1989,2,4,2,696.864
1990,2,4,2,1163.63
1991,2,4,2,776.012
1992,2,4,2,855.674
1993,2,4,2,766.199
1994,2,4,2,988.614
1995,2,4,2,705.562
1996,2,4,2,1218.24
1997,2,4,2,788.72
1998,2,4,2,385.948
1999,2,4,2,528.902
2000,2,4,2,422.126
2001,2,4,2,400.433
2002,2,4,2,345.414
2003,2,4,2,316.799
2004,2,4,2,460.534
2005,2,4,2,316.813
2006,2,4,2,583.359
2007,2,4,2,178.19
2008,2,4,2,452.827
2009,2,4,2,339.599
2010,2,4,2,197.482
2011,2,4,2,436.094
2012,2,4,2,373.361
2013,2,4,2,260.193
2014,2,4,2,556.304
2015,2,4,2,195.421
2016,2,4,2,265.906
2017,2,4,2,545.62
2018,2,4,2,555.603
2019,2,4,2,527.133
2020,2,4,2,403.406
2021,2,4,2,323.323
2022,2,4,2,188.11
2023,2,4,2,205.178
2024,2,4,2,300.741
1952,2,5,2,0
1953,2,5,2,0
1954,2,5,2,0
1955,2,5,2,0
1956,2,5,2,0
1957,2,5,2,0
1958,2,5,2,688.304
1959,2,5,2,497.712
1960,2,5,2,890.726
1961,2,5,2,812.53
1962,2,5,2,706.789
1963,2,5,2,945.22
1964,2,5,2,969.06
1965,2,5,2,554.161
1966,2,5,2,559.58
1967,2,5,2,722.901
1968,2,5,2,1138.42
1969,2,5,2,962.449
1970,2,5,2,443.599
1971,2,5,2,588.665
1972,2,5,2,674.695
1973,2,5,2,618.443
1974,2,5,2,714.966
1975,2,5,2,1355.18
1976,2,5,2,704.189
1977,2,5,2,613.123
1978,2,5,2,1024.39
1979,2,5,2,1073.27
1980,2,5,2,763.643
1981,2,5,2,1054.78
1982,2,5,2,852.875
1983,2,5,2,965.761
1984,2,5,2,884.524
1985,2,5,2,1245.14
1986,2,5,2,862.294
1987,2,5,2,1088.51
1988,2,5,2,1422.54
1989,2,5,2,940.461
1990,2,5,2,1949.03
1991,2,5,2,2610.71
1992,2,5,2,1976.44
1993,2,5,2,2547.33
1994,2,5,2,3035.45
1995,2,5,2,2426.95
1996,2,5,2,3509.09
1997,2,5,2,2765.03
1998,2,5,2,3039.37
1999,2,5,2,3479.42
2000,2,5,2,4201.26
2001,2,5,2,3770.79
2002,2,5,2,2989.23
2003,2,5,2,3433.45
2004,2,5,2,3655.29
2005,2,5,2,2925.08
2006,2,5,2,4470.87
2007,2,5,2,3644.53
2008,2,5,2,3944.13
2009,2,5,2,3775.27
2010,2,5,2,2550.95
2011,2,5,2,3500.14
2012,2,5,2,3686.28
2013,2,5,2,3189.03
2014,2,5,2,4331.7
2015,2,5,2,3246.09
2016,2,5,2,2495.27
2017,2,5,2,1160.91
2018,2,5,2,2862.87
2019,2,5,2,2635.81
2020,2,5,2,2440.55
2021,2,5,2,1932.37
2022,2,5,2,1293.35
2023,2,5,2,577.614
2024,2,5,2,288.495
1952,2,6,3,12.6747
1953,2,6,3,38.4735
1954,2,6,3,57.8297
1955,2,6,3,11.5164
1956,2,6,3,15.0901
1957,2,6,3,7.17096
1958,2,6,3,72.9324
1959,2,6,3,80.963
1960,2,6,3,11.7005
1961,2,6,3,16.3501
1962,2,6,3,82.1653
1963,2,6,3,81.517
1964,2,6,3,1.62503
1965,2,6,3,62.2244
1966,2,6,3,111.493
1967,2,6,3,52.736
1968,2,6,3,29.9323
1969,2,6,3,15.2706
1970,2,6,3,51.9584
1971,2,6,3,67.0866
1972,2,6,3,160.177
1973,2,6,3,154.3
1974,2,6,3,175.28
1975,2,6,3,9.02667
1976,2,6,3,41.5277
1977,2,6,3,184.662
1978,2,6,3,183.718
1979,2,6,3,274.968
1980,2,6,3,685.963
1981,2,6,3,499.522
1982,2,6,3,240.774
1983,2,6,3,326.473
1984,2,6,3,299.426
1985,2,6,3,358.863
1986,2,6,3,301.477
1987,2,6,3,0.0641671
1988,2,6,3,31.294
1989,2,6,3,51.7436
1990,2,6,3,83.3489
1991,2,6,3,312.628
1992,2,6,3,0.0697467
1993,2,6,3,50.6666
1994,2,6,3,80.1223
1995,2,6,3,110.64
1996,2,6,3,17.1727
1997,2,6,3,95.4024
1998,2,6,3,22.9076
1999,2,6,3,24.9571
2000,2,6,3,45.4143
2001,2,6,3,102.53
2002,2,6,3,94.5054
2003,2,6,3,100.044
2004,2,6,3,54.3632
2005,2,6,3,15.0299
2006,2,6,3,131.038
2007,2,6,3,99.1714
2008,2,6,3,280.924
2009,2,6,3,233.596
2010,2,6,3,35.0806
2011,2,6,3,171.658
2012,2,6,3,203.144
2013,2,6,3,71.4469
2014,2,6,3,41.7727
2015,2,6,3,262.292
2016,2,6,3,59.5074
2017,2,6,3,75.021
2018,2,6,3,258.628
2019,2,6,3,257.113
2020,2,6,3,35.4798
2021,2,6,3,104.75
2022,2,6,3,167.925
2023,2,6,3,255.162
2024,2,6,3,68.4419
1952,2,7,3,734.531
1953,2,7,3,1550.21
1954,2,7,3,735.865
1955,2,7,3,2033.92
1956,2,7,3,1345.54
1957,2,7,3,2777.37
1958,2,7,3,4610.14
1959,2,7,3,3668.1
1960,2,7,3,1967.5
1961,2,7,3,3031.26
1962,2,7,3,1877.22
1963,2,7,3,1274.49
1964,2,7,3,1385.8
1965,2,7,3,2819.71
1966,2,7,3,3188.59
1967,2,7,3,2320.53
1968,2,7,3,2007.56
1969,2,7,3,2886.29
1970,2,7,3,1197.82
1971,2,7,3,2272.31
1972,2,7,3,4569.8
1973,2,7,3,2176
1974,2,7,3,1843.89
1975,2,7,3,2410.39
1976,2,7,3,4370.42
1977,2,7,3,4186.03
1978,2,7,3,2793.2
1979,2,7,3,4947.12
1980,2,7,3,5162.7
1981,2,7,3,2992.37
1982,2,7,3,3983.07
1983,2,7,3,3289.93
1984,2,7,3,2728.37
1985,2,7,3,3709.08
1986,2,7,3,1916.62
1987,2,7,3,4317.48
1988,2,7,3,2952.91
1989,2,7,3,4265.26
1990,2,7,3,4186.7
1991,2,7,3,1726.87
1992,2,7,3,6271.36
1993,2,7,3,3343.97
1994,2,7,3,3436.1
1995,2,7,3,3574.3
1996,2,7,3,2734.85
1997,2,7,3,3174.08
1998,2,7,3,4739.63
1999,2,7,3,3966.62
2000,2,7,3,3717.96
2001,2,7,3,3677.35
2002,2,7,3,5748.61
2003,2,7,3,2720.15
2004,2,7,3,3820.7
2005,2,7,3,3732.84
2006,2,7,3,2438.95
2007,2,7,3,2888.05
2008,2,7,3,2618.46
2009,2,7,3,2742.21
2010,2,7,3,2447.34
2011,2,7,3,2798.41
2012,2,7,3,4991.77
2013,2,7,3,1985.1
2014,2,7,3,4523.01
2015,2,7,3,5051.89
2016,2,7,3,1713.12
2017,2,7,3,1928.72
2018,2,7,3,1888.58
2019,2,7,3,3368.45
2020,2,7,3,2010.7
2021,2,7,3,1279.77
2022,2,7,3,1850.21
2023,2,7,3,2171.88
2024,2,7,3,3109.23
1952,2,8,4,1228.88
1953,2,8,4,473.378
1954,2,8,4,302.182
1955,2,8,4,514.322
1956,2,8,4,331.307
1957,2,8,4,594.472
1958,2,8,4,1345.99
1959,2,8,4,1713.14
1960,2,8,4,2021.68
1961,2,8,4,3744.43
1962,2,8,4,1168.78
1963,2,8,4,4837.55
1964,2,8,4,2539.88
1965,2,8,4,2806.48
1966,2,8,4,2369.41
1967,2,8,4,2168.02
1968,2,8,4,2538.88
1969,2,8,4,3326.36
1970,2,8,4,2427.97
1971,2,8,4,2893.97
1972,2,8,4,4442.16
1973,2,8,4,1077.2
1974,2,8,4,2141.44
1975,2,8,4,1954.44
1976,2,8,4,3864.61
1977,2,8,4,5564.41
1978,2,8,4,709.092
1979,2,8,4,2568.66
1980,2,8,4,2650.04
1981,2,8,4,1737.21
1982,2,8,4,3119.45
1983,2,8,4,2486.21
1984,2,8,4,2986.32
1985,2,8,4,5439.66
1986,2,8,4,2029.42
1987,2,8,4,3946.34
1988,2,8,4,2852.86
1989,2,8,4,1339.7
1990,2,8,4,4411.82
1991,2,8,4,2646.34
1992,2,8,4,4098.36
1993,2,8,4,3400.2
1994,2,8,4,3209.18
1995,2,8,4,3325.03
1996,2,8,4,3145.15
1997,2,8,4,4354.13
1998,2,8,4,8452.16
1999,2,8,4,4922.01
2000,2,8,4,8010.38
2001,2,8,4,6166.88
2002,2,8,4,9564.73
2003,2,8,4,2897.84
2004,2,8,4,15043.8
2005,2,8,4,3918.93
2006,2,8,4,7524.69
2007,2,8,4,6129.35
2008,2,8,4,3609.61
2009,2,8,4,4653.09
2010,2,8,4,5287.84
2011,2,8,4,4927.44
2012,2,8,4,5003.29
2013,2,8,4,3728.68
2014,2,8,4,5929.36
2015,2,8,4,2696.65
2016,2,8,4,3499.04
2017,2,8,4,1273.71
2018,2,8,4,2127.22
2019,2,8,4,2806.4
2020,2,8,4,2509.72
2021,2,8,4,3182.7
2022,2,8,4,4487.47
2023,2,8,4,4280.53
2024,2,8,4,3707.95
1952,2,9,3,0
1953,2,9,3,0
1954,2,9,3,0
1955,2,9,3,0
1956,2,9,3,0
1957,2,9,3,0
1958,2,9,3,0
1959,2,9,3,0
1960,2,9,3,0
1961,2,9,3,0
1962,2,9,3,0
1963,2,9,3,0
1964,2,9,3,0
1965,2,9,3,0
1966,2,9,3,0
1967,2,9,3,0
1968,2,9,3,0
1969,2,9,3,0
1970,2,9,3,0
1971,2,9,3,0
1972,2,9,3,0
1973,2,9,3,0
1974,2,9,3,0
1975,2,9,3,0
1976,2,9,3,0
1977,2,9,3,0
1978,2,9,3,0
1979,2,9,3,0
1980,2,9,3,0
1981,2,9,3,0
1982,2,9,3,0
1983,2,9,3,0
1984,2,9,3,0
1985,2,9,3,0
1986,2,9,3,0
1987,2,9,3,0
1988,2,9,3,21.9315
1989,2,9,3,3.54823
1990,2,9,3,180.121
1991,2,9,3,151.841
1992,2,9,3,269.705
1993,2,9,3,1017.15
1994,2,9,3,3033.2
1995,2,9,3,1986.17
1996,2,9,3,1320.9
1997,2,9,3,1184.49
1998,2,9,3,1889.83
1999,2,9,3,1629.49
2000,2,9,3,1527.08
2001,2,9,3,1570.46
2002,2,9,3,447.442
2003,2,9,3,1779.35
2004,2,9,3,879.607
2005,2,9,3,308.416
2006,2,9,3,809.693
2007,2,9,3,1574.61
2008,2,9,3,1353.77
2009,2,9,3,2406.92
2010,2,9,3,1446.97
2011,2,9,3,1438.67
2012,2,9,3,1760.06
2013,2,9,3,1670.43
2014,2,9,3,2345.93
2015,2,9,3,1835.66
2016,2,9,3,1047.71
2017,2,9,3,1669.87
2018,2,9,3,2818.88
2019,2,9,3,1662.94
2020,2,9,3,1135.08
2021,2,9,3,932.569
2022,2,9,3,824.043
2023,2,9,3,1144.45
2024,2,9,3,1235.74
1952,2,10,5,0
1953,2,10,5,42.4032
1954,2,10,5,330.913
1955,2,10,5,94.9841
1956,2,10,5,140.979
1957,2,10,5,74.4753
1958,2,10,5,20.0782
1959,2,10,5,134.263
1960,2,10,5,211.389
1961,2,10,5,252.799
1962,2,10,5,511.588
1963,2,10,5,793.874
1964,2,10,5,344.832
1965,2,10,5,640.939
1966,2,10,5,1098.13
1967,2,10,5,634.133
1968,2,10,5,1026.09
1969,2,10,5,589.2
1970,2,10,5,740.181
1971,2,10,5,674.365
1972,2,10,5,591.886
1973,2,10,5,1617.71
1974,2,10,5,1064.12
1975,2,10,5,342.006
1976,2,10,5,431.568
1977,2,10,5,703.869
1978,2,10,5,481.038
1979,2,10,5,1200.99
1980,2,10,5,863.316
1981,2,10,5,891.829
1982,2,10,5,701.711
1983,2,10,5,618.431
1984,2,10,5,668.079
1985,2,10,5,852.824
1986,2,10,5,836.062
1987,2,10,5,384.271
1988,2,10,5,856.755
1989,2,10,5,770.217
1990,2,10,5,634.76
1991,2,10,5,706.103
1992,2,10,5,356.387
1993,2,10,5,658.222
1994,2,10,5,1099.31
1995,2,10,5,945.289
1996,2,10,5,1165.94
1997,2,10,5,1256.43
1998,2,10,5,1483.55
1999,2,10,5,1059.15
2000,2,10,5,1053.55
2001,2,10,5,1106.58
2002,2,10,5,1849.74
2003,2,10,5,3328.05
2004,2,10,5,2325.17
2005,2,10,5,1700.42
2006,2,10,5,1637.46
2007,2,10,5,1584.67
2008,2,10,5,2238.24
2009,2,10,5,1996.32
2010,2,10,5,2185.02
2011,2,10,5,2407.51
2012,2,10,5,2326.68
2013,2,10,5,2058.08
2014,2,10,5,1690
2015,2,10,5,2009.67
2016,2,10,5,1513.85
2017,2,10,5,1797.55
2018,2,10,5,1480.62
2019,2,10,5,1591.91
2020,2,10,5,1486.12
2021,2,10,5,1493.07
2022,2,10,5,1210.88
2023,2,10,5,1850.61
2024,2,10,5,1192.03
1952,2,11,5,0
1953,2,11,5,0
1954,2,11,5,0
1955,2,11,5,0
1956,2,11,5,0
1957,2,11,5,0
1958,2,11,5,0
1959,2,11,5,0
1960,2,11,5,0
1961,2,11,5,0
1962,2,11,5,0
1963,2,11,5,0
1964,2,11,5,0
1965,2,11,5,0
1966,2,11,5,0
1967,2,11,5,0
1968,2,11,5,0
1969,2,11,5,0
1970,2,11,5,0
1971,2,11,5,0
1972,2,11,5,0
1973,2,11,5,0
1974,2,11,5,0
1975,2,11,5,0
1976,2,11,5,0
1977,2,11,5,0
1978,2,11,5,0
1979,2,11,5,0
1980,2,11,5,0
1981,2,11,5,0
1982,2,11,5,0
1983,2,11,5,0
1984,2,11,5,0
1985,2,11,5,0
1986,2,11,5,0
1987,2,11,5,18.6998
1988,2,11,5,8.53555
1989,2,11,5,17.6083
1990,2,11,5,5.8829
1991,2,11,5,6.01129
1992,2,11,5,8.90274
1993,2,11,5,8.64637
1994,2,11,5,45.4475
1995,2,11,5,64.0984
1996,2,11,5,140.442
1997,2,11,5,365.966
1998,2,11,5,418.944
1999,2,11,5,350.229
2000,2,11,5,287.351
2001,2,11,5,679.978
2002,2,11,5,474.972
2003,2,11,5,568.175
2004,2,11,5,530.199
2005,2,11,5,456.462
2006,2,11,5,310.416
2007,2,11,5,348.902
2008,2,11,5,502.979
2009,2,11,5,300.585
2010,2,11,5,258.54
2011,2,11,5,152.347
2012,2,11,5,209.594
2013,2,11,5,173.824
2014,2,11,5,203.534
2015,2,11,5,345.299
2016,2,11,5,298.188
2017,2,11,5,195.716
2018,2,11,5,129.028
2019,2,11,5,135.557
2020,2,11,5,123.01
2021,2,11,5,158.709
2022,2,11,5,149.345
2023,2,11,5,99.4095
2024,2,11,5,120.009
1952,2,12,1,259.758
1953,2,12,1,154.749
1954,2,12,1,89.988
1955,2,12,1,71.229
1956,2,12,1,226.98
1957,2,12,1,12.291
1958,2,12,1,12.003
1959,2,12,1,8.985
1960,2,12,1,14.52
1961,2,12,1,15.741
1962,2,12,1,43.197
1963,2,12,1,1.509
1964,2,12,1,57.717
1965,2,12,1,50.241
1966,2,12,1,2.229
1967,2,12,1,15.021
1968,2,12,1,45.783
1969,2,12,1,12.003
1970,2,12,1,21.276
1971,2,12,1,48.076
1972,2,12,1,20.588
1973,2,12,1,7.308
1974,2,12,1,42.055
1975,2,12,1,53.321
1976,2,12,1,75.681
1977,2,12,1,110.417
1978,2,12,1,226.039
1979,2,12,1,104.415
1980,2,12,1,134
1981,2,12,1,80.389
1982,2,12,1,76.746
1983,2,12,1,97.009
1984,2,12,1,90.741
1985,2,12,1,439.451
1986,2,12,1,447.535
1987,2,12,1,371.392
1988,2,12,1,264.565
1989,2,12,1,430.364
1990,2,12,1,342.38
1991,2,12,1,548.795
1992,2,12,1,338.082
1993,2,12,1,306.767
1994,2,12,1,560.477
1995,2,12,1,899.314
1996,2,12,1,451.166
1997,2,12,1,718.103
1998,2,12,1,338.619
1999,2,12,1,620.606
2000,2,12,1,979.647
2001,2,12,1,618.567
2002,2,12,1,278.719
2003,2,12,1,264.633
2004,2,12,1,929.748
2005,2,12,1,373.746
2006,2,12,1,757.811
2007,2,12,1,1379
2008,2,12,1,128.848
2009,2,12,1,226.94
2010,2,12,1,176.479
2011,2,12,1,238.298
2012,2,12,1,233.041
2013,2,12,1,353.126
2014,2,12,1,482.174
2015,2,12,1,252.05
2016,2,12,1,90.578
2017,2,12,1,178.535
2018,2,12,1,316.901
2019,2,12,1,69.107
2020,2,12,1,85.543
2021,2,12,1,200.763
2022,2,12,1,135.404
2023,2,12,1,1828.77
2024,2,12,1,471.4
1952,2,13,1,1911.27
1953,2,13,1,2184.28
1954,2,13,1,1911.27
1955,2,13,1,3640.48
1956,2,13,1,4004.54
1957,2,13,1,4732.64
1958,2,13,1,3822.56
1959,2,13,1,1547.22
1960,2,13,1,863.101
1961,2,13,1,1035.74
1962,2,13,1,460.333
1963,2,13,1,1035.74
1964,2,13,1,657.68
1965,2,13,1,721.551
1966,2,13,1,637.559
1967,2,13,1,1612.86
1968,2,13,1,1307.34
1969,2,13,1,1382.51
1970,2,13,1,1311.59
1971,2,13,1,768.46
1972,2,13,1,328.256
1973,2,13,1,439.755
1974,2,13,1,382.547
1975,2,13,1,520.09
1976,2,13,1,1777.28
1977,2,13,1,1754.64
1978,2,13,1,2013.76
1979,2,13,1,1274.35
1980,2,13,1,1065.15
1981,2,13,1,1256.44
1982,2,13,1,1970.36
1983,2,13,1,2236.12
1984,2,13,1,1368.57
1985,2,13,1,2175.68
1986,2,13,1,1245.02
1987,2,13,1,1457.38
1988,2,13,1,1800.86
1989,2,13,1,2032.19
1990,2,13,1,1655.49
1991,2,13,1,673.456
1992,2,13,1,427.316
1993,2,13,1,820.564
1994,2,13,1,967.396
1995,2,13,1,1729.94
1996,2,13,1,1093.38
1997,2,13,1,1460.51
1998,2,13,1,773.627
1999,2,13,1,642.931
2000,2,13,1,998.987
2001,2,13,1,748.54
2002,2,13,1,1103.28
2003,2,13,1,526.739
2004,2,13,1,2099.52
2005,2,13,1,920.871
2006,2,13,1,1887.52
2007,2,13,1,925.439
2008,2,13,1,662.337
2009,2,13,1,944.913
2010,2,13,1,1481.12
2011,2,13,1,988.117
2012,2,13,1,1046.57
2013,2,13,1,1477.17
2014,2,13,1,1340.22
2015,2,13,1,430.795
2016,2,13,1,551.284
2017,2,13,1,720.578
2018,2,13,1,974.282
2019,2,13,1,71.624
2020,2,13,1,473.896
2021,2,13,1,721.532
2022,2,13,1,713.032
2023,2,13,1,1129.24
2024,2,13,1,1354.54
1952,2,14,2,0
1953,2,14,2,0
1954,2,14,2,0
1955,2,14,2,0
1956,2,14,2,0
1957,2,14,2,0
1958,2,14,2,0
1959,2,14,2,0
1960,2,14,2,0
1961,2,14,2,0
1962,2,14,2,0
1963,2,14,2,0
1964,2,14,2,0
1965,2,14,2,0
1966,2,14,2,0
1967,2,14,2,0
1968,2,14,2,0
1969,2,14,2,0
1970,2,14,2,0
1971,2,14,2,0
1972,2,14,2,0
1973,2,14,2,0
1974,2,14,2,0
1975,2,14,2,0
1976,2,14,2,0
1977,2,14,2,0
1978,2,14,2,0
1979,2,14,2,0
1980,2,14,2,0
1981,2,14,2,0
1982,2,14,2,0
1983,2,14,2,0
1984,2,14,2,21.999
1985,2,14,2,24
1986,2,14,2,24.999
1987,2,14,2,28.251
1988,2,14,2,33.501
1989,2,14,2,36.501
1990,2,14,2,41.751
1991,2,14,2,42.75
1992,2,14,2,48.999
1993,2,14,2,45
1994,2,14,2,50.001
1995,2,14,2,53.25
1996,2,14,2,82.5
1997,2,14,2,61.5
1998,2,14,2,81
1999,2,14,2,77.001
2000,2,14,2,81.999
2001,2,14,2,75.249
2002,2,14,2,72.501
2003,2,14,2,74.001
2004,2,14,2,97.251
2005,2,14,2,20.751
2006,2,14,2,21.501
2007,2,14,2,18.501
2008,2,14,2,26.499
2009,2,14,2,38.751
2010,2,14,2,54.501
2011,2,14,2,111
2012,2,14,2,307.749
2013,2,14,2,117.75
2014,2,14,2,519.75
2015,2,14,2,705.999
2016,2,14,2,471.501
2017,2,14,2,115.749
2018,2,14,2,158.499
2019,2,14,2,171
2020,2,14,2,189
2021,2,14,2,234
2022,2,14,2,210
2023,2,14,2,210
2024,2,14,2,3630
1952,2,15,2,0
1953,2,15,2,0
1954,2,15,2,0
1955,2,15,2,0
1956,2,15,2,0
1957,2,15,2,0
1958,2,15,2,0
1959,2,15,2,0
1960,2,15,2,0
1961,2,15,2,0
1962,2,15,2,0
1963,2,15,2,0
1964,2,15,2,0
1965,2,15,2,0
1966,2,15,2,0
1967,2,15,2,0
1968,2,15,2,0
1969,2,15,2,0
1970,2,15,2,29.754
1971,2,15,2,33.249
1972,2,15,2,34.5
1973,2,15,2,41.256
1974,2,15,2,47.754
1975,2,15,2,48.756
1976,2,15,2,41.256
1977,2,15,2,58.254
1978,2,15,2,35.256
1979,2,15,2,45.249
1980,2,15,2,41.256
1981,2,15,2,45.498
1982,2,15,2,42
1983,2,15,2,45.756
1984,2,15,2,43.749
1985,2,15,2,50.256
1986,2,15,2,51
1987,2,15,2,37.254
1988,2,15,2,45.249
1989,2,15,2,49.254
1990,2,15,2,69.498
1991,2,15,2,82.002
1992,2,15,2,34.254
1993,2,15,2,37.254
1994,2,15,2,67.749
1995,2,15,2,78.498
1996,2,15,2,78.498
1997,2,15,2,132.756
1998,2,15,2,100.254
1999,2,15,2,43.749
2000,2,15,2,127.5
2001,2,15,2,87.249
2002,2,15,2,84
2003,2,15,2,118.002
2004,2,15,2,65.754
2005,2,15,2,167.502
2006,2,15,2,138.756
2007,2,15,2,130.254
2008,2,15,2,159.249
2009,2,15,2,82.5
2010,2,15,2,70.998
2011,2,15,2,56.256
2012,2,15,2,127.002
2013,2,15,2,191.754
2014,2,15,2,178.254
2015,2,15,2,185.754
2016,2,15,2,212.502
2017,2,15,2,323.502
2018,2,15,2,117
2019,2,15,2,243.756
2020,2,15,2,261
2021,2,15,2,141
2022,2,15,2,156
2023,2,15,2,186
2024,2,15,2,600
1952,2,16,2,0
1953,2,16,2,0
1954,2,16,2,0
1955,2,16,2,0
1956,2,16,2,0
1957,2,16,2,0
1958,2,16,2,0
1959,2,16,2,0
1960,2,16,2,0
1961,2,16,2,0
1962,2,16,2,0
1963,2,16,2,0
1964,2,16,2,0
1965,2,16,2,0
1966,2,16,2,0
1967,2,16,2,0
1968,2,16,2,0
1969,2,16,2,0
1970,2,16,2,0
1971,2,16,2,0
1972,2,16,2,0
1973,2,16,2,3.3
1974,2,16,2,2.9
1975,2,16,2,0
1976,2,16,2,12.729
1977,2,16,2,18.202
1978,2,16,2,29.013
1979,2,16,2,49.496
1980,2,16,2,216.252
1981,2,16,2,246.999
1982,2,16,2,275.037
1983,2,16,2,304.627
1984,2,16,2,336.73
1985,2,16,2,359.238
1986,2,16,2,375.938
1987,2,16,2,425.007
1988,2,16,2,505.185
1989,2,16,2,547.05
1990,2,16,2,639.719
1991,2,16,2,641.769
1992,2,16,2,738.294
1993,2,16,2,692.76
1994,2,16,2,752.718
1995,2,16,2,799.092
1996,2,16,2,1245.08
1997,2,16,2,923.74
1998,2,16,2,1218.22
1999,2,16,2,1156.32
2000,2,16,2,1230.27
2001,2,16,2,1132.04
2002,2,16,2,1088.06
2003,2,16,2,1109.76
2004,2,16,2,1467.26
2005,2,16,2,1379.29
2006,2,16,2,1490.21
2007,2,16,2,1320.49
2008,2,16,2,1905.07
2009,2,16,2,1581.96
2010,2,16,2,1161.31
2011,2,16,2,827.037
2012,2,16,2,454.278
2013,2,16,2,646.94
2014,2,16,2,521.907
2015,2,16,2,1226.56
2016,2,16,2,729.774
2017,2,16,2,204.723
2018,2,16,2,686.037
2019,2,16,2,240.705
2020,2,16,2,163.785
2021,2,16,2,140.467
2022,2,16,2,160.286
2023,2,16,2,213.793
2024,2,16,2,212.541
1952,2,17,2,0
1953,2,17,2,0
1954,2,17,2,0
1955,2,17,2,0
1956,2,17,2,0
1957,2,17,2,0
1958,2,17,2,0
1959,2,17,2,0
1960,2,17,2,0
1961,2,17,2,0
1962,2,17,2,0
1963,2,17,2,0
1964,2,17,2,0
1965,2,17,2,0
1966,2,17,2,0
1967,2,17,2,0
1968,2,17,2,0
1969,2,17,2,0
1970,2,17,2,0
1971,2,17,2,0
1972,2,17,2,0
1973,2,17,2,0
1974,2,17,2,0
1975,2,17,2,0
1976,2,17,2,0
1977,2,17,2,0
1978,2,17,2,0
1979,2,17,2,0
1980,2,17,2,1.7
1981,2,17,2,10.23
1982,2,17,2,7.4
1983,2,17,2,17.64
1984,2,17,2,19.2
1985,2,17,2,16.14
1986,2,17,2,37.059
1987,2,17,2,70.437
1988,2,17,2,30.949
1989,2,17,2,113.718
1990,2,17,2,36.54
1991,2,17,2,37.32
1992,2,17,2,42.93
1993,2,17,2,39.3
1994,2,17,2,43.62
1995,2,17,2,46.47
1996,2,17,2,72.11
1997,2,17,2,53.67
1998,2,17,2,70.84
1999,2,17,2,67.23
2000,2,17,2,71.56
2001,2,17,2,65.82
2002,2,17,2,63.27
2003,2,17,2,64.54
2004,2,17,2,85
2005,2,17,2,57.72
2006,2,17,2,62.67
2007,2,17,2,49.38
2008,2,17,2,79.68
2009,2,17,2,109.35
2010,2,17,2,76.44
2011,2,17,2,65.49
2012,2,17,2,72.77
2013,2,17,2,169.02
2014,2,17,2,77.04
2015,2,17,2,76.83
2016,2,17,2,119.19
2017,2,17,2,40.18
2018,2,17,2,49.06
2019,2,17,2,52.16
2020,2,17,2,88.218
2021,2,17,2,53.025
2022,2,17,2,111.829
2023,2,17,2,104.895
2024,2,17,2,91.278
1952,2,18,2,0
1953,2,18,2,0
1954,2,18,2,0
1955,2,18,2,0
1956,2,18,2,0
1957,2,18,2,0
1958,2,18,2,0
1959,2,18,2,0
1960,2,18,2,0
1961,2,18,2,0
1962,2,18,2,0
1963,2,18,2,0
1964,2,18,2,0
1965,2,18,2,0
1966,2,18,2,0
1967,2,18,2,0
1968,2,18,2,0
1969,2,18,2,0
1970,2,18,2,49.518
1971,2,18,2,51.996
1972,2,18,2,55.986
1973,2,18,2,65.394
1974,2,18,2,75.894
1975,2,18,2,76.608
1976,2,18,2,69.006
1977,2,18,2,118.398
1978,2,18,2,55.986
1979,2,18,2,71.82
1980,2,18,2,65.982
1981,2,18,2,166.404
1982,2,18,2,181.482
1983,2,18,2,219.786
1984,2,18,2,214.284
1985,2,18,2,183.582
1986,2,18,2,179.886
1987,2,18,2,179.382
1988,2,18,2,175.812
1989,2,18,2,203.616
1990,2,18,2,286.398
1991,2,18,2,262.92
1992,2,18,2,199.08
1993,2,18,2,113.61
1994,2,18,2,221.088
1995,2,18,2,282.618
1996,2,18,2,266.126
1997,2,18,2,465.178
1998,2,18,2,547.68
1999,2,18,2,270.018
2000,2,18,2,476.616
2001,2,18,2,386.61
2002,2,18,2,315.49
2003,2,18,2,436.212
2004,2,18,2,577.797
2005,2,18,2,742.184
2006,2,18,2,723.282
2007,2,18,2,696.486
2008,2,18,2,680.91
2009,2,18,2,428.904
2010,2,18,2,252.084
2011,2,18,2,123.606
2012,2,18,2,154.21
2013,2,18,2,119.49
2014,2,18,2,119.49
2015,2,18,2,247.254
2016,2,18,2,108.234
2017,2,18,2,263.508
2018,2,18,2,512.274
2019,2,18,2,622.272
2020,2,18,2,53.046
2021,2,18,2,44.28
2022,2,18,2,19.503
2023,2,18,2,166.329
2024,2,18,2,60.426
1952,2,19,2,0
1953,2,19,2,0
1954,2,19,2,0
1955,2,19,2,0
1956,2,19,2,0
1957,2,19,2,0
1958,2,19,2,0
1959,2,19,2,0
1960,2,19,2,0
1961,2,19,2,0
1962,2,19,2,0
1963,2,19,2,0
1964,2,19,2,0
1965,2,19,2,0
1966,2,19,2,0
1967,2,19,2,0
1968,2,19,2,0
1969,2,19,2,0
1970,2,19,2,0
1971,2,19,2,0
1972,2,19,2,0
1973,2,19,2,0
1974,2,19,2,0
1975,2,19,2,20.337
1976,2,19,2,0
1977,2,19,2,93.482
1978,2,19,2,256.112
1979,2,19,2,284.566
1980,2,19,2,120.744
1981,2,19,2,513.216
1982,2,19,2,7.473
1983,2,19,2,488.659
1984,2,19,2,1132.97
1985,2,19,2,577.388
1986,2,19,2,431.167
1987,2,19,2,240.204
1988,2,19,2,810.122
1989,2,19,2,869.929
1990,2,19,2,122.465
1991,2,19,2,1046.22
1992,2,19,2,73.937
1993,2,19,2,103.448
1994,2,19,2,141.15
1995,2,19,2,1117.01
1996,2,19,2,290.052
1997,2,19,2,37.083
1998,2,19,2,0
1999,2,19,2,48.117
2000,2,19,2,18.941
2001,2,19,2,63.198
2002,2,19,2,21.846
2003,2,19,2,429.96
2004,2,19,2,39.422
2005,2,19,2,98.115
2006,2,19,2,228.339
2007,2,19,2,18.495
2008,2,19,2,108.221
2009,2,19,2,0
2010,2,19,2,0
2011,2,19,2,0
2012,2,19,2,38.232
2013,2,19,2,28.108
2014,2,19,2,52.062
2015,2,19,2,0
2016,2,19,2,35.161
2017,2,19,2,77.728
2018,2,19,2,40.542
2019,2,19,2,54.595
2020,2,19,2,16.908
2021,2,19,2,16.228
2022,2,19,2,31.362
2023,2,19,2,2.135
2024,2,19,2,257.395
1952,2,20,2,0
1953,2,20,2,0
1954,2,20,2,0
1955,2,20,2,0
1956,2,20,2,0
1957,2,20,2,0
1958,2,20,2,0
1959,2,20,2,0
1960,2,20,2,0
1961,2,20,2,0
1962,2,20,2,0
1963,2,20,2,0
1964,2,20,2,0
1965,2,20,2,0
1966,2,20,2,0
1967,2,20,2,0
1968,2,20,2,0
1969,2,20,2,0
1970,2,20,2,0
1971,2,20,2,0
1972,2,20,2,0
1973,2,20,2,0
1974,2,20,2,0
1975,2,20,2,0
1976,2,20,2,0
1977,2,20,2,0
1978,2,20,2,0
1979,2,20,2,3.639
1980,2,20,2,5.907
1981,2,20,2,0
1982,2,20,2,0
1983,2,20,2,49.969
1984,2,20,2,57.741
1985,2,20,2,16.416
1986,2,20,2,61.141
1987,2,20,2,3.954
1988,2,20,2,5.991
1989,2,20,2,43.226
1990,2,20,2,31.349
1991,2,20,2,312.565
1992,2,20,2,3.558
1993,2,20,2,11.545
1994,2,20,2,12.203
1995,2,20,2,4.091
1996,2,20,2,27.431
1997,2,20,2,0
1998,2,20,2,0
1999,2,20,2,21.953
2000,2,20,2,32.356
2001,2,20,2,29.602
2002,2,20,2,31.331
2003,2,20,2,247.84
2004,2,20,2,54.112
2005,2,20,2,32.715
2006,2,20,2,47.904
2007,2,20,2,48.648
2008,2,20,2,41.79
2009,2,20,2,31.201
2010,2,20,2,27.65
2011,2,20,2,63.732
2012,2,20,2,86.174
2013,2,20,2,86.258
2014,2,20,2,192.078
2015,2,20,2,118.72
2016,2,20,2,306.15
2017,2,20,2,330.709
2018,2,20,2,395.934
2019,2,20,2,80.113
2020,2,20,2,112.599
2021,2,20,2,110.528
2022,2,20,2,30.692
2023,2,20,2,59.769
2024,2,20,2,53.478
1952,2,21,2,0
1953,2,21,2,0
1954,2,21,2,0
1955,2,21,2,0
1956,2,21,2,0
1957,2,21,2,0
1958,2,21,2,0
1959,2,21,2,0
1960,2,21,2,0
1961,2,21,2,0
1962,2,21,2,0
1963,2,21,2,0
1964,2,21,2,0
1965,2,21,2,0
1966,2,21,2,0
1967,2,21,2,0
1968,2,21,2,0
1969,2,21,2,0
1970,2,21,2,137.505
1971,2,21,2,142.5
1972,2,21,2,225
1973,2,21,2,255
1974,2,21,2,254.253
1975,2,21,2,276.495
1976,2,21,2,188.253
1977,2,21,2,256.752
1978,2,21,2,205.752
1979,2,21,2,286.995
1980,2,21,2,180.612
1981,2,21,2,284.265
1982,2,21,2,293.445
1983,2,21,2,326.868
1984,2,21,2,452.319
1985,2,21,2,487.608
1986,2,21,2,637.017
1987,2,21,2,714.993
1988,2,21,2,814.449
1989,2,21,2,1085.71
1990,2,21,2,755.734
1991,2,21,2,772.677
1992,2,21,2,888.564
1993,2,21,2,813.714
1994,2,21,2,902.613
1995,2,21,2,962.073
1996,2,21,2,1492.9
1997,2,21,2,1110.83
1998,2,21,2,1466.73
1999,2,21,2,1391.97
2000,2,21,2,1481
2001,2,21,2,1362.65
2002,2,21,2,1309.72
2003,2,21,2,1336.18
2004,2,21,2,1759.3
2005,2,21,2,376.032
2006,2,21,2,416.142
2007,2,21,2,372.615
2008,2,21,2,535.773
2009,2,21,2,756.472
2010,2,21,2,555.611
2011,2,21,2,1043.07
2012,2,21,2,2553.57
2013,2,21,2,3109.22
2014,2,21,2,2988.98
2015,2,21,2,2583.87
2016,2,21,2,4473.88
2017,2,21,2,1836
2018,2,21,2,2424.18
2019,2,21,2,2898.7
2020,2,21,2,4113.27
2021,2,21,2,4019.68
2022,2,21,2,5236.9
2023,2,21,2,6582.73
2024,2,21,2,6226.81
1952,2,22,2,0
1953,2,22,2,0
1954,2,22,2,0
1955,2,22,2,0
1956,2,22,2,0
1957,2,22,2,0
1958,2,22,2,0
1959,2,22,2,0
1960,2,22,2,0
1961,2,22,2,0
1962,2,22,2,0
1963,2,22,2,0
1964,2,22,2,0
1965,2,22,2,0
1966,2,22,2,0
1967,2,22,2,0
1968,2,22,2,0
1969,2,22,2,0
1970,2,22,2,636.987
1971,2,22,2,707.751
1972,2,22,2,738.498
1973,2,22,2,881.136
1974,2,22,2,1024.12
1975,2,22,2,1043.68
1976,2,22,2,886.269
1977,2,22,2,1287.1
1978,2,22,2,780.747
1979,2,22,2,884.871
1980,2,22,2,861.746
1981,2,22,2,1095.81
1982,2,22,2,971.25
1983,2,22,2,1198.19
1984,2,22,2,1140.98
1985,2,22,2,1276.67
1986,2,22,2,1202.33
1987,2,22,2,960.393
1988,2,22,2,1095.95
1989,2,22,2,1211.9
1990,2,22,2,1755.56
1991,2,22,2,1957.6
1992,2,22,2,971.907
1993,2,22,2,855.909
1994,2,22,2,1470.65
1995,2,22,2,1641.38
1996,2,22,2,1618.87
1997,2,22,2,1562.27
1998,2,22,2,1831.07
1999,2,22,2,1454.29
2000,2,22,2,1848.12
2001,2,22,2,1595.15
2002,2,22,2,1585.97
2003,2,22,2,2157.02
2004,2,22,2,2374.96
2005,2,22,2,2008.56
2006,2,22,2,2184.43
2007,2,22,2,2254.7
2008,2,22,2,2084.07
2009,2,22,2,1452.07
2010,2,22,2,873.906
2011,2,22,2,480.402
2012,2,22,2,655.807
2013,2,22,2,401.675
2014,2,22,2,547.373
2015,2,22,2,360.507
2016,2,22,2,430.839
2017,2,22,2,542.017
2018,2,22,2,308.838
2019,2,22,2,421.077
2020,2,22,2,540.576
2021,2,22,2,276
2022,2,22,2,378
2023,2,22,2,801.219
2024,2,22,2,364.371
1952,2,23,2,0
1953,2,23,2,0
1954,2,23,2,0
1955,2,23,2,0
1956,2,23,2,0
1957,2,23,2,0
1958,2,23,2,0
1959,2,23,2,0
1960,2,23,2,0
1961,2,23,2,0
1962,2,23,2,0
1963,2,23,2,0
1964,2,23,2,0
1965,2,23,2,0
1966,2,23,2,0
1967,2,23,2,0
1968,2,23,2,0
1969,2,23,2,0
1970,2,23,2,0
1971,2,23,2,0
1972,2,23,2,0
1973,2,23,2,0
1974,2,23,2,0
1975,2,23,2,0
1976,2,23,2,0
1977,2,23,2,0
1978,2,23,2,0
1979,2,23,2,0
1980,2,23,2,0
1981,2,23,2,0
1982,2,23,2,0
1983,2,23,2,0
1984,2,23,2,0
1985,2,23,2,0
1986,2,23,2,0
1987,2,23,2,0
1988,2,23,2,0
1989,2,23,2,0
1990,2,23,2,0
1991,2,23,2,0
1992,2,23,2,0
1993,2,23,2,0
1994,2,23,2,0
1995,2,23,2,0
1996,2,23,2,0
1997,2,23,2,0
1998,2,23,2,0
1999,2,23,2,0
2000,2,23,2,130.243
2001,2,23,2,137.195
2002,2,23,2,145.952
2003,2,23,2,145.117
2004,2,23,2,195.715
2005,2,23,2,256.316
2006,2,23,2,257.035
2007,2,23,2,265.042
2008,2,23,2,244.115
2009,2,23,2,249.924
2010,2,23,2,229.346
2011,2,23,2,262.628
2012,2,23,2,225.883
2013,2,23,2,216.888
2014,2,23,2,382.553
2015,2,23,2,310.986
2016,2,23,2,891.589
2017,2,23,2,464.406
2018,2,23,2,383.368
2019,2,23,2,150.516
2020,2,23,2,145.721
2021,2,23,2,169.711
2022,2,23,2,83.025
2023,2,23,2,78.505
2024,2,23,2,33.098
1952,2,24,3,0
1953,2,24,3,0
1954,2,24,3,0
1955,2,24,3,0
1956,2,24,3,0
1957,2,24,3,0
1958,2,24,3,0
1959,2,24,3,0
1960,2,24,3,0
1961,2,24,3,0
1962,2,24,3,0
1963,2,24,3,0
1964,2,24,3,0
1965,2,24,3,0
1966,2,24,3,0
1967,2,24,3,0
1968,2,24,3,0
1969,2,24,3,0
1970,2,24,3,0
1971,2,24,3,0
1972,2,24,3,11.7
1973,2,24,3,107.14
1974,2,24,3,22.6
1975,2,24,3,1.3
1976,2,24,3,38.4
1977,2,24,3,97.99
1978,2,24,3,32.74
1979,2,24,3,25.34
1980,2,24,3,32
1981,2,24,3,53.2
1982,2,24,3,166.5
1983,2,24,3,80
1984,2,24,3,16.1
1985,2,24,3,104.9
1986,2,24,3,22.8
1987,2,24,3,0
1988,2,24,3,30.4
1989,2,24,3,0
1990,2,24,3,9
1991,2,24,3,0
1992,2,24,3,0
1993,2,24,3,6
1994,2,24,3,1
1995,2,24,3,69.6
1996,2,24,3,0
1997,2,24,3,32.3
1998,2,24,3,0
1999,2,24,3,24.7
2000,2,24,3,0
2001,2,24,3,0
2002,2,24,3,1
2003,2,24,3,7
2004,2,24,3,11
2005,2,24,3,0
2006,2,24,3,18.911
2007,2,24,3,0
2008,2,24,3,5.5
2009,2,24,3,0
2010,2,24,3,1
2011,2,24,3,11.1
2012,2,24,3,0
2013,2,24,3,0
2014,2,24,3,0
2015,2,24,3,0
2016,2,24,3,0
2017,2,24,3,0
2018,2,24,3,0
2019,2,24,3,0
2020,2,24,3,0
2021,2,24,3,0
2022,2,24,3,0
2023,2,24,3,0
2024,2,24,3,0
1952,2,25,3,0
1953,2,25,3,0
1954,2,25,3,0
1955,2,25,3,0
1956,2,25,3,0
1957,2,25,3,0
1958,2,25,3,0
1959,2,25,3,0
1960,2,25,3,0
1961,2,25,3,0
1962,2,25,3,0
1963,2,25,3,0
1964,2,25,3,0
1965,2,25,3,0
1966,2,25,3,0
1967,2,25,3,0
1968,2,25,3,0
1969,2,25,3,0
1970,2,25,3,0
1971,2,25,3,0
1972,2,25,3,0
1973,2,25,3,1.131
1974,2,25,3,0
1975,2,25,3,10.954
1976,2,25,3,148.01
1977,2,25,3,232.8
1978,2,25,3,104.839
1979,2,25,3,65.129
1980,2,25,3,518.239
1981,2,25,3,2649.65
1982,2,25,3,4472.15
1983,2,25,3,5062.75
1984,2,25,3,3852.32
1985,2,25,3,3685.23
1986,2,25,3,5012.09
1987,2,25,3,7887.99
1988,2,25,3,6352.85
1989,2,25,3,6024.64
1990,2,25,3,10359.1
1991,2,25,3,6227.98
1992,2,25,3,15837.4
1993,2,25,3,8944.1
1994,2,25,3,8695.89
1995,2,25,3,6949.97
1996,2,25,3,6340.28
1997,2,25,3,15708.8
1998,2,25,3,10800.4
1999,2,25,3,20959.3
2000,2,25,3,13111.7
2001,2,25,3,10671.8
2002,2,25,3,14029.3
2003,2,25,3,5025.1
2004,2,25,3,14025.5
2005,2,25,3,13028.4
2006,2,25,3,13574.7
2007,2,25,3,9817.78
2008,2,25,3,12374.2
2009,2,25,3,16973.3
2010,2,25,3,10309.5
2011,2,25,3,19999.8
2012,2,25,3,16090
2013,2,25,3,15003.5
2014,2,25,3,10903.1
2015,2,25,3,11179.2
2016,2,25,3,12184.6
2017,2,25,3,11480
2018,2,25,3,7680.46
2019,2,25,3,6787.62
2020,2,25,3,15420.7
2021,2,25,3,18534
2022,2,25,3,13558.1
2023,2,25,3,4393.11
2024,2,25,3,3438.67
1952,2,26,4,0
1953,2,26,4,0
1954,2,26,4,0
1955,2,26,4,0
1956,2,26,4,0
1957,2,26,4,0
1958,2,26,4,0
1959,2,26,4,0
1960,2,26,4,0
1961,2,26,4,0
1962,2,26,4,0
1963,2,26,4,0
1964,2,26,4,0
1965,2,26,4,0
1966,2,26,4,0
1967,2,26,4,0
1968,2,26,4,0
1969,2,26,4,0
1970,2,26,4,0
1971,2,26,4,0
1972,2,26,4,0
1973,2,26,4,0
1974,2,26,4,0
1975,2,26,4,0
1976,2,26,4,0
1977,2,26,4,0
1978,2,26,4,0
1979,2,26,4,0
1980,2,26,4,0
1981,2,26,4,0
1982,2,26,4,0.641
1983,2,26,4,427.247
1984,2,26,4,0
1985,2,26,4,41.24
1986,2,26,4,27.332
1987,2,26,4,67.914
1988,2,26,4,0
1989,2,26,4,0
1990,2,26,4,0
1991,2,26,4,10.229
1992,2,26,4,777.656
1993,2,26,4,5.778
1994,2,26,4,20.831
1995,2,26,4,0
1996,2,26,4,133.19
1997,2,26,4,2127.93
1998,2,26,4,356.183
1999,2,26,4,1777.64
2000,2,26,4,2151.46
2001,2,26,4,557.594
2002,2,26,4,418.65
2003,2,26,4,0
2004,2,26,4,668.624
2005,2,26,4,312.677
2006,2,26,4,73.495
2007,2,26,4,436.547
2008,2,26,4,1143.58
2009,2,26,4,2346.38
2010,2,26,4,1761.39
2011,2,26,4,5105.89
2012,2,26,4,3853.08
2013,2,26,4,3522.36
2014,2,26,4,5327.36
2015,2,26,4,5008.9
2016,2,26,4,753.852
2017,2,26,4,3444.61
2018,2,26,4,4746.03
2019,2,26,4,2761.38
2020,2,26,4,6600.64
2021,2,26,4,3817.11
2022,2,26,4,3993.86
2023,2,26,4,2898.51
2024,2,26,4,2811.66
1952,2,27,3,0
1953,2,27,3,0
1954,2,27,3,0
1955,2,27,3,0
1956,2,27,3,0
1957,2,27,3,0
1958,2,27,3,0
1959,2,27,3,0
1960,2,27,3,0
1961,2,27,3,0
1962,2,27,3,0
1963,2,27,3,0
1964,2,27,3,0
1965,2,27,3,0
1966,2,27,3,0
1967,2,27,3,0
1968,2,27,3,0
1969,2,27,3,0
1970,2,27,3,0
1971,2,27,3,0
1972,2,27,3,0
1973,2,27,3,0
1974,2,27,3,0
1975,2,27,3,0
1976,2,27,3,0
1977,2,27,3,10.351
1978,2,27,3,2.073
1979,2,27,3,1.797
1980,2,27,3,26.689
1981,2,27,3,40.479
1982,2,27,3,119.992
1983,2,27,3,269.407
1984,2,27,3,175.685
1985,2,27,3,173.821
1986,2,27,3,345.971
1987,2,27,3,663.143
1988,2,27,3,212.394
1989,2,27,3,359.006
1990,2,27,3,752.832
1991,2,27,3,1261.11
1992,2,27,3,1883.95
1993,2,27,3,1785.14
1994,2,27,3,1216.3
1995,2,27,3,521.428
1996,2,27,3,660.294
1997,2,27,3,471.817
1998,2,27,3,1396
1999,2,27,3,409.144
2000,2,27,3,750.012
2001,2,27,3,1257
2002,2,27,3,944.033
2003,2,27,3,1416.48
2004,2,27,3,320.718
2005,2,27,3,1022
2006,2,27,3,1032.88
2007,2,27,3,1216.6
2008,2,27,3,641.044
2009,2,27,3,774.566
2010,2,27,3,1326.61
2011,2,27,3,429.489
2012,2,27,3,1560.34
2013,2,27,3,1994.76
2014,2,27,3,2341.88
2015,2,27,3,2298.21
2016,2,27,3,3766.83
2017,2,27,3,1410.7
2018,2,27,3,2938.5
2019,2,27,3,1389.21
2020,2,27,3,1420.65
2021,2,27,3,428.713
2022,2,27,3,1266.77
2023,2,27,3,719.984
2024,2,27,3,867.677
1952,2,28,4,0
1953,2,28,4,0
1954,2,28,4,0
1955,2,28,4,0
1956,2,28,4,0
1957,2,28,4,0
1958,2,28,4,0
1959,2,28,4,0
1960,2,28,4,0
1961,2,28,4,0
1962,2,28,4,0
1963,2,28,4,0
1964,2,28,4,0
1965,2,28,4,0
1966,2,28,4,0
1967,2,28,4,0
1968,2,28,4,0
1969,2,28,4,0
1970,2,28,4,0
1971,2,28,4,0
1972,2,28,4,0
1973,2,28,4,0
1974,2,28,4,0
1975,2,28,4,0
1976,2,28,4,0
1977,2,28,4,0
1978,2,28,4,0
1979,2,28,4,0
1980,2,28,4,0
1981,2,28,4,0
1982,2,28,4,0
1983,2,28,4,0
1984,2,28,4,0
1985,2,28,4,2.54
1986,2,28,4,1.529
1987,2,28,4,0
1988,2,28,4,0
1989,2,28,4,0
1990,2,28,4,0
1991,2,28,4,1.003
1992,2,28,4,86.506
1993,2,28,4,21.003
1994,2,28,4,96.865
1995,2,28,4,0
1996,2,28,4,0
1997,2,28,4,9.666
1998,2,28,4,0.525
1999,2,28,4,0
2000,2,28,4,2.297
2001,2,28,4,0
2002,2,28,4,11.237
2003,2,28,4,0
2004,2,28,4,15.755
2005,2,28,4,1.785
2006,2,28,4,0
2007,2,28,4,409.699
2008,2,28,4,0
2009,2,28,4,1.698
2010,2,28,4,121.294
2011,2,28,4,0
2012,2,28,4,141.3
2013,2,28,4,2.675
2014,2,28,4,140.812
2015,2,28,4,59.402
2016,2,28,4,46.016
2017,2,28,4,4.421
2018,2,28,4,12.367
2019,2,28,4,118.032
2020,2,28,4,16.293
2021,2,28,4,18.037
2022,2,28,4,5.792
2023,2,28,4,459.267
2024,2,28,4,0.836
1952,2,29,1,9.14736e-06
1953,2,29,1,8.86998e-06
1954,2,29,1,8.83703e-06
1955,2,29,1,8.8615e-06
1956,2,29,1,9.2937e-06
1957,2,29,1,9.08789e-06
1958,2,29,1,7.74991e-06
1959,2,29,1,6.13762e-06
1960,2,29,1,6.03045e-06
1961,2,29,1,6.18095e-06
1962,2,29,1,5.8748e-06
1963,2,29,1,5.28243e-06
1964,2,29,1,5.00504e-06
1965,2,29,1,5.17809e-06
1966,2,29,1,5.27966e-06
1967,2,29,1,4.89871e-06
1968,2,29,1,4.74948e-06
1969,2,29,1,4.84193e-06
1970,2,29,1,4.50103e-06
1971,2,29,1,4.04519e-06
1972,2,29,1,3.6245e-06
1973,2,29,1,3.03037e-06
1974,2,29,1,2.78329e-06
1975,2,29,1,2.51037e-06
1976,2,29,1,2.14705e-06
1977,2,29,1,2.47612e-06
1978,2,29,1,2.57087e-06
1979,2,29,1,2.53013e-06
1980,2,29,1,2.33347e-06
1981,2,29,1,2.08174e-06
1982,2,29,1,1.96606e-06
1983,2,29,1,2.05525e-06
1984,2,29,1,2.24987e-06
1985,2,29,1,2.29316e-06
1986,2,29,1,2.08104e-06
1987,2,29,1,2.0054e-06
1988,2,29,1,1.8346e-06
1989,2,29,1,1.72978e-06
1990,2,29,1,1.90411e-06
1991,2,29,1,1.92786e-06
1992,2,29,1,1.84269e-06
1993,2,29,1,1.53697e-06
1994,2,29,1,1.40653e-06
1995,2,29,1,1.31139e-06
1996,2,29,1,1.21317e-06
1997,2,29,1,1.24518e-06
1998,2,29,1,1.29967e-06
1999,2,29,1,1.23579e-06
2000,2,29,1,1.13604e-06
2001,2,29,1,1.14736e-06
2002,2,29,1,1.45945e-06
2003,2,29,1,1.48074e-06
2004,2,29,1,1.53655e-06
2005,2,29,1,1.35058e-06
2006,2,29,1,1.38577e-06
2007,2,29,1,1.26185e-06
2008,2,29,1,1.09242e-06
2009,2,29,1,1.08927e-06
2010,2,29,1,1.07884e-06
2011,2,29,1,1.16199e-06
2012,2,29,1,1.15989e-06
2013,2,29,1,1.09692e-06
2014,2,29,1,1.39657e-06
2015,2,29,1,1.60643e-06
2016,2,29,1,1.58678e-06
2017,2,29,1,1.53372e-06
2018,2,29,1,1.74096e-06
2019,2,29,1,2.06796e-06
2020,2,29,1,2.11323e-06
2021,2,29,1,1.83361e-06
2022,2,29,1,1.62774e-06
2023,2,29,1,1.35899e-06
2024,2,29,1,8.77562e-07
1952,2,30,2,3.72855e-06
1953,2,30,2,3.70901e-06
1954,2,30,2,3.68784e-06
1955,2,30,2,3.5884e-06
1956,2,30,2,3.65438e-06
1957,2,30,2,3.58004e-06
1958,2,30,2,3.87593e-06
1959,2,30,2,3.50399e-06
1960,2,30,2,2.8877e-06
1961,2,30,2,2.26141e-06
1962,2,30,2,2.58505e-06
1963,2,30,2,2.18699e-06
1964,2,30,2,1.96972e-06
1965,2,30,2,1.97796e-06
1966,2,30,2,1.98328e-06
1967,2,30,2,1.93141e-06
1968,2,30,2,1.67011e-06
1969,2,30,2,1.4377e-06
1970,2,30,2,1.60959e-06
1971,2,30,2,1.66468e-06
1972,2,30,2,2.00264e-06
1973,2,30,2,2.19458e-06
1974,2,30,2,2.02945e-06
1975,2,30,2,1.88652e-06
1976,2,30,2,1.72356e-06
1977,2,30,2,1.61237e-06
1978,2,30,2,1.82989e-06
1979,2,30,2,1.7622e-06
1980,2,30,2,1.52209e-06
1981,2,30,2,1.30562e-06
1982,2,30,2,1.06736e-06
1983,2,30,2,1.21968e-06
1984,2,30,2,1.35984e-06
1985,2,30,2,1.50671e-06
1986,2,30,2,1.44493e-06
1987,2,30,2,1.80894e-06
1988,2,30,2,2.01013e-06
1989,2,30,2,2.68845e-06
1990,2,30,2,2.38547e-06
1991,2,30,2,2.48168e-06
1992,2,30,2,2.11961e-06
1993,2,30,2,1.77384e-06
1994,2,30,2,1.61431e-06
1995,2,30,2,1.51821e-06
1996,2,30,2,1.32673e-06
1997,2,30,2,1.13646e-06
1998,2,30,2,1.31315e-06
1999,2,30,2,1.35391e-06
2000,2,30,2,1.1938e-06
2001,2,30,2,9.41336e-07
2002,2,30,2,9.7382e-07
2003,2,30,2,1.12356e-06
2004,2,30,2,1.15027e-06
2005,2,30,2,1.14027e-06
2006,2,30,2,8.86392e-07
2007,2,30,2,8.76536e-07
2008,2,30,2,7.1105e-07
2009,2,30,2,6.32488e-07
2010,2,30,2,6.65645e-07
2011,2,30,2,6.70661e-07
2012,2,30,2,6.63561e-07
2013,2,30,2,5.07734e-07
2014,2,30,2,4.51754e-07
2015,2,30,2,5.12561e-07
2016,2,30,2,5.85288e-07
2017,2,30,2,5.91515e-07
2018,2,30,2,5.8707e-07
2019,2,30,2,5.83318e-07
2020,2,30,2,5.49387e-07
2021,2,30,2,5.26567e-07
2022,2,30,2,5.03611e-07
2023,2,30,2,5.97731e-07
2024,2,30,2,5.54611e-07
1952,2,31,3,4.16443e-06
1953,2,31,3,4.12792e-06
1954,2,31,3,4.13725e-06
1955,2,31,3,4.14023e-06
1956,2,31,3,4.02508e-06
1957,2,31,3,4.14625e-06
1958,2,31,3,5.09214e-06
1959,2,31,3,4.53873e-06
1960,2,31,3,3.42582e-06
1961,2,31,3,2.78339e-06
1962,2,31,3,3.20205e-06
1963,2,31,3,3.04654e-06
1964,2,31,3,3.07973e-06
1965,2,31,3,2.87837e-06
1966,2,31,3,2.86433e-06
1967,2,31,3,2.85824e-06
1968,2,31,3,2.58338e-06
1969,2,31,3,2.60527e-06
1970,2,31,3,2.82771e-06
1971,2,31,3,2.63341e-06
1972,2,31,3,2.8199e-06
1973,2,31,3,3.03485e-06
1974,2,31,3,2.42691e-06
1975,2,31,3,2.38346e-06
1976,2,31,3,2.77406e-06
1977,2,31,3,2.66577e-06
1978,2,31,3,2.8838e-06
1979,2,31,3,2.94498e-06
1980,2,31,3,2.47297e-06
1981,2,31,3,2.31863e-06
1982,2,31,3,1.95978e-06
1983,2,31,3,2.27413e-06
1984,2,31,3,2.69135e-06
1985,2,31,3,2.97995e-06
1986,2,31,3,2.78163e-06
1987,2,31,3,2.4998e-06
1988,2,31,3,2.66995e-06
1989,2,31,3,2.62892e-06
1990,2,31,3,2.48387e-06
1991,2,31,3,3.0394e-06
1992,2,31,3,2.75222e-06
1993,2,31,3,2.55906e-06
1994,2,31,3,2.27915e-06
1995,2,31,3,2.37926e-06
1996,2,31,3,2.32765e-06
1997,2,31,3,2.70063e-06
1998,2,31,3,2.97819e-06
1999,2,31,3,2.50432e-06
2000,2,31,3,1.95243e-06
2001,2,31,3,2.03054e-06
2002,2,31,3,1.9134e-06
2003,2,31,3,2.05146e-06
2004,2,31,3,2.06795e-06
2005,2,31,3,1.75452e-06
2006,2,31,3,1.63295e-06
2007,2,31,3,1.7211e-06
2008,2,31,3,1.86681e-06
2009,2,31,3,1.71218e-06
2010,2,31,3,1.49871e-06
2011,2,31,3,1.59055e-06
2012,2,31,3,1.49234e-06
2013,2,31,3,1.42415e-06
2014,2,31,3,1.45232e-06
2015,2,31,3,1.67802e-06
2016,2,31,3,1.87068e-06
2017,2,31,3,1.66453e-06
2018,2,31,3,1.37612e-06
2019,2,31,3,1.25321e-06
2020,2,31,3,1.31284e-06
2021,2,31,3,1.5046e-06
2022,2,31,3,1.51747e-06
2023,2,31,3,1.504e-06
2024,2,31,3,1.30138e-06
1952,2,32,4,0
1953,2,32,4,3.68811e-06
1954,2,32,4,3.64401e-06
1955,2,32,4,3.66002e-06
1956,2,32,4,3.70173e-06
1957,2,32,4,3.96836e-06
1958,2,32,4,4.03222e-06
1959,2,32,4,3.54601e-06
1960,2,32,4,2.99027e-06
1961,2,32,4,2.69362e-06
1962,2,32,4,2.77442e-06
1963,2,32,4,2.69129e-06
1964,2,32,4,2.55691e-06
1965,2,32,4,2.58046e-06
1966,2,32,4,2.74012e-06
1967,2,32,4,2.79794e-06
1968,2,32,4,2.6778e-06
1969,2,32,4,2.88981e-06
1970,2,32,4,2.98989e-06
1971,2,32,4,2.80073e-06
1972,2,32,4,2.81265e-06
1973,2,32,4,2.61404e-06
1974,2,32,4,2.22358e-06
1975,2,32,4,2.10512e-06
1976,2,32,4,2.03512e-06
1977,2,32,4,1.95276e-06
1978,2,32,4,2.16572e-06
1979,2,32,4,2.12446e-06
1980,2,32,4,1.89464e-06
1981,2,32,4,1.83809e-06
1982,2,32,4,1.6586e-06
1983,2,32,4,1.75605e-06
1984,2,32,4,2.04037e-06
1985,2,32,4,2.15032e-06
1986,2,32,4,2.10706e-06
1987,2,32,4,1.82638e-06
1988,2,32,4,1.71788e-06
1989,2,32,4,1.72072e-06
1990,2,32,4,1.84e-06
1991,2,32,4,2.05786e-06
1992,2,32,4,1.82605e-06
1993,2,32,4,1.67386e-06
1994,2,32,4,1.57036e-06
1995,2,32,4,1.53977e-06
1996,2,32,4,1.83597e-06
1997,2,32,4,2.27175e-06
1998,2,32,4,2.22385e-06
1999,2,32,4,2.15005e-06
2000,2,32,4,1.94683e-06
2001,2,32,4,1.8801e-06
2002,2,32,4,1.50235e-06
2003,2,32,4,1.3229e-06
2004,2,32,4,1.37024e-06
2005,2,32,4,1.178e-06
2006,2,32,4,1.24777e-06
2007,2,32,4,1.32425e-06
2008,2,32,4,1.31859e-06
2009,2,32,4,1.19309e-06
2010,2,32,4,7.93247e-07
2011,2,32,4,8.14022e-07
2012,2,32,4,9.92544e-07
2013,2,32,4,1.01698e-06
2014,2,32,4,8.74338e-07
2015,2,32,4,9.24399e-07
2016,2,32,4,9.97217e-07
2017,2,32,4,1.03748e-06
2018,2,32,4,1.02075e-06
2019,2,32,4,8.51815e-07
2020,2,32,4,8.60558e-07
2021,2,32,4,1.01257e-06
2022,2,32,4,1.05437e-06
2023,2,32,4,9.16629e-07
2024,2,32,4,6.07406e-07
1952,2,33,5,3.75096e-06
1953,2,33,5,3.92954e-06
1954,2,33,5,4.02065e-06
1955,2,33,5,4.03052e-06
1956,2,33,5,3.93513e-06
1957,2,33,5,4.22038e-06
1958,2,33,5,4.3319e-06
1959,2,33,5,4.16427e-06
1960,2,33,5,3.92211e-06
1961,2,33,5,3.89169e-06
1962,2,33,5,3.57154e-06
1963,2,33,5,3.41047e-06
1964,2,33,5,3.13852e-06
1965,2,33,5,3.01071e-06
1966,2,33,5,2.90174e-06
1967,2,33,5,2.74431e-06
1968,2,33,5,2.63309e-06
1969,2,33,5,2.65679e-06
1970,2,33,5,2.54495e-06
1971,2,33,5,2.51599e-06
1972,2,33,5,2.63412e-06
1973,2,33,5,2.49365e-06
1974,2,33,5,2.41548e-06
1975,2,33,5,2.57266e-06
1976,2,33,5,2.52098e-06
1977,2,33,5,2.4135e-06
1978,2,33,5,2.45879e-06
1979,2,33,5,2.35953e-06
1980,2,33,5,2.34328e-06
1981,2,33,5,2.12744e-06
1982,2,33,5,2.09314e-06
1983,2,33,5,2.126e-06
1984,2,33,5,2.20869e-06
1985,2,33,5,2.25256e-06
1986,2,33,5,2.22883e-06
1987,2,33,5,2.42437e-06
1988,2,33,5,2.40748e-06
1989,2,33,5,2.31783e-06
1990,2,33,5,2.56487e-06
1991,2,33,5,2.59489e-06
1992,2,33,5,2.7357e-06
1993,2,33,5,2.6601e-06
1994,2,33,5,2.86169e-06
1995,2,33,5,2.67408e-06
1996,2,33,5,2.52373e-06
1997,2,33,5,2.80743e-06
1998,2,33,5,2.62934e-06
1999,2,33,5,2.48973e-06
2000,2,33,5,2.40066e-06
2001,2,33,5,2.26248e-06
2002,2,33,5,2.23331e-06
2003,2,33,5,2.20482e-06
2004,2,33,5,2.14616e-06
2005,2,33,5,2.01287e-06
2006,2,33,5,1.9661e-06
2007,2,33,5,2.11455e-06
2008,2,33,5,1.96228e-06
2009,2,33,5,1.85837e-06
2010,2,33,5,1.81823e-06
2011,2,33,5,1.77637e-06
2012,2,33,5,1.67823e-06
2013,2,33,5,1.54501e-06
2014,2,33,5,1.64271e-06
2015,2,33,5,1.71886e-06
2016,2,33,5,1.62291e-06
2017,2,33,5,1.50238e-06
2018,2,33,5,1.46753e-06
2019,2,33,5,1.37634e-06
2020,2,33,5,1.35604e-06
2021,2,33,5,1.41844e-06
2022,2,33,5,1.52667e-06
2023,2,33,5,1.4625e-06
2024,2,33,5,1.45033e-06
1952,3,1,1,789.181
1953,3,1,1,339.308
1954,3,1,1,462.106
1955,3,1,1,367.081
1956,3,1,1,286.199
1957,3,1,1,537.655
1958,3,1,1,980.436
1959,3,1,1,1682.92
1960,3,1,1,1185.81
1961,3,1,1,911.398
1962,3,1,1,782.832
1963,3,1,1,647.713
1964,3,1,1,754.522
1965,3,1,1,978.41
1966,3,1,1,990.343
1967,3,1,1,1065.56
1968,3,1,1,773.077
1969,3,1,1,736.489
1970,3,1,1,745.799
1971,3,1,1,603.131
1972,3,1,1,785.743
1973,3,1,1,471.356
1974,3,1,1,967.2
1975,3,1,1,1295.06
1976,3,1,1,1118.42
1977,3,1,1,1601.58
1978,3,1,1,1016.71
1979,3,1,1,1311.91
1980,3,1,1,1197.35
1981,3,1,1,1085.37
1982,3,1,1,1208.95
1983,3,1,1,959.229
1984,3,1,1,1329.25
1985,3,1,1,1029.82
1986,3,1,1,1401.94
1987,3,1,1,1356.46
1988,3,1,1,1601.79
1989,3,1,1,1193.67
1990,3,1,1,1260.64
1991,3,1,1,1604.6
1992,3,1,1,1668.23
1993,3,1,1,1677.27
1994,3,1,1,1269.6
1995,3,1,1,1739.34
1996,3,1,1,1523.83
1997,3,1,1,2414.61
1998,3,1,1,1668.9
1999,3,1,1,1736.52
2000,3,1,1,1371.86
2001,3,1,1,841.32
2002,3,1,1,1807.96
2003,3,1,1,1398.21
2004,3,1,1,1461.55
2005,3,1,1,1772.98
2006,3,1,1,2264.22
2007,3,1,1,1871.19
2008,3,1,1,1370.45
2009,3,1,1,1093.34
2010,3,1,1,1292.89
2011,3,1,1,1384.62
2012,3,1,1,1059.8
2013,3,1,1,654.445
2014,3,1,1,1028.05
2015,3,1,1,1381.96
2016,3,1,1,1494.26
2017,3,1,1,980.623
2018,3,1,1,884.309
2019,3,1,1,1291.15
2020,3,1,1,1106.93
2021,3,1,1,934.914
2022,3,1,1,683.286
2023,3,1,1,1149.51
2024,3,1,1,1100.99
1952,3,2,1,1553.02
1953,3,2,1,125.219
1954,3,2,1,338.454
1955,3,2,1,1013.35
1956,3,2,1,885.276
1957,3,2,1,677.36
1958,3,2,1,2335.65
1959,3,2,1,1699.6
1960,3,2,1,357.983
1961,3,2,1,462.066
1962,3,2,1,496.134
1963,3,2,1,579.138
1964,3,2,1,233.132
1965,3,2,1,543.424
1966,3,2,1,1233.75
1967,3,2,1,818.123
1968,3,2,1,372.725
1969,3,2,1,848.752
1970,3,2,1,750.636
1971,3,2,1,851.715
1972,3,2,1,1575.51
1973,3,2,1,554.986
1974,3,2,1,1699.4
1975,3,2,1,1775.3
1976,3,2,1,1463.17
1977,3,2,1,1008.54
1978,3,2,1,1595.19
1979,3,2,1,835.046
1980,3,2,1,333.72
1981,3,2,1,667.451
1982,3,2,1,347.386
1983,3,2,1,254.176
1984,3,2,1,312.027
1985,3,2,1,408.38
1986,3,2,1,553.223
1987,3,2,1,892.79
1988,3,2,1,1037.99
1989,3,2,1,663.256
1990,3,2,1,787.668
1991,3,2,1,858.13
1992,3,2,1,1004.88
1993,3,2,1,465.175
1994,3,2,1,672.126
1995,3,2,1,397.051
1996,3,2,1,608.445
1997,3,2,1,434.564
1998,3,2,1,419.963
1999,3,2,1,846.053
2000,3,2,1,249.526
2001,3,2,1,353.766
2002,3,2,1,186.404
2003,3,2,1,1606.83
2004,3,2,1,615.414
2005,3,2,1,527.101
2006,3,2,1,502.825
2007,3,2,1,904.293
2008,3,2,1,317.718
2009,3,2,1,280.334
2010,3,2,1,239.507
2011,3,2,1,291.938
2012,3,2,1,372.385
2013,3,2,1,271.116
2014,3,2,1,116.265
2015,3,2,1,299.503
2016,3,2,1,609.946
2017,3,2,1,548.601
2018,3,2,1,294.955
2019,3,2,1,359.023
2020,3,2,1,365.511
2021,3,2,1,574.448
2022,3,2,1,374.952
2023,3,2,1,276.23
2024,3,2,1,783.71
1952,3,3,1,0
1953,3,3,1,0
1954,3,3,1,0
1955,3,3,1,0
1956,3,3,1,0
1957,3,3,1,0
1958,3,3,1,0
1959,3,3,1,0
1960,3,3,1,0
1961,3,3,1,0
1962,3,3,1,0
1963,3,3,1,0
1964,3,3,1,0
1965,3,3,1,0
1966,3,3,1,0
1967,3,3,1,0
1968,3,3,1,0
1969,3,3,1,0
1970,3,3,1,0
1971,3,3,1,0
1972,3,3,1,0
1973,3,3,1,0
1974,3,3,1,0
1975,3,3,1,0
1976,3,3,1,0
1977,3,3,1,0
1978,3,3,1,0
1979,3,3,1,0
1980,3,3,1,0
1981,3,3,1,0
1982,3,3,1,0
1983,3,3,1,0
1984,3,3,1,0
1985,3,3,1,0
1986,3,3,1,0
1987,3,3,1,0
1988,3,3,1,0
1989,3,3,1,0
1990,3,3,1,0
1991,3,3,1,286.89
1992,3,3,1,188.63
1993,3,3,1,261.042
1994,3,3,1,167.964
1995,3,3,1,286.054
1996,3,3,1,339.361
1997,3,3,1,273.938
1998,3,3,1,553.769
1999,3,3,1,695.144
2000,3,3,1,407.917
2001,3,3,1,286.302
2002,3,3,1,950.685
2003,3,3,1,853.923
2004,3,3,1,956.757
2005,3,3,1,832.873
2006,3,3,1,616.652
2007,3,3,1,1029.36
2008,3,3,1,525.837
2009,3,3,1,958.208
2010,3,3,1,844.638
2011,3,3,1,545.882
2012,3,3,1,977.136
2013,3,3,1,514.448
2014,3,3,1,1258.94
2015,3,3,1,387.924
2016,3,3,1,558.27
2017,3,3,1,616.866
2018,3,3,1,849.087
2019,3,3,1,1010.5
2020,3,3,1,852.802
2021,3,3,1,995.211
2022,3,3,1,797.006
2023,3,3,1,1224.58
2024,3,3,1,1090.02
1952,3,4,2,127.421
1953,3,4,2,226.127
1954,3,4,2,135.522
1955,3,4,2,98.6025
1956,3,4,2,75.4334
1957,3,4,2,140.71
1958,3,4,2,189.936
1959,3,4,2,76.4499
1960,3,4,2,21.4515
1961,3,4,2,77.0312
1962,3,4,2,150.444
1963,3,4,2,31.7842
1964,3,4,2,101.407
1965,3,4,2,356.79
1966,3,4,2,319.578
1967,3,4,2,449.074
1968,3,4,2,453.673
1969,3,4,2,259.593
1970,3,4,2,298.681
1971,3,4,2,229.522
1972,3,4,2,306.148
1973,3,4,2,551.467
1974,3,4,2,856.722
1975,3,4,2,1302.86
1976,3,4,2,1020.62
1977,3,4,2,472.562
1978,3,4,2,778.895
1979,3,4,2,773.322
1980,3,4,2,359.402
1981,3,4,2,181.47
1982,3,4,2,187.66
1983,3,4,2,420.472
1984,3,4,2,326.938
1985,3,4,2,260.796
1986,3,4,2,229.522
1987,3,4,2,203.611
1988,3,4,2,205.046
1989,3,4,2,678.962
1990,3,4,2,599.654
1991,3,4,2,493.75
1992,3,4,2,629.545
1993,3,4,2,394.816
1994,3,4,2,734.977
1995,3,4,2,613.549
1996,3,4,2,530.266
1997,3,4,2,417.188
1998,3,4,2,155.708
1999,3,4,2,453.259
2000,3,4,2,312.747
2001,3,4,2,254.502
2002,3,4,2,234.29
2003,3,4,2,170.721
2004,3,4,2,152.007
2005,3,4,2,321.358
2006,3,4,2,473.287
2007,3,4,2,102.472
2008,3,4,2,522.041
2009,3,4,2,382.098
2010,3,4,2,132.52
2011,3,4,2,380.255
2012,3,4,2,514.657
2013,3,4,2,338.622
2014,3,4,2,298.835
2015,3,4,2,259.031
2016,3,4,2,273.43
2017,3,4,2,635.824
2018,3,4,2,377.035
2019,3,4,2,600.22
2020,3,4,2,414.915
2021,3,4,2,368.086
2022,3,4,2,387.779
2023,3,4,2,202.594
2024,3,4,2,299.387
1952,3,5,2,0
1953,3,5,2,0
1954,3,5,2,0
1955,3,5,2,0
1956,3,5,2,0
1957,3,5,2,0
1958,3,5,2,629.504
1959,3,5,2,525.54
1960,3,5,2,578.144
1961,3,5,2,601.386
1962,3,5,2,689.428
1963,3,5,2,1134.15
1964,3,5,2,960.699
1965,3,5,2,477.562
1966,3,5,2,559.694
1967,3,5,2,497.806
1968,3,5,2,1104.43
1969,3,5,2,904.807
1970,3,5,2,399.899
1971,3,5,2,560.817
1972,3,5,2,642.042
1973,3,5,2,590.313
1974,3,5,2,697.578
1975,3,5,2,1365.13
1976,3,5,2,672.993
1977,3,5,2,576.749
1978,3,5,2,1402.26
1979,3,5,2,1042.74
1980,3,5,2,691.637
1981,3,5,2,847.748
1982,3,5,2,801.36
1983,3,5,2,886.403
1984,3,5,2,874.031
1985,3,5,2,1249.66
1986,3,5,2,897.795
1987,3,5,2,1132.94
1988,3,5,2,1317.03
1989,3,5,2,1054.16
1990,3,5,2,2588.51
1991,3,5,2,2443.02
1992,3,5,2,2615.87
1993,3,5,2,2350.51
1994,3,5,2,1852.17
1995,3,5,2,2447.8
1996,3,5,2,2573.4
1997,3,5,2,3117.89
1998,3,5,2,2943.37
1999,3,5,2,4448.05
2000,3,5,2,4328.44
2001,3,5,2,3715.19
2002,3,5,2,2966.7
2003,3,5,2,3402.4
2004,3,5,2,3055.1
2005,3,5,2,2753.36
2006,3,5,2,4364.61
2007,3,5,2,3018.99
2008,3,5,2,3436.2
2009,3,5,2,3176.38
2010,3,5,2,1965.68
2011,3,5,2,2725.87
2012,3,5,2,3470.27
2013,3,5,2,2956.94
2014,3,5,2,3703.14
2015,3,5,2,2359.05
2016,3,5,2,2170.3
2017,3,5,2,1460.49
2018,3,5,2,2904.32
2019,3,5,2,2363.76
2020,3,5,2,1886.94
2021,3,5,2,1592.24
2022,3,5,2,1453.18
2023,3,5,2,374.564
2024,3,5,2,325.13
1952,3,6,3,64.4753
1953,3,6,3,215.22
1954,3,6,3,47.0044
1955,3,6,3,24.7923
1956,3,6,3,5.62631
1957,3,6,3,9.12868
1958,3,6,3,18.1684
1959,3,6,3,22.013
1960,3,6,3,2.68853
1961,3,6,3,27.1808
1962,3,6,3,97.7603
1963,3,6,3,24.3926
1964,3,6,3,8.37148
1965,3,6,3,48.7944
1966,3,6,3,74.6858
1967,3,6,3,33.548
1968,3,6,3,59.739
1969,3,6,3,31.1539
1970,3,6,3,21.449
1971,3,6,3,120.985
1972,3,6,3,80.7151
1973,3,6,3,122.895
1974,3,6,3,385.595
1975,3,6,3,74.91
1976,3,6,3,99.3329
1977,3,6,3,213.4
1978,3,6,3,284.481
1979,3,6,3,406.756
1980,3,6,3,488.81
1981,3,6,3,393.805
1982,3,6,3,325.325
1983,3,6,3,305.967
1984,3,6,3,83.6877
1985,3,6,3,213.195
1986,3,6,3,271.683
1987,3,6,3,59.4214
1988,3,6,3,153.026
1989,3,6,3,190.684
1990,3,6,3,16.2955
1991,3,6,3,199.015
1992,3,6,3,88.5795
1993,3,6,3,112.221
1994,3,6,3,237.81
1995,3,6,3,186.112
1996,3,6,3,0.210681
1997,3,6,3,180.686
1998,3,6,3,32.1459
1999,3,6,3,40.1088
2000,3,6,3,63.3077
2001,3,6,3,44.0921
2002,3,6,3,115.995
2003,3,6,3,129.394
2004,3,6,3,64.1515
2005,3,6,3,69.5404
2006,3,6,3,89.0769
2007,3,6,3,65.7704
2008,3,6,3,225.079
2009,3,6,3,140.742
2010,3,6,3,159.974
2011,3,6,3,136.276
2012,3,6,3,68.1428
2013,3,6,3,102.933
2014,3,6,3,10.7512
2015,3,6,3,261.683
2016,3,6,3,126.917
2017,3,6,3,234.753
2018,3,6,3,366.605
2019,3,6,3,258.943
2020,3,6,3,67.3638
2021,3,6,3,123.718
2022,3,6,3,217.978
2023,3,6,3,213.612
2024,3,6,3,159.454
1952,3,7,3,602.891
1953,3,7,3,2533.46
1954,3,7,3,335.225
1955,3,7,3,683.108
1956,3,7,3,912.277
1957,3,7,3,2206.93
1958,3,7,3,2251.94
1959,3,7,3,889.362
1960,3,7,3,1630.78
1961,3,7,3,2675.39
1962,3,7,3,2617.9
1963,3,7,3,3315.38
1964,3,7,3,1517.96
1965,3,7,3,2529.7
1966,3,7,3,2728.13
1967,3,7,3,1618.35
1968,3,7,3,1828.32
1969,3,7,3,2345.73
1970,3,7,3,1661.88
1971,3,7,3,1790.06
1972,3,7,3,3950.82
1973,3,7,3,2008.82
1974,3,7,3,3033.09
1975,3,7,3,2813.96
1976,3,7,3,2475.23
1977,3,7,3,5601.32
1978,3,7,3,2673.54
1979,3,7,3,5744.86
1980,3,7,3,5304.5
1981,3,7,3,2336.5
1982,3,7,3,3147.29
1983,3,7,3,2664.33
1984,3,7,3,3602.94
1985,3,7,3,4222.36
1986,3,7,3,2818.89
1987,3,7,3,4089.09
1988,3,7,3,3940.93
1989,3,7,3,4211.24
1990,3,7,3,6938.49
1991,3,7,3,3382.1
1992,3,7,3,5754.7
1993,3,7,3,4238.46
1994,3,7,3,3659.29
1995,3,7,3,3546.82
1996,3,7,3,2442.09
1997,3,7,3,3855.65
1998,3,7,3,5195.62
1999,3,7,3,3694.92
2000,3,7,3,4998.5
2001,3,7,3,5750.07
2002,3,7,3,7904.09
2003,3,7,3,4571.25
2004,3,7,3,7069.19
2005,3,7,3,5404.19
2006,3,7,3,4111.73
2007,3,7,3,3044.14
2008,3,7,3,3215.59
2009,3,7,3,3912.39
2010,3,7,3,2656.04
2011,3,7,3,3998.79
2012,3,7,3,4454.83
2013,3,7,3,2371.72
2014,3,7,3,6665.92
2015,3,7,3,3832.07
2016,3,7,3,3227.83
2017,3,7,3,2205.11
2018,3,7,3,3015.2
2019,3,7,3,3194.57
2020,3,7,3,1920.6
2021,3,7,3,1928.69
2022,3,7,3,2064.42
2023,3,7,3,2999.43
2024,3,7,3,4051.01
1952,3,8,4,389.274
1953,3,8,4,795.082
1954,3,8,4,448.945
1955,3,8,4,598.479
1956,3,8,4,707.433
1957,3,8,4,1759.72
1958,3,8,4,3115.68
1959,3,8,4,1158.47
1960,3,8,4,2542.28
1961,3,8,4,3728.36
1962,3,8,4,3619.02
1963,3,8,4,2658.78
1964,3,8,4,2112.4
1965,3,8,4,2268.19
1966,3,8,4,1005.98
1967,3,8,4,2454.83
1968,3,8,4,1147.28
1969,3,8,4,1012.81
1970,3,8,4,1632.66
1971,3,8,4,1694.68
1972,3,8,4,3813.21
1973,3,8,4,1276.34
1974,3,8,4,1109.98
1975,3,8,4,2986.68
1976,3,8,4,4291.59
1977,3,8,4,2001.37
1978,3,8,4,1721.3
1979,3,8,4,4766.96
1980,3,8,4,4316.63
1981,3,8,4,2834.34
1982,3,8,4,3748.06
1983,3,8,4,1478.57
1984,3,8,4,5241.86
1985,3,8,4,4807.15
1986,3,8,4,3364.83
1987,3,8,4,6940.48
1988,3,8,4,2253.11
1989,3,8,4,3532.89
1990,3,8,4,5002.04
1991,3,8,4,2485.48
1992,3,8,4,3549.76
1993,3,8,4,6218.49
1994,3,8,4,9832.82
1995,3,8,4,3104.64
1996,3,8,4,2844.54
1997,3,8,4,5716.75
1998,3,8,4,7030.2
1999,3,8,4,5615.07
2000,3,8,4,6756.58
2001,3,8,4,3631.88
2002,3,8,4,8517.85
2003,3,8,4,1033.18
2004,3,8,4,16066.7
2005,3,8,4,4627.18
2006,3,8,4,6253.36
2007,3,8,4,7328.97
2008,3,8,4,5775.12
2009,3,8,4,5679.24
2010,3,8,4,4104.26
2011,3,8,4,3953.35
2012,3,8,4,4144.45
2013,3,8,4,5046.24
2014,3,8,4,3368.37
2015,3,8,4,4552.01
2016,3,8,4,2202.81
2017,3,8,4,1915.48
2018,3,8,4,2886.95
2019,3,8,4,4991.68
2020,3,8,4,1748.92
2021,3,8,4,2197.1
2022,3,8,4,2727.98
2023,3,8,4,3664.67
2024,3,8,4,2235.01
1952,3,9,3,0
1953,3,9,3,0
1954,3,9,3,0
1955,3,9,3,0
1956,3,9,3,0
1957,3,9,3,0
1958,3,9,3,0
1959,3,9,3,0
1960,3,9,3,0
1961,3,9,3,0
1962,3,9,3,0
1963,3,9,3,0
1964,3,9,3,0
1965,3,9,3,0
1966,3,9,3,0
1967,3,9,3,0
1968,3,9,3,0
1969,3,9,3,0
1970,3,9,3,0
1971,3,9,3,0
1972,3,9,3,0
1973,3,9,3,0
1974,3,9,3,0
1975,3,9,3,0
1976,3,9,3,0
1977,3,9,3,0
1978,3,9,3,0
1979,3,9,3,0
1980,3,9,3,0
1981,3,9,3,0
1982,3,9,3,0
1983,3,9,3,0
1984,3,9,3,0
1985,3,9,3,30.7598
1986,3,9,3,0.330984
1987,3,9,3,5.43564
1988,3,9,3,70.6247
1989,3,9,3,70.0895
1990,3,9,3,263.146
1991,3,9,3,121.844
1992,3,9,3,816.427
1993,3,9,3,1731.09
1994,3,9,3,3986.19
1995,3,9,3,1935.21
1996,3,9,3,1440.89
1997,3,9,3,2214.07
1998,3,9,3,984.949
1999,3,9,3,2054.53
2000,3,9,3,2551.6
2001,3,9,3,1473.39
2002,3,9,3,2521.48
2003,3,9,3,1792.36
2004,3,9,3,1156.9
2005,3,9,3,384.191
2006,3,9,3,999.104
2007,3,9,3,1635.72
2008,3,9,3,1254.64
2009,3,9,3,2229.78
2010,3,9,3,1430.83
2011,3,9,3,1896.96
2012,3,9,3,1948.1
2013,3,9,3,1351.75
2014,3,9,3,1761.2
2015,3,9,3,1440.65
2016,3,9,3,1357.66
2017,3,9,3,2874.12
2018,3,9,3,2598.26
2019,3,9,3,1027.72
2020,3,9,3,768.079
2021,3,9,3,1053.4
2022,3,9,3,1369.67
2023,3,9,3,1689.1
2024,3,9,3,2786.6
1952,3,10,5,13.0179
1953,3,10,5,58.631
1954,3,10,5,463.349
1955,3,10,5,571.221
1956,3,10,5,397.505
1957,3,10,5,366.663
1958,3,10,5,759.158
1959,3,10,5,1129
1960,3,10,5,930.112
1961,3,10,5,1193.71
1962,3,10,5,1231.39
1963,3,10,5,782.036
1964,3,10,5,695.366
1965,3,10,5,1218.18
1966,3,10,5,1575.1
1967,3,10,5,1375.92
1968,3,10,5,769.533
1969,3,10,5,907.881
1970,3,10,5,1016.79
1971,3,10,5,1054.82
1972,3,10,5,703.033
1973,3,10,5,1667.36
1974,3,10,5,518.732
1975,3,10,5,445.56
1976,3,10,5,1283.92
1977,3,10,5,673.332
1978,3,10,5,1036.57
1979,3,10,5,1378.69
1980,3,10,5,1854.39
1981,3,10,5,1727.58
1982,3,10,5,1031.32
1983,3,10,5,1058.47
1984,3,10,5,1161.81
1985,3,10,5,1364.08
1986,3,10,5,1035.35
1987,3,10,5,1071.27
1988,3,10,5,1298.89
1989,3,10,5,789.296
1990,3,10,5,1343.89
1991,3,10,5,691.618
1992,3,10,5,732.461
1993,3,10,5,778.751
1994,3,10,5,883.243
1995,3,10,5,991.614
1996,3,10,5,1162.36
1997,3,10,5,1417.04
1998,3,10,5,1702.82
1999,3,10,5,1083.01
2000,3,10,5,1200.05
2001,3,10,5,1935.47
2002,3,10,5,2379.45
2003,3,10,5,2439.43
2004,3,10,5,3349.5
2005,3,10,5,2037.5
2006,3,10,5,1906.61
2007,3,10,5,1874.22
2008,3,10,5,2147.78
2009,3,10,5,2694.51
2010,3,10,5,2318.36
2011,3,10,5,2800.26
2012,3,10,5,2251.95
2013,3,10,5,1723.89
2014,3,10,5,1870.12
2015,3,10,5,1959.65
2016,3,10,5,2196
2017,3,10,5,2223.3
2018,3,10,5,1676.5
2019,3,10,5,1798.71
2020,3,10,5,1664.89
2021,3,10,5,1126.28
2022,3,10,5,1632.16
2023,3,10,5,1776.26
2024,3,10,5,1318.06
1952,3,11,5,0
1953,3,11,5,0
1954,3,11,5,0
1955,3,11,5,0
1956,3,11,5,0
1957,3,11,5,0
1958,3,11,5,0
1959,3,11,5,0
1960,3,11,5,0
1961,3,11,5,0
1962,3,11,5,0
1963,3,11,5,0
1964,3,11,5,0
1965,3,11,5,0
1966,3,11,5,0
1967,3,11,5,0
1968,3,11,5,0
1969,3,11,5,0
1970,3,11,5,0
1971,3,11,5,0
1972,3,11,5,0
1973,3,11,5,0
1974,3,11,5,0
1975,3,11,5,0
1976,3,11,5,0
1977,3,11,5,0
1978,3,11,5,0
1979,3,11,5,0
1980,3,11,5,0
1981,3,11,5,0
1982,3,11,5,0
1983,3,11,5,0
1984,3,11,5,0
1985,3,11,5,0
1986,3,11,5,0
1987,3,11,5,10.7607
1988,3,11,5,17.1109
1989,3,11,5,29.2308
1990,3,11,5,12.9099
1991,3,11,5,4.38836
1992,3,11,5,8.65397
1993,3,11,5,11.8721
1994,3,11,5,67.1416
1995,3,11,5,103.261
1996,3,11,5,147.483
1997,3,11,5,255.208
1998,3,11,5,346.293
1999,3,11,5,334.367
2000,3,11,5,323.247
2001,3,11,5,471.387
2002,3,11,5,367.706
2003,3,11,5,452.087
2004,3,11,5,446.908
2005,3,11,5,270.416
2006,3,11,5,176.666
2007,3,11,5,335.167
2008,3,11,5,222.516
2009,3,11,5,174.811
2010,3,11,5,108.888
2011,3,11,5,131.831
2012,3,11,5,207.038
2013,3,11,5,164.27
2014,3,11,5,159.746
2015,3,11,5,294.648
2016,3,11,5,328.377
2017,3,11,5,99.6944
2018,3,11,5,124.573
2019,3,11,5,76.4272
2020,3,11,5,124.028
2021,3,11,5,120.397
2022,3,11,5,132.88
2023,3,11,5,66.2849
2024,3,11,5,85.5404
1952,3,12,1,259.758
1953,3,12,1,154.749
1954,3,12,1,89.988
1955,3,12,1,71.229
1956,3,12,1,226.98
1957,3,12,1,12.291
1958,3,12,1,12.003
1959,3,12,1,8.985
1960,3,12,1,14.52
1961,3,12,1,15.741
1962,3,12,1,43.197
1963,3,12,1,1.509
1964,3,12,1,57.717
1965,3,12,1,50.241
1966,3,12,1,2.229
1967,3,12,1,15.021
1968,3,12,1,45.783
1969,3,12,1,12.003
1970,3,12,1,21.276
1971,3,12,1,59.776
1972,3,12,1,51.588
1973,3,12,1,10.808
1974,3,12,1,104.955
1975,3,12,1,72.921
1976,3,12,1,82.227
1977,3,12,1,44.017
1978,3,12,1,84.239
1979,3,12,1,232.215
1980,3,12,1,32.483
1981,3,12,1,62.088
1982,3,12,1,80.246
1983,3,12,1,138.109
1984,3,12,1,156.456
1985,3,12,1,226.29
1986,3,12,1,184.412
1987,3,12,1,172.364
1988,3,12,1,46.882
1989,3,12,1,225.422
1990,3,12,1,231.076
1991,3,12,1,233.255
1992,3,12,1,253.678
1993,3,12,1,727.706
1994,3,12,1,343.344
1995,3,12,1,458.365
1996,3,12,1,335.699
1997,3,12,1,268.865
1998,3,12,1,74.505
1999,3,12,1,304.787
2000,3,12,1,218.03
2001,3,12,1,289.475
2002,3,12,1,781.73
2003,3,12,1,946.289
2004,3,12,1,334.709
2005,3,12,1,195.13
2006,3,12,1,409.474
2007,3,12,1,608.75
2008,3,12,1,281.233
2009,3,12,1,146.185
2010,3,12,1,299.28
2011,3,12,1,358.05
2012,3,12,1,417.731
2013,3,12,1,161.792
2014,3,12,1,436.088
2015,3,12,1,104.598
2016,3,12,1,18.667
2017,3,12,1,240.018
2018,3,12,1,21.76
2019,3,12,1,92.8
2020,3,12,1,189.356
2021,3,12,1,25.679
2022,3,12,1,18.436
2023,3,12,1,1246.69
2024,3,12,1,58.9
1952,3,13,1,172.524
1953,3,13,1,197.156
1954,3,13,1,172.524
1955,3,13,1,328.593
1956,3,13,1,361.468
1957,3,13,1,427.189
1958,3,13,1,345.049
1959,3,13,1,139.662
1960,3,13,1,609.522
1961,3,13,1,731.433
1962,3,13,1,325.082
1963,3,13,1,731.433
1964,3,13,1,464.454
1965,3,13,1,509.565
1966,3,13,1,450.243
1967,3,13,1,1139
1968,3,13,1,923.234
1969,3,13,1,1099.35
1970,3,13,1,1042.96
1971,3,13,1,611.073
1972,3,13,1,313.556
1973,3,13,1,359.255
1974,3,13,1,315.947
1975,3,13,1,260.99
1976,3,13,1,832.684
1977,3,13,1,464.139
1978,3,13,1,682.958
1979,3,13,1,450.154
1980,3,13,1,428.651
1981,3,13,1,684.54
1982,3,13,1,765.655
1983,3,13,1,903.223
1984,3,13,1,1303.07
1985,3,13,1,1037.58
1986,3,13,1,833.424
1987,3,13,1,822.679
1988,3,13,1,1338.16
1989,3,13,1,1096.29
1990,3,13,1,1213.09
1991,3,13,1,352.856
1992,3,13,1,380.216
1993,3,13,1,683.064
1994,3,13,1,916.396
1995,3,13,1,748.343
1996,3,13,1,1420.58
1997,3,13,1,1031.31
1998,3,13,1,399.427
1999,3,13,1,257.131
2000,3,13,1,488.287
2001,3,13,1,434.14
2002,3,13,1,482.677
2003,3,13,1,189.439
2004,3,13,1,1017.32
2005,3,13,1,205.871
2006,3,13,1,1676.52
2007,3,13,1,858.039
2008,3,13,1,740.837
2009,3,13,1,418.813
2010,3,13,1,654.518
2011,3,13,1,1229.32
2012,3,13,1,887.072
2013,3,13,1,728.572
2014,3,13,1,1171.92
2015,3,13,1,205.895
2016,3,13,1,364.484
2017,3,13,1,463.578
2018,3,13,1,287.882
2019,3,13,1,371.424
2020,3,13,1,550.196
2021,3,13,1,681.632
2022,3,13,1,547.032
2023,3,13,1,1509.24
2024,3,13,1,435.436
1952,3,14,2,0
1953,3,14,2,0
1954,3,14,2,0
1955,3,14,2,0
1956,3,14,2,0
1957,3,14,2,0
1958,3,14,2,0
1959,3,14,2,0
1960,3,14,2,0
1961,3,14,2,0
1962,3,14,2,0
1963,3,14,2,0
1964,3,14,2,0
1965,3,14,2,0
1966,3,14,2,0
1967,3,14,2,0
1968,3,14,2,0
1969,3,14,2,0
1970,3,14,2,0
1971,3,14,2,0
1972,3,14,2,0
1973,3,14,2,0
1974,3,14,2,0
1975,3,14,2,0
1976,3,14,2,0
1977,3,14,2,0
1978,3,14,2,0
1979,3,14,2,0
1980,3,14,2,0
1981,3,14,2,0
1982,3,14,2,0
1983,3,14,2,0
1984,3,14,2,21.999
1985,3,14,2,24
1986,3,14,2,24.999
1987,3,14,2,28.251
1988,3,14,2,33.501
1989,3,14,2,36.501
1990,3,14,2,41.751
1991,3,14,2,42.75
1992,3,14,2,48.999
1993,3,14,2,45
1994,3,14,2,50.001
1995,3,14,2,53.25
1996,3,14,2,82.5
1997,3,14,2,61.5
1998,3,14,2,81
1999,3,14,2,77.001
2000,3,14,2,81.999
2001,3,14,2,75.249
2002,3,14,2,72.501
2003,3,14,2,74.001
2004,3,14,2,97.251
2005,3,14,2,20.751
2006,3,14,2,21.501
2007,3,14,2,18.501
2008,3,14,2,26.499
2009,3,14,2,38.751
2010,3,14,2,54.501
2011,3,14,2,111
2012,3,14,2,307.749
2013,3,14,2,117.75
2014,3,14,2,519.75
2015,3,14,2,705.999
2016,3,14,2,471.501
2017,3,14,2,115.749
2018,3,14,2,158.499
2019,3,14,2,171
2020,3,14,2,189
2021,3,14,2,234
2022,3,14,2,210
2023,3,14,2,210
2024,3,14,2,3630
1952,3,15,2,0
1953,3,15,2,0
1954,3,15,2,0
1955,3,15,2,0
1956,3,15,2,0
1957,3,15,2,0
1958,3,15,2,0
1959,3,15,2,0
1960,3,15,2,0
1961,3,15,2,0
1962,3,15,2,0
1963,3,15,2,0
1964,3,15,2,0
1965,3,15,2,0
1966,3,15,2,0
1967,3,15,2,0
1968,3,15,2,0
1969,3,15,2,0
1970,3,15,2,29.754
1971,3,15,2,33.249
1972,3,15,2,34.5
1973,3,15,2,41.256
1974,3,15,2,47.754
1975,3,15,2,48.756
1976,3,15,2,41.256
1977,3,15,2,58.254
1978,3,15,2,35.256
1979,3,15,2,45.249
1980,3,15,2,41.256
1981,3,15,2,45.498
1982,3,15,2,42
1983,3,15,2,45.756
1984,3,15,2,43.749
1985,3,15,2,50.256
1986,3,15,2,51
1987,3,15,2,37.254
1988,3,15,2,45.249
1989,3,15,2,49.254
1990,3,15,2,69.498
1991,3,15,2,82.002
1992,3,15,2,34.254
1993,3,15,2,37.254
1994,3,15,2,67.749
1995,3,15,2,78.498
1996,3,15,2,78.498
1997,3,15,2,132.756
1998,3,15,2,100.254
1999,3,15,2,43.749
2000,3,15,2,127.5
2001,3,15,2,87.249
2002,3,15,2,84
2003,3,15,2,118.002
2004,3,15,2,65.754
2005,3,15,2,167.502
2006,3,15,2,138.756
2007,3,15,2,130.254
2008,3,15,2,159.249
2009,3,15,2,82.5
2010,3,15,2,70.998
2011,3,15,2,56.256
2012,3,15,2,127.002
2013,3,15,2,191.754
2014,3,15,2,178.254
2015,3,15,2,185.754
2016,3,15,2,212.502
2017,3,15,2,323.502
2018,3,15,2,117
2019,3,15,2,243.756
2020,3,15,2,261
2021,3,15,2,141
2022,3,15,2,156
2023,3,15,2,186
2024,3,15,2,600
1952,3,16,2,0
1953,3,16,2,0
1954,3,16,2,0
1955,3,16,2,0
1956,3,16,2,0
1957,3,16,2,0
1958,3,16,2,0
1959,3,16,2,0
1960,3,16,2,0
1961,3,16,2,0
1962,3,16,2,0
1963,3,16,2,0
1964,3,16,2,0
1965,3,16,2,0
1966,3,16,2,0
1967,3,16,2,0
1968,3,16,2,0
1969,3,16,2,0
1970,3,16,2,0
1971,3,16,2,0
1972,3,16,2,3.6
1973,3,16,2,2
1974,3,16,2,0
1975,3,16,2,6.8
1976,3,16,2,12.729
1977,3,16,2,20.502
1978,3,16,2,30.613
1979,3,16,2,47.796
1980,3,16,2,216.252
1981,3,16,2,246.999
1982,3,16,2,272.437
1983,3,16,2,303.527
1984,3,16,2,330.03
1985,3,16,2,359.238
1986,3,16,2,373.938
1987,3,16,2,425.007
1988,3,16,2,502.185
1989,3,16,2,547.05
1990,3,16,2,627.519
1991,3,16,2,641.769
1992,3,16,2,737.994
1993,3,16,2,676.06
1994,3,16,2,749.718
1995,3,16,2,799.092
1996,3,16,2,1239.98
1997,3,16,2,922.74
1998,3,16,2,1218.22
1999,3,16,2,1156.32
2000,3,16,2,1230.27
2001,3,16,2,1132.04
2002,3,16,2,1088.06
2003,3,16,2,1109.76
2004,3,16,2,1461.26
2005,3,16,2,1379.29
2006,3,16,2,1490.21
2007,3,16,2,1320.49
2008,3,16,2,1899.47
2009,3,16,2,1581.96
2010,3,16,2,1161.31
2011,3,16,2,827.037
2012,3,16,2,454.278
2013,3,16,2,646.44
2014,3,16,2,513.207
2015,3,16,2,1226.56
2016,3,16,2,729.774
2017,3,16,2,204.723
2018,3,16,2,682.737
2019,3,16,2,240.705
2020,3,16,2,163.785
2021,3,16,2,136.467
2022,3,16,2,160.42
2023,3,16,2,214.949
2024,3,16,2,212.541
1952,3,17,2,0
1953,3,17,2,0
1954,3,17,2,0
1955,3,17,2,0
1956,3,17,2,0
1957,3,17,2,0
1958,3,17,2,0
1959,3,17,2,0
1960,3,17,2,0
1961,3,17,2,0
1962,3,17,2,0
1963,3,17,2,0
1964,3,17,2,0
1965,3,17,2,0
1966,3,17,2,0
1967,3,17,2,0
1968,3,17,2,0
1969,3,17,2,0
1970,3,17,2,0
1971,3,17,2,0
1972,3,17,2,0
1973,3,17,2,0
1974,3,17,2,0
1975,3,17,2,0
1976,3,17,2,0
1977,3,17,2,0
1978,3,17,2,0
1979,3,17,2,0
1980,3,17,2,0.85
1981,3,17,2,6.82
1982,3,17,2,11.1
1983,3,17,2,17.64
1984,3,17,2,19.2
1985,3,17,2,16.14
1986,3,17,2,22.327
1987,3,17,2,68.166
1988,3,17,2,36.468
1989,3,17,2,31.8
1990,3,17,2,36.54
1991,3,17,2,37.32
1992,3,17,2,42.93
1993,3,17,2,39.29
1994,3,17,2,43.62
1995,3,17,2,46.47
1996,3,17,2,72.12
1997,3,17,2,53.68
1998,3,17,2,70.84
1999,3,17,2,67.24
2000,3,17,2,71.55
2001,3,17,2,65.84
2002,3,17,2,63.28
2003,3,17,2,64.53
2004,3,17,2,84.99
2005,3,17,2,57.72
2006,3,17,2,62.67
2007,3,17,2,49.38
2008,3,17,2,79.68
2009,3,17,2,109.37
2010,3,17,2,76.45
2011,3,17,2,65.48
2012,3,17,2,72.72
2013,3,17,2,169.03
2014,3,17,2,77.04
2015,3,17,2,76.83
2016,3,17,2,119.19
2017,3,17,2,40.18
2018,3,17,2,49.05
2019,3,17,2,52.17
2020,3,17,2,88.218
2021,3,17,2,53.025
2022,3,17,2,111.823
2023,3,17,2,104.895
2024,3,17,2,91.278
1952,3,18,2,0
1953,3,18,2,0
1954,3,18,2,0
1955,3,18,2,0
1956,3,18,2,0
1957,3,18,2,0
1958,3,18,2,0
1959,3,18,2,0
1960,3,18,2,0
1961,3,18,2,0
1962,3,18,2,0
1963,3,18,2,0
1964,3,18,2,0
1965,3,18,2,0
1966,3,18,2,0
1967,3,18,2,0
1968,3,18,2,0
1969,3,18,2,0
1970,3,18,2,49.518
1971,3,18,2,51.996
1972,3,18,2,55.986
1973,3,18,2,65.394
1974,3,18,2,75.894
1975,3,18,2,76.608
1976,3,18,2,69.006
1977,3,18,2,118.398
1978,3,18,2,55.986
1979,3,18,2,71.82
1980,3,18,2,65.982
1981,3,18,2,166.404
1982,3,18,2,181.482
1983,3,18,2,219.786
1984,3,18,2,214.284
1985,3,18,2,183.582
1986,3,18,2,179.886
1987,3,18,2,179.382
1988,3,18,2,175.812
1989,3,18,2,203.616
1990,3,18,2,286.398
1991,3,18,2,262.92
1992,3,18,2,199.08
1993,3,18,2,113.61
1994,3,18,2,221.088
1995,3,18,2,282.618
1996,3,18,2,266.112
1997,3,18,2,465.178
1998,3,18,2,547.68
1999,3,18,2,270.018
2000,3,18,2,476.602
2001,3,18,2,386.61
2002,3,18,2,315.504
2003,3,18,2,436.212
2004,3,18,2,577.794
2005,3,18,2,742.186
2006,3,18,2,723.282
2007,3,18,2,696.486
2008,3,18,2,680.901
2009,3,18,2,428.89
2010,3,18,2,252.084
2011,3,18,2,123.606
2012,3,18,2,154.196
2013,3,18,2,119.49
2014,3,18,2,119.49
2015,3,18,2,247.254
2016,3,18,2,108.234
2017,3,18,2,263.508
2018,3,18,2,512.274
2019,3,18,2,622.272
2020,3,18,2,45.882
2021,3,18,2,30.908
2022,3,18,2,24.328
2023,3,18,2,87.911
2024,3,18,2,62.728
1952,3,19,2,0
1953,3,19,2,0
1954,3,19,2,0
1955,3,19,2,0
1956,3,19,2,0
1957,3,19,2,0
1958,3,19,2,0
1959,3,19,2,0
1960,3,19,2,0
1961,3,19,2,0
1962,3,19,2,0
1963,3,19,2,0
1964,3,19,2,0
1965,3,19,2,0
1966,3,19,2,0
1967,3,19,2,0
1968,3,19,2,0
1969,3,19,2,0
1970,3,19,2,0
1971,3,19,2,0
1972,3,19,2,0
1973,3,19,2,0
1974,3,19,2,8.211
1975,3,19,2,7.424
1976,3,19,2,23.022
1977,3,19,2,10.713
1978,3,19,2,212.991
1979,3,19,2,241.48
1980,3,19,2,101.053
1981,3,19,2,87.322
1982,3,19,2,3.816
1983,3,19,2,26.021
1984,3,19,2,201.936
1985,3,19,2,169.144
1986,3,19,2,233.223
1987,3,19,2,752.335
1988,3,19,2,883.663
1989,3,19,2,591.937
1990,3,19,2,81.11
1991,3,19,2,328.448
1992,3,19,2,69.587
1993,3,19,2,36.663
1994,3,19,2,35.683
1995,3,19,2,825.416
1996,3,19,2,542.823
1997,3,19,2,11.645
1998,3,19,2,4.937
1999,3,19,2,0
2000,3,19,2,3.743
2001,3,19,2,4.427
2002,3,19,2,36.837
2003,3,19,2,92.051
2004,3,19,2,190.517
2005,3,19,2,42.482
2006,3,19,2,2.132
2007,3,19,2,2.435
2008,3,19,2,42.923
2009,3,19,2,0
2010,3,19,2,0
2011,3,19,2,0
2012,3,19,2,0
2013,3,19,2,0
2014,3,19,2,0
2015,3,19,2,0
2016,3,19,2,0.69
2017,3,19,2,66.374
2018,3,19,2,0
2019,3,19,2,0.714
2020,3,19,2,2.075
2021,3,19,2,0
2022,3,19,2,0
2023,3,19,2,0
2024,3,19,2,1.818
1952,3,20,2,0
1953,3,20,2,0
1954,3,20,2,0
1955,3,20,2,0
1956,3,20,2,0
1957,3,20,2,0
1958,3,20,2,0
1959,3,20,2,0
1960,3,20,2,0
1961,3,20,2,0
1962,3,20,2,0
1963,3,20,2,0
1964,3,20,2,0
1965,3,20,2,0
1966,3,20,2,0
1967,3,20,2,0
1968,3,20,2,0
1969,3,20,2,0
1970,3,20,2,0
1971,3,20,2,0
1972,3,20,2,0
1973,3,20,2,0
1974,3,20,2,0
1975,3,20,2,0
1976,3,20,2,3.26
1977,3,20,2,0.906
1978,3,20,2,1.03
1979,3,20,2,11.014
1980,3,20,2,1.457
1981,3,20,2,1.17
1982,3,20,2,1.923
1983,3,20,2,0
1984,3,20,2,64.361
1985,3,20,2,4.303
1986,3,20,2,0
1987,3,20,2,71.752
1988,3,20,2,16.892
1989,3,20,2,34.276
1990,3,20,2,1.539
1991,3,20,2,23.164
1992,3,20,2,2.874
1993,3,20,2,7.605
1994,3,20,2,1.224
1995,3,20,2,10.398
1996,3,20,2,44.905
1997,3,20,2,34.806
1998,3,20,2,0
1999,3,20,2,0
2000,3,20,2,122.491
2001,3,20,2,142.366
2002,3,20,2,138.191
2003,3,20,2,156.432
2004,3,20,2,219.562
2005,3,20,2,193.347
2006,3,20,2,212.302
2007,3,20,2,200.783
2008,3,20,2,213.275
2009,3,20,2,148.351
2010,3,20,2,154.423
2011,3,20,2,320.876
2012,3,20,2,418.949
2013,3,20,2,382.916
2014,3,20,2,743.376
2015,3,20,2,662.579
2016,3,20,2,746.175
2017,3,20,2,1601.09
2018,3,20,2,1140.73
2019,3,20,2,351.048
2020,3,20,2,276.806
2021,3,20,2,288.546
2022,3,20,2,293.442
2023,3,20,2,233.11
2024,3,20,2,23.656
1952,3,21,2,0
1953,3,21,2,0
1954,3,21,2,0
1955,3,21,2,0
1956,3,21,2,0
1957,3,21,2,0
1958,3,21,2,0
1959,3,21,2,0
1960,3,21,2,0
1961,3,21,2,0
1962,3,21,2,0
1963,3,21,2,0
1964,3,21,2,0
1965,3,21,2,0
1966,3,21,2,0
1967,3,21,2,0
1968,3,21,2,0
1969,3,21,2,0
1970,3,21,2,137.505
1971,3,21,2,142.5
1972,3,21,2,225
1973,3,21,2,255
1974,3,21,2,254.253
1975,3,21,2,276.495
1976,3,21,2,188.253
1977,3,21,2,256.752
1978,3,21,2,205.752
1979,3,21,2,286.995
1980,3,21,2,175.806
1981,3,21,2,264.926
1982,3,21,2,314.415
1983,3,21,2,326.868
1984,3,21,2,452.319
1985,3,21,2,487.608
1986,3,21,2,637.017
1987,3,21,2,715.002
1988,3,21,2,787.99
1989,3,21,2,954.738
1990,3,21,2,755.736
1991,3,21,2,772.677
1992,3,21,2,888.545
1993,3,21,2,813.726
1994,3,21,2,902.613
1995,3,21,2,962.073
1996,3,21,2,1492.95
1997,3,21,2,1110.83
1998,3,21,2,1466.68
1999,3,21,2,1391.94
2000,3,21,2,1481
2001,3,21,2,1362.7
2002,3,21,2,1309.75
2003,3,21,2,1336.17
2004,3,21,2,1759.33
2005,3,21,2,376.073
2006,3,21,2,416.172
2007,3,21,2,372.643
2008,3,21,2,535.786
2009,3,21,2,756.471
2010,3,21,2,555.671
2011,3,21,2,1043.06
2012,3,21,2,2553.58
2013,3,21,2,3109.29
2014,3,21,2,2988.99
2015,3,21,2,2583.97
2016,3,21,2,4473.94
2017,3,21,2,1835.98
2018,3,21,2,2424.26
2019,3,21,2,2898.68
2020,3,21,2,4113.27
2021,3,21,2,4019.68
2022,3,21,2,5236.9
2023,3,21,2,6582.73
2024,3,21,2,6226.81
1952,3,22,2,0
1953,3,22,2,0
1954,3,22,2,0
1955,3,22,2,0
1956,3,22,2,0
1957,3,22,2,0
1958,3,22,2,0
1959,3,22,2,0
1960,3,22,2,0
1961,3,22,2,0
1962,3,22,2,0
1963,3,22,2,0
1964,3,22,2,0
1965,3,22,2,0
1966,3,22,2,0
1967,3,22,2,0
1968,3,22,2,0
1969,3,22,2,0
1970,3,22,2,636.987
1971,3,22,2,707.751
1972,3,22,2,738.498
1973,3,22,2,881.136
1974,3,22,2,1024.12
1975,3,22,2,1043.68
1976,3,22,2,886.269
1977,3,22,2,1287.1
1978,3,22,2,780.747
1979,3,22,2,920.781
1980,3,22,2,845.254
1981,3,22,2,1095.81
1982,3,22,2,971.25
1983,3,22,2,1198.19
1984,3,22,2,1140.98
1985,3,22,2,1276.67
1986,3,22,2,1202.33
1987,3,22,2,960.378
1988,3,22,2,1095.95
1989,3,22,2,1211.9
1990,3,22,2,1755.56
1991,3,22,2,1957.6
1992,3,22,2,971.907
1993,3,22,2,855.909
1994,3,22,2,1470.65
1995,3,22,2,1641.38
1996,3,22,2,1618.88
1997,3,22,2,1562.31
1998,3,22,2,1831.07
1999,3,22,2,1454.27
2000,3,22,2,1848.14
2001,3,22,2,1595.1
2002,3,22,2,1585.97
2003,3,22,2,2157
2004,3,22,2,2374.99
2005,3,22,2,2008.56
2006,3,22,2,2184.48
2007,3,22,2,2254.71
2008,3,22,2,2084.07
2009,3,22,2,1452.07
2010,3,22,2,873.906
2011,3,22,2,480.406
2012,3,22,2,655.784
2013,3,22,2,401.637
2014,3,22,2,547.362
2015,3,22,2,360.488
2016,3,22,2,430.839
2017,3,22,2,541.998
2018,3,22,2,308.793
2019,3,22,2,421.088
2020,3,22,2,540.576
2021,3,22,2,276
2022,3,22,2,378
2023,3,22,2,801.219
2024,3,22,2,364.371
1952,3,23,2,0
1953,3,23,2,0
1954,3,23,2,0
1955,3,23,2,0
1956,3,23,2,0
1957,3,23,2,0
1958,3,23,2,0
1959,3,23,2,0
1960,3,23,2,0
1961,3,23,2,0
1962,3,23,2,0
1963,3,23,2,0
1964,3,23,2,0
1965,3,23,2,0
1966,3,23,2,0
1967,3,23,2,0
1968,3,23,2,0
1969,3,23,2,0
1970,3,23,2,0
1971,3,23,2,0
1972,3,23,2,0
1973,3,23,2,0
1974,3,23,2,0
1975,3,23,2,0
1976,3,23,2,0
1977,3,23,2,0
1978,3,23,2,0
1979,3,23,2,0
1980,3,23,2,0
1981,3,23,2,0
1982,3,23,2,0
1983,3,23,2,0
1984,3,23,2,0
1985,3,23,2,0
1986,3,23,2,0
1987,3,23,2,0
1988,3,23,2,0
1989,3,23,2,0
1990,3,23,2,0
1991,3,23,2,0
1992,3,23,2,0
1993,3,23,2,0
1994,3,23,2,0
1995,3,23,2,0
1996,3,23,2,0
1997,3,23,2,0
1998,3,23,2,0
1999,3,23,2,0
2000,3,23,2,260.38
2001,3,23,2,274.11
2002,3,23,2,291.772
2003,3,23,2,290.068
2004,3,23,2,391.509
2005,3,23,2,466.244
2006,3,23,2,467.401
2007,3,23,2,481.976
2008,3,23,2,443.953
2009,3,23,2,409.598
2010,3,23,2,378.923
2011,3,23,2,550.5
2012,3,23,2,611.195
2013,3,23,2,541.958
2014,3,23,2,1012.07
2015,3,23,2,865.6
2016,3,23,2,1393.33
2017,3,23,2,1351.25
2018,3,23,2,1333.31
2019,3,23,2,419.45
2020,3,23,2,313.928
2021,3,23,2,346.2
2022,3,23,2,335.735
2023,3,23,2,250.287
2024,3,23,2,28.356
1952,3,24,3,0
1953,3,24,3,0
1954,3,24,3,0
1955,3,24,3,0
1956,3,24,3,0
1957,3,24,3,0
1958,3,24,3,0
1959,3,24,3,0
1960,3,24,3,0
1961,3,24,3,0
1962,3,24,3,0
1963,3,24,3,0
1964,3,24,3,0
1965,3,24,3,0
1966,3,24,3,0
1967,3,24,3,0
1968,3,24,3,0
1969,3,24,3,0
1970,3,24,3,0
1971,3,24,3,0
1972,3,24,3,23.2
1973,3,24,3,38.57
1974,3,24,3,43.5
1975,3,24,3,103.9
1976,3,24,3,223.3
1977,3,24,3,296.04
1978,3,24,3,16.55
1979,3,24,3,66.8
1980,3,24,3,14
1981,3,24,3,47
1982,3,24,3,67.2
1983,3,24,3,198.6
1984,3,24,3,18.7
1985,3,24,3,13.3
1986,3,24,3,23.9
1987,3,24,3,2
1988,3,24,3,10.6
1989,3,24,3,13.6
1990,3,24,3,3.5
1991,3,24,3,12.2
1992,3,24,3,0
1993,3,24,3,0
1994,3,24,3,0
1995,3,24,3,0
1996,3,24,3,0
1997,3,24,3,0
1998,3,24,3,0
1999,3,24,3,0
2000,3,24,3,0
2001,3,24,3,0
2002,3,24,3,0
2003,3,24,3,0
2004,3,24,3,0
2005,3,24,3,0
2006,3,24,3,0
2007,3,24,3,0
2008,3,24,3,0
2009,3,24,3,14.6
2010,3,24,3,0
2011,3,24,3,0
2012,3,24,3,0
2013,3,24,3,0
2014,3,24,3,0
2015,3,24,3,0
2016,3,24,3,0
2017,3,24,3,0
2018,3,24,3,0
2019,3,24,3,0
2020,3,24,3,0
2021,3,24,3,0
2022,3,24,3,0
2023,3,24,3,0
2024,3,24,3,0
1952,3,25,3,0
1953,3,25,3,0
1954,3,25,3,0
1955,3,25,3,0
1956,3,25,3,0
1957,3,25,3,0
1958,3,25,3,0
1959,3,25,3,0
1960,3,25,3,0
1961,3,25,3,0
1962,3,25,3,0
1963,3,25,3,0
1964,3,25,3,0
1965,3,25,3,0
1966,3,25,3,0
1967,3,25,3,0
1968,3,25,3,0
1969,3,25,3,0
1970,3,25,3,0
1971,3,25,3,0
1972,3,25,3,0
1973,3,25,3,0
1974,3,25,3,8.804
1975,3,25,3,14.036
1976,3,25,3,238.899
1977,3,25,3,285.517
1978,3,25,3,325.004
1979,3,25,3,426.672
1980,3,25,3,774.304
1981,3,25,3,2242.4
1982,3,25,3,3787.4
1983,3,25,3,6337.27
1984,3,25,3,7486.97
1985,3,25,3,4543.99
1986,3,25,3,5879.84
1987,3,25,3,5207.25
1988,3,25,3,5819.44
1989,3,25,3,6032.97
1990,3,25,3,7318.59
1991,3,25,3,8845.69
1992,3,25,3,11990.4
1993,3,25,3,9189.84
1994,3,25,3,6367.16
1995,3,25,3,4689.95
1996,3,25,3,5381.75
1997,3,25,3,4254.73
1998,3,25,3,8966.27
1999,3,25,3,19692.8
2000,3,25,3,11789.8
2001,3,25,3,9630.63
2002,3,25,3,7122.08
2003,3,25,3,8286.21
2004,3,25,3,11716.3
2005,3,25,3,9050.27
2006,3,25,3,9369.08
2007,3,25,3,8772.06
2008,3,25,3,7961.45
2009,3,25,3,6482.01
2010,3,25,3,465.387
2011,3,25,3,660.707
2012,3,25,3,2425.43
2013,3,25,3,2004.38
2014,3,25,3,2049.22
2015,3,25,3,745.551
2016,3,25,3,2368.95
2017,3,25,3,2434.32
2018,3,25,3,2574.37
2019,3,25,3,1932.2
2020,3,25,3,4552.85
2021,3,25,3,4557.23
2022,3,25,3,5055.09
2023,3,25,3,3105.73
2024,3,25,3,2294.09
1952,3,26,4,0
1953,3,26,4,0
1954,3,26,4,0
1955,3,26,4,0
1956,3,26,4,0
1957,3,26,4,0
1958,3,26,4,0
1959,3,26,4,0
1960,3,26,4,0
1961,3,26,4,0
1962,3,26,4,0
1963,3,26,4,0
1964,3,26,4,0
1965,3,26,4,0
1966,3,26,4,0
1967,3,26,4,0
1968,3,26,4,0
1969,3,26,4,0
1970,3,26,4,0
1971,3,26,4,0
1972,3,26,4,0
1973,3,26,4,0
1974,3,26,4,0
1975,3,26,4,0
1976,3,26,4,0
1977,3,26,4,0
1978,3,26,4,0
1979,3,26,4,0
1980,3,26,4,0
1981,3,26,4,0
1982,3,26,4,23.689
1983,3,26,4,60.705
1984,3,26,4,0
1985,3,26,4,5.831
1986,3,26,4,0
1987,3,26,4,561.258
1988,3,26,4,0
1989,3,26,4,0
1990,3,26,4,52.005
1991,3,26,4,0
1992,3,26,4,0
1993,3,26,4,97.151
1994,3,26,4,134.622
1995,3,26,4,4.887
1996,3,26,4,0
1997,3,26,4,3008.9
1998,3,26,4,204.382
1999,3,26,4,1251.98
2000,3,26,4,2593.67
2001,3,26,4,1041.73
2002,3,26,4,578.284
2003,3,26,4,182.259
2004,3,26,4,1054.78
2005,3,26,4,1781.22
2006,3,26,4,1120.55
2007,3,26,4,2667.26
2008,3,26,4,2754.81
2009,3,26,4,1453.07
2010,3,26,4,0
2011,3,26,4,0
2012,3,26,4,31.529
2013,3,26,4,0
2014,3,26,4,181.472
2015,3,26,4,318.329
2016,3,26,4,0.945
2017,3,26,4,409.553
2018,3,26,4,323.899
2019,3,26,4,72.425
2020,3,26,4,184.857
2021,3,26,4,4.861
2022,3,26,4,15.011
2023,3,26,4,875.165
2024,3,26,4,1691.17
1952,3,27,3,0
1953,3,27,3,0
1954,3,27,3,0
1955,3,27,3,0
1956,3,27,3,0
1957,3,27,3,0
1958,3,27,3,0
1959,3,27,3,0
1960,3,27,3,0
1961,3,27,3,0
1962,3,27,3,0
1963,3,27,3,0
1964,3,27,3,0
1965,3,27,3,0
1966,3,27,3,0
1967,3,27,3,0
1968,3,27,3,0
1969,3,27,3,0
1970,3,27,3,0
1971,3,27,3,0
1972,3,27,3,0
1973,3,27,3,0
1974,3,27,3,0.505
1975,3,27,3,1.249
1976,3,27,3,3.636
1977,3,27,3,2.942
1978,3,27,3,3.653
1979,3,27,3,37.526
1980,3,27,3,9.316
1981,3,27,3,103.432
1982,3,27,3,223.003
1983,3,27,3,195.065
1984,3,27,3,514.504
1985,3,27,3,221.648
1986,3,27,3,249.967
1987,3,27,3,451.688
1988,3,27,3,609.473
1989,3,27,3,1077.13
1990,3,27,3,944.4
1991,3,27,3,731.429
1992,3,27,3,1530.7
1993,3,27,3,1755.49
1994,3,27,3,1458.28
1995,3,27,3,1274.02
1996,3,27,3,521.472
1997,3,27,3,633.222
1998,3,27,3,2118.41
1999,3,27,3,367.082
2000,3,27,3,1073.18
2001,3,27,3,1186.35
2002,3,27,3,819.686
2003,3,27,3,1426.18
2004,3,27,3,1394.27
2005,3,27,3,2552.37
2006,3,27,3,1351.41
2007,3,27,3,993.388
2008,3,27,3,1941.37
2009,3,27,3,1450.08
2010,3,27,3,2680.42
2011,3,27,3,1170.13
2012,3,27,3,2720.89
2013,3,27,3,2271.09
2014,3,27,3,3392.92
2015,3,27,3,3577.89
2016,3,27,3,1769.31
2017,3,27,3,2789.11
2018,3,27,3,2937.07
2019,3,27,3,2560.35
2020,3,27,3,1413.12
2021,3,27,3,2085.87
2022,3,27,3,1182.91
2023,3,27,3,928.468
2024,3,27,3,1564.78
1952,3,28,4,0
1953,3,28,4,0
1954,3,28,4,0
1955,3,28,4,0
1956,3,28,4,0
1957,3,28,4,0
1958,3,28,4,0
1959,3,28,4,0
1960,3,28,4,0
1961,3,28,4,0
1962,3,28,4,0
1963,3,28,4,0
1964,3,28,4,0
1965,3,28,4,0
1966,3,28,4,0
1967,3,28,4,0
1968,3,28,4,0
1969,3,28,4,0
1970,3,28,4,0
1971,3,28,4,0
1972,3,28,4,0
1973,3,28,4,0
1974,3,28,4,0
1975,3,28,4,0
1976,3,28,4,0
1977,3,28,4,0
1978,3,28,4,0
1979,3,28,4,0
1980,3,28,4,0
1981,3,28,4,0
1982,3,28,4,0
1983,3,28,4,23.998
1984,3,28,4,0
1985,3,28,4,5.175
1986,3,28,4,0
1987,3,28,4,54.711
1988,3,28,4,0
1989,3,28,4,0
1990,3,28,4,160.313
1991,3,28,4,1.389
1992,3,28,4,0
1993,3,28,4,20.538
1994,3,28,4,266.86
1995,3,28,4,0
1996,3,28,4,0
1997,3,28,4,426.858
1998,3,28,4,22.129
1999,3,28,4,0
2000,3,28,4,3.945
2001,3,28,4,12.566
2002,3,28,4,350.724
2003,3,28,4,0
2004,3,28,4,0
2005,3,28,4,82.255
2006,3,28,4,24.038
2007,3,28,4,44.786
2008,3,28,4,0
2009,3,28,4,94.686
2010,3,28,4,8.943
2011,3,28,4,3.547
2012,3,28,4,164.906
2013,3,28,4,62.52
2014,3,28,4,258.957
2015,3,28,4,157.352
2016,3,28,4,0
2017,3,28,4,7.087
2018,3,28,4,227.255
2019,3,28,4,177.608
2020,3,28,4,33.201
2021,3,28,4,18.951
2022,3,28,4,10.751
2023,3,28,4,544.078
2024,3,28,4,2.282
1952,3,29,1,9.27043e-06
1953,3,29,1,9.02905e-06
1954,3,29,1,9.05344e-06
1955,3,29,1,9.1011e-06
1956,3,29,1,9.58003e-06
1957,3,29,1,9.06053e-06
1958,3,29,1,7.52196e-06
1959,3,29,1,6.03296e-06
1960,3,29,1,6.31342e-06
1961,3,29,1,6.29925e-06
1962,3,29,1,5.90398e-06
1963,3,29,1,5.30053e-06
1964,3,29,1,5.11584e-06
1965,3,29,1,5.37195e-06
1966,3,29,1,5.37499e-06
1967,3,29,1,4.89227e-06
1968,3,29,1,4.91174e-06
1969,3,29,1,4.91397e-06
1970,3,29,1,4.48773e-06
1971,3,29,1,4.07882e-06
1972,3,29,1,3.54741e-06
1973,3,29,1,3.03809e-06
1974,3,29,1,2.78047e-06
1975,3,29,1,2.48243e-06
1976,3,29,1,2.22048e-06
1977,3,29,1,2.5936e-06
1978,3,29,1,2.62899e-06
1979,3,29,1,2.57875e-06
1980,3,29,1,2.33719e-06
1981,3,29,1,2.10109e-06
1982,3,29,1,2.02023e-06
1983,3,29,1,2.16053e-06
1984,3,29,1,2.33474e-06
1985,3,29,1,2.3158e-06
1986,3,29,1,2.10915e-06
1987,3,29,1,2.05509e-06
1988,3,29,1,1.8428e-06
1989,3,29,1,1.82352e-06
1990,3,29,1,2.0014e-06
1991,3,29,1,1.96965e-06
1992,3,29,1,1.8517e-06
1993,3,29,1,1.52784e-06
1994,3,29,1,1.45125e-06
1995,3,29,1,1.30181e-06
1996,3,29,1,1.26132e-06
1997,3,29,1,1.28237e-06
1998,3,29,1,1.34006e-06
1999,3,29,1,1.23488e-06
2000,3,29,1,1.14211e-06
2001,3,29,1,1.25569e-06
2002,3,29,1,1.54398e-06
2003,3,29,1,1.50784e-06
2004,3,29,1,1.55653e-06
2005,3,29,1,1.38007e-06
2006,3,29,1,1.38797e-06
2007,3,29,1,1.28132e-06
2008,3,29,1,1.09826e-06
2009,3,29,1,1.11829e-06
2010,3,29,1,1.12385e-06
2011,3,29,1,1.20085e-06
2012,3,29,1,1.17618e-06
2013,3,29,1,1.17505e-06
2014,3,29,1,1.51044e-06
2015,3,29,1,1.67519e-06
2016,3,29,1,1.60045e-06
2017,3,29,1,1.60017e-06
2018,3,29,1,1.87434e-06
2019,3,29,1,2.17827e-06
2020,3,29,1,2.12563e-06
2021,3,29,1,1.8204e-06
2022,3,29,1,1.61627e-06
2023,3,29,1,1.29592e-06
2024,3,29,1,8.19621e-07
1952,3,30,2,3.99708e-06
1953,3,30,2,3.97496e-06
1954,3,30,2,4.00748e-06
1955,3,30,2,3.89912e-06
1956,3,30,2,4.06314e-06
1957,3,30,2,3.95392e-06
1958,3,30,2,4.26961e-06
1959,3,30,2,3.57488e-06
1960,3,30,2,3.06664e-06
1961,3,30,2,2.47432e-06
1962,3,30,2,2.84576e-06
1963,3,30,2,2.34118e-06
1964,3,30,2,2.15124e-06
1965,3,30,2,2.30792e-06
1966,3,30,2,2.1624e-06
1967,3,30,2,2.12543e-06
1968,3,30,2,1.75482e-06
1969,3,30,2,1.7009e-06
1970,3,30,2,1.84237e-06
1971,3,30,2,1.98138e-06
1972,3,30,2,2.22114e-06
1973,3,30,2,2.53445e-06
1974,3,30,2,2.13898e-06
1975,3,30,2,2.01857e-06
1976,3,30,2,1.91846e-06
1977,3,30,2,1.79815e-06
1978,3,30,2,2.10483e-06
1979,3,30,2,1.907e-06
1980,3,30,2,1.67902e-06
1981,3,30,2,1.42725e-06
1982,3,30,2,1.23833e-06
1983,3,30,2,1.47961e-06
1984,3,30,2,1.62477e-06
1985,3,30,2,1.72973e-06
1986,3,30,2,1.66688e-06
1987,3,30,2,1.99509e-06
1988,3,30,2,2.35028e-06
1989,3,30,2,2.89153e-06
1990,3,30,2,2.53617e-06
1991,3,30,2,2.64522e-06
1992,3,30,2,2.18228e-06
1993,3,30,2,1.8927e-06
1994,3,30,2,1.70036e-06
1995,3,30,2,1.67795e-06
1996,3,30,2,1.44303e-06
1997,3,30,2,1.41678e-06
1998,3,30,2,1.53338e-06
1999,3,30,2,1.54909e-06
2000,3,30,2,1.20684e-06
2001,3,30,2,1.12668e-06
2002,3,30,2,1.10755e-06
2003,3,30,2,1.32124e-06
2004,3,30,2,1.25538e-06
2005,3,30,2,1.21453e-06
2006,3,30,2,9.66486e-07
2007,3,30,2,9.95669e-07
2008,3,30,2,8.07725e-07
2009,3,30,2,7.67427e-07
2010,3,30,2,7.90922e-07
2011,3,30,2,8.03552e-07
2012,3,30,2,7.24125e-07
2013,3,30,2,6.16298e-07
2014,3,30,2,5.76636e-07
2015,3,30,2,6.74337e-07
2016,3,30,2,7.32326e-07
2017,3,30,2,7.0179e-07
2018,3,30,2,6.87166e-07
2019,3,30,2,6.66889e-07
2020,3,30,2,6.70798e-07
2021,3,30,2,6.36126e-07
2022,3,30,2,6.12587e-07
2023,3,30,2,7.23992e-07
2024,3,30,2,6.24344e-07
1952,3,31,3,3.89543e-06
1953,3,31,3,3.84205e-06
1954,3,31,3,3.88859e-06
1955,3,31,3,3.85596e-06
1956,3,31,3,3.7488e-06
1957,3,31,3,4.05542e-06
1958,3,31,3,4.84118e-06
1959,3,31,3,3.9852e-06
1960,3,31,3,2.99344e-06
1961,3,31,3,2.64716e-06
1962,3,31,3,2.98583e-06
1963,3,31,3,2.85246e-06
1964,3,31,3,2.82609e-06
1965,3,31,3,2.69678e-06
1966,3,31,3,2.61666e-06
1967,3,31,3,2.60806e-06
1968,3,31,3,2.32712e-06
1969,3,31,3,2.49355e-06
1970,3,31,3,2.5257e-06
1971,3,31,3,2.47623e-06
1972,3,31,3,2.67459e-06
1973,3,31,3,2.7371e-06
1974,3,31,3,2.18422e-06
1975,3,31,3,2.31861e-06
1976,3,31,3,2.61035e-06
1977,3,31,3,2.42292e-06
1978,3,31,3,2.83114e-06
1979,3,31,3,2.58749e-06
1980,3,31,3,2.26921e-06
1981,3,31,3,2.0479e-06
1982,3,31,3,1.84139e-06
1983,3,31,3,2.21539e-06
1984,3,31,3,2.56551e-06
1985,3,31,3,2.74631e-06
1986,3,31,3,2.50756e-06
1987,3,31,3,2.32642e-06
1988,3,31,3,2.48959e-06
1989,3,31,3,2.4263e-06
1990,3,31,3,2.37963e-06
1991,3,31,3,2.82541e-06
1992,3,31,3,2.40912e-06
1993,3,31,3,2.25159e-06
1994,3,31,3,2.05014e-06
1995,3,31,3,2.17051e-06
1996,3,31,3,2.11885e-06
1997,3,31,3,2.61948e-06
1998,3,31,3,2.55772e-06
1999,3,31,3,2.14194e-06
2000,3,31,3,1.62817e-06
2001,3,31,3,1.85912e-06
2002,3,31,3,1.65702e-06
2003,3,31,3,1.93504e-06
2004,3,31,3,1.73038e-06
2005,3,31,3,1.53719e-06
2006,3,31,3,1.39607e-06
2007,3,31,3,1.57916e-06
2008,3,31,3,1.62571e-06
2009,3,31,3,1.46558e-06
2010,3,31,3,1.38444e-06
2011,3,31,3,1.40847e-06
2012,3,31,3,1.29413e-06
2013,3,31,3,1.26072e-06
2014,3,31,3,1.309e-06
2015,3,31,3,1.55937e-06
2016,3,31,3,1.71773e-06
2017,3,31,3,1.41079e-06
2018,3,31,3,1.20743e-06
2019,3,31,3,1.12233e-06
2020,3,31,3,1.26045e-06
2021,3,31,3,1.32198e-06
2022,3,31,3,1.36418e-06
2023,3,31,3,1.30884e-06
2024,3,31,3,1.14861e-06
1952,3,32,4,3.57778e-06
1953,3,32,4,3.47586e-06
1954,3,32,4,3.44521e-06
1955,3,32,4,3.47489e-06
1956,3,32,4,3.55236e-06
1957,3,32,4,3.84007e-06
1958,3,32,4,3.75343e-06
1959,3,32,4,3.22623e-06
1960,3,32,4,2.7245e-06
1961,3,32,4,2.53624e-06
1962,3,32,4,2.61148e-06
1963,3,32,4,2.53745e-06
1964,3,32,4,2.41072e-06
1965,3,32,4,2.49912e-06
1966,3,32,4,2.66144e-06
1967,3,32,4,2.64882e-06
1968,3,32,4,2.59934e-06
1969,3,32,4,2.87939e-06
1970,3,32,4,2.84912e-06
1971,3,32,4,2.70574e-06
1972,3,32,4,2.69061e-06
1973,3,32,4,2.44655e-06
1974,3,32,4,2.08448e-06
1975,3,32,4,2.02847e-06
1976,3,32,4,1.93867e-06
1977,3,32,4,1.88701e-06
1978,3,32,4,2.13944e-06
1979,3,32,4,1.97435e-06
1980,3,32,4,1.81315e-06
1981,3,32,4,1.71399e-06
1982,3,32,4,1.59949e-06
1983,3,32,4,1.77295e-06
1984,3,32,4,2.02565e-06
1985,3,32,4,2.06595e-06
1986,3,32,4,1.98245e-06
1987,3,32,4,1.69044e-06
1988,3,32,4,1.63663e-06
1989,3,32,4,1.65936e-06
1990,3,32,4,1.81505e-06
1991,3,32,4,1.96721e-06
1992,3,32,4,1.67893e-06
1993,3,32,4,1.53517e-06
1994,3,32,4,1.45415e-06
1995,3,32,4,1.53852e-06
1996,3,32,4,1.88333e-06
1997,3,32,4,2.29798e-06
1998,3,32,4,2.11489e-06
1999,3,32,4,2.085e-06
2000,3,32,4,1.85258e-06
2001,3,32,4,1.7661e-06
2002,3,32,4,1.32467e-06
2003,3,32,4,1.35176e-06
2004,3,32,4,1.13669e-06
2005,3,32,4,1.1736e-06
2006,3,32,4,1.22047e-06
2007,3,32,4,1.26118e-06
2008,3,32,4,1.27503e-06
2009,3,32,4,1.07006e-06
2010,3,32,4,7.0209e-07
2011,3,32,4,7.94064e-07
2012,3,32,4,9.68349e-07
2013,3,32,4,9.44497e-07
2014,3,32,4,8.08622e-07
2015,3,32,4,8.94472e-07
2016,3,32,4,9.72321e-07
2017,3,32,4,1.00527e-06
2018,3,32,4,9.56256e-07
2019,3,32,4,7.70552e-07
2020,3,32,4,8.34301e-07
2021,3,32,4,9.8546e-07
2022,3,32,4,9.81794e-07
2023,3,32,4,7.93022e-07
2024,3,32,4,5.34716e-07
1952,3,33,5,3.78292e-06
1953,3,33,5,3.94223e-06
1954,3,33,5,4.01217e-06
1955,3,33,5,3.97902e-06
1956,3,33,5,3.93113e-06
1957,3,33,5,4.31311e-06
1958,3,33,5,4.28977e-06
1959,3,33,5,4.0865e-06
1960,3,33,5,3.86914e-06
1961,3,33,5,3.80923e-06
1962,3,33,5,3.49025e-06
1963,3,33,5,3.33189e-06
1964,3,33,5,3.07929e-06
1965,3,33,5,2.94277e-06
1966,3,33,5,2.85151e-06
1967,3,33,5,2.69386e-06
1968,3,33,5,2.62666e-06
1969,3,33,5,2.60745e-06
1970,3,33,5,2.5143e-06
1971,3,33,5,2.5181e-06
1972,3,33,5,2.62212e-06
1973,3,33,5,2.42773e-06
1974,3,33,5,2.42144e-06
1975,3,33,5,2.58292e-06
1976,3,33,5,2.45336e-06
1977,3,33,5,2.43448e-06
1978,3,33,5,2.40852e-06
1979,3,33,5,2.33297e-06
1980,3,33,5,2.27808e-06
1981,3,33,5,2.07891e-06
1982,3,33,5,2.0864e-06
1983,3,33,5,2.12814e-06
1984,3,33,5,2.22704e-06
1985,3,33,5,2.2352e-06
1986,3,33,5,2.24297e-06
1987,3,33,5,2.43815e-06
1988,3,33,5,2.37683e-06
1989,3,33,5,2.32976e-06
1990,3,33,5,2.59718e-06
1991,3,33,5,2.65827e-06
1992,3,33,5,2.76402e-06
1993,3,33,5,2.69021e-06
1994,3,33,5,2.89167e-06
1995,3,33,5,2.61682e-06
1996,3,33,5,2.59158e-06
1997,3,33,5,2.78727e-06
1998,3,33,5,2.63145e-06
1999,3,33,5,2.45157e-06
2000,3,33,5,2.45846e-06
2001,3,33,5,2.21037e-06
2002,3,33,5,2.29005e-06
2003,3,33,5,2.18123e-06
2004,3,33,5,2.18338e-06
2005,3,33,5,1.97322e-06
2006,3,33,5,2.09213e-06
2007,3,33,5,2.13673e-06
2008,3,33,5,1.96041e-06
2009,3,33,5,1.87185e-06
2010,3,33,5,1.82564e-06
2011,3,33,5,1.79423e-06
2012,3,33,5,1.65154e-06
2013,3,33,5,1.5835e-06
2014,3,33,5,1.69574e-06
2015,3,33,5,1.74251e-06
2016,3,33,5,1.59696e-06
2017,3,33,5,1.5088e-06
2018,3,33,5,1.46009e-06
2019,3,33,5,1.38506e-06
2020,3,33,5,1.35853e-06
2021,3,33,5,1.49212e-06
2022,3,33,5,1.55028e-06
2023,3,33,5,1.47324e-06
2024,3,33,5,1.44715e-06
1952,4,1,1,4144
1953,4,1,1,2695.14
1954,4,1,1,2336.29
1955,4,1,1,3540.17
1956,4,1,1,5348.04
1957,4,1,1,6431.78
1958,4,1,1,5986.95
1959,4,1,1,4641.02
1960,4,1,1,4809.32
1961,4,1,1,2327.37
1962,4,1,1,2376.33
1963,4,1,1,3402.11
1964,4,1,1,1604.33
1965,4,1,1,2171.73
1966,4,1,1,2985.62
1967,4,1,1,3589.31
1968,4,1,1,2914.5
1969,4,1,1,3203.54
1970,4,1,1,2635.93
1971,4,1,1,2470.88
1972,4,1,1,1771.27
1973,4,1,1,1675.98
1974,4,1,1,2445.89
1975,4,1,1,3359
1976,4,1,1,4583.65
1977,4,1,1,3696.91
1978,4,1,1,3230.93
1979,4,1,1,3141.29
1980,4,1,1,3053.08
1981,4,1,1,3105.96
1982,4,1,1,2369.49
1983,4,1,1,2971.53
1984,4,1,1,3172.75
1985,4,1,1,3259.9
1986,4,1,1,3679.17
1987,4,1,1,4017.28
1988,4,1,1,3734.83
1989,4,1,1,4159.46
1990,4,1,1,3577.9
1991,4,1,1,4195.48
1992,4,1,1,4670.1
1993,4,1,1,4037.02
1994,4,1,1,3344.75
1995,4,1,1,2808.97
1996,4,1,1,2768.75
1997,4,1,1,3034.64
1998,4,1,1,2938.95
1999,4,1,1,3434.49
2000,4,1,1,2502.26
2001,4,1,1,3024.43
2002,4,1,1,3108.26
2003,4,1,1,2705.71
2004,4,1,1,3795.12
2005,4,1,1,3252.02
2006,4,1,1,4171.48
2007,4,1,1,3616.74
2008,4,1,1,2998.65
2009,4,1,1,3625.56
2010,4,1,1,3178.03
2011,4,1,1,3230.19
2012,4,1,1,2514.02
2013,4,1,1,2086.37
2014,4,1,1,2906.05
2015,4,1,1,2941.74
2016,4,1,1,2534.29
2017,4,1,1,2503.07
2018,4,1,1,2687.92
2019,4,1,1,3170.23
2020,4,1,1,2520.84
2021,4,1,1,1671.5
2022,4,1,1,2479.71
2023,4,1,1,2802.58
2024,4,1,1,3098.36
1952,4,2,1,4875.31
1953,4,2,1,1881.84
1954,4,2,1,3113.18
1955,4,2,1,5306.56
1956,4,2,1,5032.75
1957,4,2,1,4960.41
1958,4,2,1,8216.54
1959,4,2,1,8009.17
1960,4,2,1,4990.98
1961,4,2,1,4618.53
1962,4,2,1,4184.63
1963,4,2,1,3874.7
1964,4,2,1,3516.29
1965,4,2,1,3796.38
1966,4,2,1,4016.13
1967,4,2,1,3487.05
1968,4,2,1,2700.62
1969,4,2,1,4202.81
1970,4,2,1,4959.86
1971,4,2,1,4404.19
1972,4,2,1,6001.69
1973,4,2,1,3200.97
1974,4,2,1,3428.67
1975,4,2,1,3623.07
1976,4,2,1,3159.4
1977,4,2,1,4452.85
1978,4,2,1,3214.08
1979,4,2,1,3148.15
1980,4,2,1,2005.16
1981,4,2,1,3014.45
1982,4,2,1,2321.83
1983,4,2,1,2322.08
1984,4,2,1,2336.46
1985,4,2,1,2698.66
1986,4,2,1,2595.45
1987,4,2,1,3821.47
1988,4,2,1,3284.28
1989,4,2,1,3007.31
1990,4,2,1,2079.62
1991,4,2,1,1597.16
1992,4,2,1,1960.71
1993,4,2,1,2109.46
1994,4,2,1,962.579
1995,4,2,1,1723.18
1996,4,2,1,1601
1997,4,2,1,1690.56
1998,4,2,1,1958.62
1999,4,2,1,1122.56
2000,4,2,1,1228.95
2001,4,2,1,1001.98
2002,4,2,1,948.406
2003,4,2,1,2820.78
2004,4,2,1,2399.35
2005,4,2,1,2476.43
2006,4,2,1,2206.14
2007,4,2,1,2119.28
2008,4,2,1,1183.22
2009,4,2,1,637.044
2010,4,2,1,617.616
2011,4,2,1,647.172
2012,4,2,1,1398.49
2013,4,2,1,1224.54
2014,4,2,1,1549.07
2015,4,2,1,1165.64
2016,4,2,1,1057.92
2017,4,2,1,2398.1
2018,4,2,1,1636.4
2019,4,2,1,2823.36
2020,4,2,1,1679.4
2021,4,2,1,2022.19
2022,4,2,1,1239.13
2023,4,2,1,949.178
2024,4,2,1,2103.98
1952,4,3,1,0
1953,4,3,1,0
1954,4,3,1,0
1955,4,3,1,0
1956,4,3,1,0
1957,4,3,1,0
1958,4,3,1,0
1959,4,3,1,0
1960,4,3,1,0
1961,4,3,1,0
1962,4,3,1,0
1963,4,3,1,0
1964,4,3,1,0
1965,4,3,1,0
1966,4,3,1,0
1967,4,3,1,0
1968,4,3,1,0
1969,4,3,1,0
1970,4,3,1,0
1971,4,3,1,0
1972,4,3,1,0
1973,4,3,1,0
1974,4,3,1,0
1975,4,3,1,0
1976,4,3,1,0
1977,4,3,1,0
1978,4,3,1,0
1979,4,3,1,0
1980,4,3,1,0
1981,4,3,1,0
1982,4,3,1,0
1983,4,3,1,0
1984,4,3,1,0
1985,4,3,1,0
1986,4,3,1,0
1987,4,3,1,0
1988,4,3,1,0
1989,4,3,1,0
1990,4,3,1,231.238
1991,4,3,1,699.921
1992,4,3,1,938.129
1993,4,3,1,801.141
1994,4,3,1,1184.98
1995,4,3,1,1238.45
1996,4,3,1,1424.27
1997,4,3,1,1519.97
1998,4,3,1,1645.74
1999,4,3,1,1167.21
2000,4,3,1,818.177
2001,4,3,1,1158.66
2002,4,3,1,2090.38
2003,4,3,1,1312.58
2004,4,3,1,2169.36
2005,4,3,1,1436.22
2006,4,3,1,1791.48
2007,4,3,1,2425.13
2008,4,3,1,1514.49
2009,4,3,1,1223.31
2010,4,3,1,797.903
2011,4,3,1,1349.56
2012,4,3,1,1834.39
2013,4,3,1,1874.36
2014,4,3,1,1878.72
2015,4,3,1,2002.58
2016,4,3,1,2126.48
2017,4,3,1,2237.5
2018,4,3,1,2076.02
2019,4,3,1,2006.37
2020,4,3,1,2258.02
2021,4,3,1,1657.11
2022,4,3,1,1898.21
2023,4,3,1,1750.26
2024,4,3,1,1574.33
1952,4,4,2,827.364
1953,4,4,2,1449.23
1954,4,4,2,532.553
1955,4,4,2,391.995
1956,4,4,2,322.139
1957,4,4,2,574.468
1958,4,4,2,1284.44
1959,4,4,2,830.326
1960,4,4,2,421.483
1961,4,4,2,1015.02
1962,4,4,2,1124.1
1963,4,4,2,1500.9
1964,4,4,2,498.879
1965,4,4,2,1079.57
1966,4,4,2,1701.77
1967,4,4,2,1291.61
1968,4,4,2,864.329
1969,4,4,2,789.195
1970,4,4,2,422.814
1971,4,4,2,431.974
1972,4,4,2,632.084
1973,4,4,2,1299.04
1974,4,4,2,1384.33
1975,4,4,2,1564.63
1976,4,4,2,1438.15
1977,4,4,2,589.959
1978,4,4,2,1489.66
1979,4,4,2,762.874
1980,4,4,2,998.345
1981,4,4,2,290.482
1982,4,4,2,288.748
1983,4,4,2,587.572
1984,4,4,2,417.518
1985,4,4,2,362.162
1986,4,4,2,197.65
1987,4,4,2,260.6
1988,4,4,2,210.293
1989,4,4,2,808.769
1990,4,4,2,626.908
1991,4,4,2,542.426
1992,4,4,2,579.074
1993,4,4,2,311.936
1994,4,4,2,745.098
1995,4,4,2,569.95
1996,4,4,2,501.093
1997,4,4,2,346.913
1998,4,4,2,310.984
1999,4,4,2,365.664
2000,4,4,2,330.55
2001,4,4,2,267.11
2002,4,4,2,106.142
2003,4,4,2,160.953
2004,4,4,2,170.963
2005,4,4,2,337.391
2006,4,4,2,271.675
2007,4,4,2,189.814
2008,4,4,2,414.981
2009,4,4,2,396.691
2010,4,4,2,139.151
2011,4,4,2,265.999
2012,4,4,2,300.586
2013,4,4,2,226.337
2014,4,4,2,166.518
2015,4,4,2,131.732
2016,4,4,2,253.096
2017,4,4,2,300.321
2018,4,4,2,234.478
2019,4,4,2,523.143
2020,4,4,2,274.714
2021,4,4,2,162.834
2022,4,4,2,346.088
2023,4,4,2,161.193
2024,4,4,2,115.404
1952,4,5,2,0
1953,4,5,2,0
1954,4,5,2,0
1955,4,5,2,0
1956,4,5,2,0
1957,4,5,2,0
1958,4,5,2,514.952
1959,4,5,2,432.719
1960,4,5,2,475.749
1961,4,5,2,538.135
1962,4,5,2,568.02
1963,4,5,2,923.88
1964,4,5,2,621.387
1965,4,5,2,425.007
1966,4,5,2,479.41
1967,4,5,2,409.074
1968,4,5,2,855.078
1969,4,5,2,695.803
1970,4,5,2,329.213
1971,4,5,2,443.206
1972,4,5,2,532.726
1973,4,5,2,605.385
1974,4,5,2,585.117
1975,4,5,2,1199.73
1976,4,5,2,574.576
1977,4,5,2,448.376
1978,4,5,2,1157.98
1979,4,5,2,1161.15
1980,4,5,2,699.717
1981,4,5,2,1022.73
1982,4,5,2,781.459
1983,4,5,2,807.535
1984,4,5,2,791.409
1985,4,5,2,1119.5
1986,4,5,2,924.528
1987,4,5,2,1139.26
1988,4,5,2,1245.25
1989,4,5,2,1120.35
1990,4,5,2,1314.05
1991,4,5,2,1521.84
1992,4,5,2,2282.57
1993,4,5,2,1638.17
1994,4,5,2,1579.51
1995,4,5,2,1814.86
1996,4,5,2,2533.49
1997,4,5,2,2577.07
1998,4,5,2,2787.36
1999,4,5,2,4229.61
2000,4,5,2,3524.49
2001,4,5,2,3462.28
2002,4,5,2,2783.59
2003,4,5,2,2744.49
2004,4,5,2,2819.08
2005,4,5,2,2559.51
2006,4,5,2,2939.97
2007,4,5,2,2684.76
2008,4,5,2,3137.83
2009,4,5,2,2821.26
2010,4,5,2,1952.6
2011,4,5,2,2565.85
2012,4,5,2,2820.85
2013,4,5,2,2585.34
2014,4,5,2,3370.62
2015,4,5,2,2239.03
2016,4,5,2,2020.44
2017,4,5,2,1262.38
2018,4,5,2,2752.28
2019,4,5,2,2503.04
2020,4,5,2,1700.72
2021,4,5,2,1616.37
2022,4,5,2,1683.29
2023,4,5,2,478.057
2024,4,5,2,192.459
1952,4,6,3,56.6744
1953,4,6,3,15.6922
1954,4,6,3,16.8374
1955,4,6,3,26.9258
1956,4,6,3,131.888
1957,4,6,3,395.169
1958,4,6,3,65.8377
1959,4,6,3,67.4969
1960,4,6,3,121.37
1961,4,6,3,143.654
1962,4,6,3,71.0213
1963,4,6,3,53.6333
1964,4,6,3,29.2659
1965,4,6,3,13.5033
1966,4,6,3,61.8893
1967,4,6,3,39.3534
1968,4,6,3,40.015
1969,4,6,3,2.70758
1970,4,6,3,10.0308
1971,4,6,3,186.457
1972,4,6,3,62.9617
1973,4,6,3,48.3749
1974,4,6,3,385.967
1975,4,6,3,147.736
1976,4,6,3,77.8635
1977,4,6,3,230.845
1978,4,6,3,336.579
1979,4,6,3,245.775
1980,4,6,3,463.976
1981,4,6,3,273.939
1982,4,6,3,363.584
1983,4,6,3,266.975
1984,4,6,3,211.097
1985,4,6,3,359.074
1986,4,6,3,231.564
1987,4,6,3,2.7621
1988,4,6,3,75.2562
1989,4,6,3,199.857
1990,4,6,3,388.604
1991,4,6,3,198.451
1992,4,6,3,153.475
1993,4,6,3,10.6691
1994,4,6,3,50.2049
1995,4,6,3,72.737
1996,4,6,3,0.824788
1997,4,6,3,216.12
1998,4,6,3,23.1525
1999,4,6,3,53.4414
2000,4,6,3,36.4047
2001,4,6,3,59.8806
2002,4,6,3,91.9316
2003,4,6,3,50.7038
2004,4,6,3,25.2419
2005,4,6,3,44.5843
2006,4,6,3,54.0807
2007,4,6,3,23.9514
2008,4,6,3,52.1972
2009,4,6,3,128.229
2010,4,6,3,203.656
2011,4,6,3,158.311
2012,4,6,3,26.8795
2013,4,6,3,26.2167
2014,4,6,3,6.67195
2015,4,6,3,196.002
2016,4,6,3,94.0857
2017,4,6,3,78.4892
2018,4,6,3,286.996
2019,4,6,3,187.632
2020,4,6,3,82.748
2021,4,6,3,144.164
2022,4,6,3,482.188
2023,4,6,3,160.207
2024,4,6,3,173.497
1952,4,7,3,1897.62
1953,4,7,3,1989.93
1954,4,7,3,153.208
1955,4,7,3,640.977
1956,4,7,3,746.828
1957,4,7,3,4804.74
1958,4,7,3,2984.87
1959,4,7,3,2212.4
1960,4,7,3,2355.09
1961,4,7,3,2187.42
1962,4,7,3,1665.13
1963,4,7,3,3883.33
1964,4,7,3,1067.05
1965,4,7,3,1476.12
1966,4,7,3,1664.31
1967,4,7,3,1034.43
1968,4,7,3,1245.52
1969,4,7,3,1239.72
1970,4,7,3,768.316
1971,4,7,3,1054.05
1972,4,7,3,2566.2
1973,4,7,3,1448.87
1974,4,7,3,3039.88
1975,4,7,3,2315.16
1976,4,7,3,3444.09
1977,4,7,3,4015.04
1978,4,7,3,2474.92
1979,4,7,3,3326.53
1980,4,7,3,2313.34
1981,4,7,3,1618.26
1982,4,7,3,3562.06
1983,4,7,3,1879.04
1984,4,7,3,2344.46
1985,4,7,3,4298.14
1986,4,7,3,2193.22
1987,4,7,3,2950.39
1988,4,7,3,2009.11
1989,4,7,3,4636.23
1990,4,7,3,4299.17
1991,4,7,3,2109.15
1992,4,7,3,2906.9
1993,4,7,3,2406
1994,4,7,3,3265.45
1995,4,7,3,2939.28
1996,4,7,3,2231.76
1997,4,7,3,5234.1
1998,4,7,3,3634.39
1999,4,7,3,2676.21
2000,4,7,3,2500.66
2001,4,7,3,3911.43
2002,4,7,3,5955.24
2003,4,7,3,3317.62
2004,4,7,3,5643.81
2005,4,7,3,3383.82
2006,4,7,3,4124.67
2007,4,7,3,2371.38
2008,4,7,3,2616.59
2009,4,7,3,3156.14
2010,4,7,3,2061.25
2011,4,7,3,3288.03
2012,4,7,3,2396.36
2013,4,7,3,3001.98
2014,4,7,3,2886.43
2015,4,7,3,4559.72
2016,4,7,3,2146.77
2017,4,7,3,1958.92
2018,4,7,3,2144.2
2019,4,7,3,2950.19
2020,4,7,3,1350.55
2021,4,7,3,1063.31
2022,4,7,3,1232.13
2023,4,7,3,2171.45
2024,4,7,3,2810.35
1952,4,8,4,2493.5
1953,4,8,4,715.249
1954,4,8,4,128.945
1955,4,8,4,1059.8
1956,4,8,4,303.534
1957,4,8,4,918.795
1958,4,8,4,737.273
1959,4,8,4,222.752
1960,4,8,4,825.072
1961,4,8,4,1233.86
1962,4,8,4,1836.48
1963,4,8,4,2296.59
1964,4,8,4,758.657
1965,4,8,4,964.413
1966,4,8,4,535.081
1967,4,8,4,808.517
1968,4,8,4,350.907
1969,4,8,4,796.816
1970,4,8,4,361.461
1971,4,8,4,705.868
1972,4,8,4,749.012
1973,4,8,4,169.413
1974,4,8,4,291.519
1975,4,8,4,6513.57
1976,4,8,4,2928.19
1977,4,8,4,2640.7
1978,4,8,4,3163.65
1979,4,8,4,5995.75
1980,4,8,4,2279.71
1981,4,8,4,1574.28
1982,4,8,4,3620.94
1983,4,8,4,2345.15
1984,4,8,4,3505.93
1985,4,8,4,2662.18
1986,4,8,4,2685.81
1987,4,8,4,2749.12
1988,4,8,4,1882.84
1989,4,8,4,2400.85
1990,4,8,4,2051.01
1991,4,8,4,1225.8
1992,4,8,4,1887.38
1993,4,8,4,2475.32
1994,4,8,4,7167.93
1995,4,8,4,2332.52
1996,4,8,4,2290.2
1997,4,8,4,6097.45
1998,4,8,4,4578.08
1999,4,8,4,4734.51
2000,4,8,4,1969.5
2001,4,8,4,1748.17
2002,4,8,4,6885.37
2003,4,8,4,3143.12
2004,4,8,4,9204.8
2005,4,8,4,5647.31
2006,4,8,4,5159.01
2007,4,8,4,4865.66
2008,4,8,4,8287.89
2009,4,8,4,8030.78
2010,4,8,4,4921.87
2011,4,8,4,4651.76
2012,4,8,4,4634.24
2013,4,8,4,4114.94
2014,4,8,4,4995.41
2015,4,8,4,5201.29
2016,4,8,4,5332.75
2017,4,8,4,2257.49
2018,4,8,4,5296.31
2019,4,8,4,2180.61
2020,4,8,4,1722.72
2021,4,8,4,2459.56
2022,4,8,4,2534.42
2023,4,8,4,4443.23
2024,4,8,4,2328.22
1952,4,9,3,0
1953,4,9,3,0
1954,4,9,3,0
1955,4,9,3,0
1956,4,9,3,0
1957,4,9,3,0
1958,4,9,3,0
1959,4,9,3,0
1960,4,9,3,0
1961,4,9,3,0
1962,4,9,3,0
1963,4,9,3,0
1964,4,9,3,0
1965,4,9,3,0
1966,4,9,3,0
1967,4,9,3,0
1968,4,9,3,0
1969,4,9,3,0
1970,4,9,3,0
1971,4,9,3,0
1972,4,9,3,0
1973,4,9,3,0
1974,4,9,3,0
1975,4,9,3,0
1976,4,9,3,0
1977,4,9,3,0
1978,4,9,3,0
1979,4,9,3,0
1980,4,9,3,0
1981,4,9,3,0
1982,4,9,3,0
1983,4,9,3,0
1984,4,9,3,0
1985,4,9,3,7.02932
1986,4,9,3,0.236431
1987,4,9,3,0.731206
1988,4,9,3,23.5351
1989,4,9,3,101.17
1990,4,9,3,149.129
1991,4,9,3,196.093
1992,4,9,3,415.692
1993,4,9,3,893.054
1994,4,9,3,3368.02
1995,4,9,3,1969.22
1996,4,9,3,1673.47
1997,4,9,3,1699.82
1998,4,9,3,1006.08
1999,4,9,3,1418.91
2000,4,9,3,993.722
2001,4,9,3,906.912
2002,4,9,3,1927.88
2003,4,9,3,1330.9
2004,4,9,3,1073.02
2005,4,9,3,559.196
2006,4,9,3,1675.4
2007,4,9,3,1374.36
2008,4,9,3,1283.54
2009,4,9,3,1755.35
2010,4,9,3,1025.28
2011,4,9,3,2497.89
2012,4,9,3,1534.68
2013,4,9,3,1220.63
2014,4,9,3,2998.45
2015,4,9,3,1995.62
2016,4,9,3,2429.44
2017,4,9,3,2317.76
2018,4,9,3,2451.96
2019,4,9,3,1895.51
2020,4,9,3,986.283
2021,4,9,3,1260.26
2022,4,9,3,1525.3
2023,4,9,3,1597.86
2024,4,9,3,3150
1952,4,10,5,11.0602
1953,4,10,5,39.8116
1954,4,10,5,749.552
1955,4,10,5,594.145
1956,4,10,5,1255.84
1957,4,10,5,648.929
1958,4,10,5,1105.16
1959,4,10,5,805.001
1960,4,10,5,600.075
1961,4,10,5,623.76
1962,4,10,5,364.591
1963,4,10,5,1127.25
1964,4,10,5,639.235
1965,4,10,5,969.746
1966,4,10,5,1517.25
1967,4,10,5,758.763
1968,4,10,5,317.265
1969,4,10,5,638.849
1970,4,10,5,1277.1
1971,4,10,5,581.55
1972,4,10,5,491.145
1973,4,10,5,982.88
1974,4,10,5,452.162
1975,4,10,5,688.118
1976,4,10,5,1353.68
1977,4,10,5,611.071
1978,4,10,5,802.283
1979,4,10,5,884.889
1980,4,10,5,1027.34
1981,4,10,5,675.937
1982,4,10,5,296.881
1983,4,10,5,753.708
1984,4,10,5,310.212
1985,4,10,5,374.858
1986,4,10,5,232.648
1987,4,10,5,228.89
1988,4,10,5,272.91
1989,4,10,5,100.858
1990,4,10,5,445.596
1991,4,10,5,567.885
1992,4,10,5,272.922
1993,4,10,5,122.092
1994,4,10,5,302.15
1995,4,10,5,696.631
1996,4,10,5,376.256
1997,4,10,5,673.403
1998,4,10,5,533.835
1999,4,10,5,571.102
2000,4,10,5,778.983
2001,4,10,5,933.489
2002,4,10,5,1062.55
2003,4,10,5,1234.58
2004,4,10,5,1194.56
2005,4,10,5,825.695
2006,4,10,5,1500.09
2007,4,10,5,1326.14
2008,4,10,5,1105.32
2009,4,10,5,1878.39
2010,4,10,5,1286.71
2011,4,10,5,1926.76
2012,4,10,5,1333.14
2013,4,10,5,609.175
2014,4,10,5,1077.19
2015,4,10,5,1146.23
2016,4,10,5,1005.46
2017,4,10,5,1038.42
2018,4,10,5,790.347
2019,4,10,5,1028.48
2020,4,10,5,734.928
2021,4,10,5,661.494
2022,4,10,5,1352.56
2023,4,10,5,1203.81
2024,4,10,5,993.933
1952,4,11,5,0
1953,4,11,5,0
1954,4,11,5,0
1955,4,11,5,0
1956,4,11,5,0
1957,4,11,5,0
1958,4,11,5,0
1959,4,11,5,0
1960,4,11,5,0
1961,4,11,5,0
1962,4,11,5,0
1963,4,11,5,0
1964,4,11,5,0
1965,4,11,5,0
1966,4,11,5,0
1967,4,11,5,0
1968,4,11,5,0
1969,4,11,5,0
1970,4,11,5,0
1971,4,11,5,0
1972,4,11,5,0
1973,4,11,5,0
1974,4,11,5,0
1975,4,11,5,0
1976,4,11,5,0
1977,4,11,5,0
1978,4,11,5,0
1979,4,11,5,0
1980,4,11,5,0
1981,4,11,5,0
1982,4,11,5,0
1983,4,11,5,0
1984,4,11,5,0
1985,4,11,5,0
1986,4,11,5,0.685858
1987,4,11,5,6.97395
1988,4,11,5,4.21675
1989,4,11,5,1.8111
1990,4,11,5,3.24962
1991,4,11,5,9.2085
1992,4,11,5,14.1459
1993,4,11,5,5.89197
1994,4,11,5,40.0833
1995,4,11,5,61.7816
1996,4,11,5,63.4038
1997,4,11,5,286.319
1998,4,11,5,228.505
1999,4,11,5,116.001
2000,4,11,5,165.702
2001,4,11,5,242.913
2002,4,11,5,195.646
2003,4,11,5,168.695
2004,4,11,5,137.867
2005,4,11,5,106.817
2006,4,11,5,88.9704
2007,4,11,5,193.538
2008,4,11,5,97.7624
2009,4,11,5,61.2935
2010,4,11,5,49.2185
2011,4,11,5,63.4103
2012,4,11,5,49.4799
2013,4,11,5,30.3056
2014,4,11,5,54.0535
2015,4,11,5,72.3196
2016,4,11,5,47.365
2017,4,11,5,57.1664
2018,4,11,5,34.0995
2019,4,11,5,52.6107
2020,4,11,5,35.2877
2021,4,11,5,62.7332
2022,4,11,5,51.7234
2023,4,11,5,29.3197
2024,4,11,5,42.2821
1952,4,12,1,259.758
1953,4,12,1,154.749
1954,4,12,1,89.988
1955,4,12,1,71.229
1956,4,12,1,226.98
1957,4,12,1,12.291
1958,4,12,1,12.003
1959,4,12,1,8.985
1960,4,12,1,14.52
1961,4,12,1,15.741
1962,4,12,1,43.197
1963,4,12,1,1.509
1964,4,12,1,57.717
1965,4,12,1,50.241
1966,4,12,1,2.229
1967,4,12,1,15.021
1968,4,12,1,45.783
1969,4,12,1,12.003
1970,4,12,1,21.276
1971,4,12,1,7.476
1972,4,12,1,0
1973,4,12,1,1.008
1974,4,12,1,6.255
1975,4,12,1,1.221
1976,4,12,1,4.527
1977,4,12,1,2.517
1978,4,12,1,4.239
1979,4,12,1,11.715
1980,4,12,1,0
1981,4,12,1,0
1982,4,12,1,4.746
1983,4,12,1,3.69
1984,4,12,1,6.756
1985,4,12,1,17.751
1986,4,12,1,24.185
1987,4,12,1,24.485
1988,4,12,1,14.388
1989,4,12,1,42.264
1990,4,12,1,14.407
1991,4,12,1,10.076
1992,4,12,1,9.199
1993,4,12,1,7.257
1994,4,12,1,64.32
1995,4,12,1,28.915
1996,4,12,1,1.032
1997,4,12,1,0.501
1998,4,12,1,42.444
1999,4,12,1,38.82
2000,4,12,1,98.415
2001,4,12,1,2.305
2002,4,12,1,48.763
2003,4,12,1,239.424
2004,4,12,1,2.993
2005,4,12,1,47.284
2006,4,12,1,13.563
2007,4,12,1,3.018
2008,4,12,1,1.008
2009,4,12,1,12.069
2010,4,12,1,33.78
2011,4,12,1,38.788
2012,4,12,1,0
2013,4,12,1,0
2014,4,12,1,0
2015,4,12,1,0
2016,4,12,1,0.501
2017,4,12,1,6.267
2018,4,12,1,3.1
2019,4,12,1,0
2020,4,12,1,64.891
2021,4,12,1,0.574
2022,4,12,1,9.071
2023,4,12,1,1103.53
2024,4,12,1,0
1952,4,13,1,1.435
1953,4,13,1,1.64
1954,4,13,1,1.435
1955,4,13,1,2.732
1956,4,13,1,3.007
1957,4,13,1,3.554
1958,4,13,1,2.871
1959,4,13,1,1.162
1960,4,13,1,21.733
1961,4,13,1,26.081
1962,4,13,1,11.59
1963,4,13,1,26.081
1964,4,13,1,16.56
1965,4,13,1,18.168
1966,4,13,1,16.054
1967,4,13,1,40.609
1968,4,13,1,32.92
1969,4,13,1,442.977
1970,4,13,1,420.293
1971,4,13,1,246.25
1972,4,13,1,59.856
1973,4,13,1,33.655
1974,4,13,1,25.447
1975,4,13,1,39.59
1976,4,13,1,21.884
1977,4,13,1,39.539
1978,4,13,1,41.258
1979,4,13,1,61.654
1980,4,13,1,20.951
1981,4,13,1,27.84
1982,4,13,1,38.255
1983,4,13,1,178.523
1984,4,13,1,246.67
1985,4,13,1,161.78
1986,4,13,1,210.224
1987,4,13,1,276.379
1988,4,13,1,308.76
1989,4,13,1,239.692
1990,4,13,1,139.894
1991,4,13,1,63.256
1992,4,13,1,89.916
1993,4,13,1,124.264
1994,4,13,1,158.996
1995,4,13,1,156.243
1996,4,13,1,193.282
1997,4,13,1,103.313
1998,4,13,1,203.327
1999,4,13,1,114.031
2000,4,13,1,125.087
2001,4,13,1,91.84
2002,4,13,1,84.577
2003,4,13,1,46.139
2004,4,13,1,44.421
2005,4,13,1,41.171
2006,4,13,1,116.816
2007,4,13,1,76.839
2008,4,13,1,61.337
2009,4,13,1,59.713
2010,4,13,1,77.418
2011,4,13,1,85.617
2012,4,13,1,73.772
2013,4,13,1,36.272
2014,4,13,1,52.819
2015,4,13,1,89.895
2016,4,13,1,45.784
2017,4,13,1,109.578
2018,4,13,1,65.582
2019,4,13,1,38.424
2020,4,13,1,52.796
2021,4,13,1,76.132
2022,4,13,1,77.432
2023,4,13,1,129.736
2024,4,13,1,87.436
1952,4,14,2,0
1953,4,14,2,0
1954,4,14,2,0
1955,4,14,2,0
1956,4,14,2,0
1957,4,14,2,0
1958,4,14,2,0
1959,4,14,2,0
1960,4,14,2,0
1961,4,14,2,0
1962,4,14,2,0
1963,4,14,2,0
1964,4,14,2,0
1965,4,14,2,0
1966,4,14,2,0
1967,4,14,2,0
1968,4,14,2,0
1969,4,14,2,0
1970,4,14,2,0
1971,4,14,2,0
1972,4,14,2,0
1973,4,14,2,0
1974,4,14,2,0
1975,4,14,2,0
1976,4,14,2,0
1977,4,14,2,0
1978,4,14,2,0
1979,4,14,2,0
1980,4,14,2,0
1981,4,14,2,0
1982,4,14,2,0
1983,4,14,2,0
1984,4,14,2,21.999
1985,4,14,2,24
1986,4,14,2,24.999
1987,4,14,2,28.251
1988,4,14,2,33.501
1989,4,14,2,36.501
1990,4,14,2,41.751
1991,4,14,2,42.75
1992,4,14,2,48.999
1993,4,14,2,45
1994,4,14,2,50.001
1995,4,14,2,53.25
1996,4,14,2,82.5
1997,4,14,2,61.5
1998,4,14,2,81
1999,4,14,2,77.001
2000,4,14,2,81.999
2001,4,14,2,75.249
2002,4,14,2,72.501
2003,4,14,2,74.001
2004,4,14,2,97.251
2005,4,14,2,20.751
2006,4,14,2,21.501
2007,4,14,2,18.501
2008,4,14,2,26.499
2009,4,14,2,38.751
2010,4,14,2,54.501
2011,4,14,2,111
2012,4,14,2,307.749
2013,4,14,2,117.75
2014,4,14,2,519.75
2015,4,14,2,705.999
2016,4,14,2,471.501
2017,4,14,2,115.749
2018,4,14,2,158.499
2019,4,14,2,171
2020,4,14,2,189
2021,4,14,2,234
2022,4,14,2,210
2023,4,14,2,210
2024,4,14,2,3630
1952,4,15,2,0
1953,4,15,2,0
1954,4,15,2,0
1955,4,15,2,0
1956,4,15,2,0
1957,4,15,2,0
1958,4,15,2,0
1959,4,15,2,0
1960,4,15,2,0
1961,4,15,2,0
1962,4,15,2,0
1963,4,15,2,0
1964,4,15,2,0
1965,4,15,2,0
1966,4,15,2,0
1967,4,15,2,0
1968,4,15,2,0
1969,4,15,2,0
1970,4,15,2,29.754
1971,4,15,2,33.249
1972,4,15,2,34.5
1973,4,15,2,41.256
1974,4,15,2,47.754
1975,4,15,2,48.756
1976,4,15,2,41.256
1977,4,15,2,58.254
1978,4,15,2,35.256
1979,4,15,2,45.249
1980,4,15,2,41.256
1981,4,15,2,45.498
1982,4,15,2,42
1983,4,15,2,45.756
1984,4,15,2,43.749
1985,4,15,2,50.256
1986,4,15,2,51
1987,4,15,2,37.254
1988,4,15,2,45.249
1989,4,15,2,49.254
1990,4,15,2,69.498
1991,4,15,2,82.002
1992,4,15,2,34.254
1993,4,15,2,37.254
1994,4,15,2,67.749
1995,4,15,2,78.498
1996,4,15,2,78.498
1997,4,15,2,132.756
1998,4,15,2,100.254
1999,4,15,2,43.749
2000,4,15,2,127.5
2001,4,15,2,87.249
2002,4,15,2,84
2003,4,15,2,118.002
2004,4,15,2,65.754
2005,4,15,2,167.502
2006,4,15,2,138.756
2007,4,15,2,130.254
2008,4,15,2,159.249
2009,4,15,2,82.5
2010,4,15,2,70.998
2011,4,15,2,56.256
2012,4,15,2,127.002
2013,4,15,2,191.754
2014,4,15,2,178.254
2015,4,15,2,185.754
2016,4,15,2,212.502
2017,4,15,2,323.502
2018,4,15,2,117
2019,4,15,2,243.756
2020,4,15,2,261
2021,4,15,2,141
2022,4,15,2,156
2023,4,15,2,186
2024,4,15,2,600
1952,4,16,2,0
1953,4,16,2,0
1954,4,16,2,0
1955,4,16,2,0
1956,4,16,2,0
1957,4,16,2,0
1958,4,16,2,0
1959,4,16,2,0
1960,4,16,2,0
1961,4,16,2,0
1962,4,16,2,0
1963,4,16,2,0
1964,4,16,2,0
1965,4,16,2,0
1966,4,16,2,0
1967,4,16,2,0
1968,4,16,2,0
1969,4,16,2,0
1970,4,16,2,0
1971,4,16,2,0
1972,4,16,2,17.1
1973,4,16,2,0
1974,4,16,2,1.3
1975,4,16,2,8.7
1976,4,16,2,18.029
1977,4,16,2,22.702
1978,4,16,2,31.713
1979,4,16,2,49.796
1980,4,16,2,218.252
1981,4,16,2,254.699
1982,4,16,2,290.437
1983,4,16,2,305.127
1984,4,16,2,331.03
1985,4,16,2,368.138
1986,4,16,2,374.038
1987,4,16,2,436.707
1988,4,16,2,502.385
1989,4,16,2,547.05
1990,4,16,2,627.519
1991,4,16,2,641.769
1992,4,16,2,737.994
1993,4,16,2,676.46
1994,4,16,2,749.718
1995,4,16,2,799.592
1996,4,16,2,1240.88
1997,4,16,2,922.74
1998,4,16,2,1218.22
1999,4,16,2,1156.32
2000,4,16,2,1230.27
2001,4,16,2,1132.04
2002,4,16,2,1088.06
2003,4,16,2,1110.76
2004,4,16,2,1461.26
2005,4,16,2,1379.29
2006,4,16,2,1490.21
2007,4,16,2,1320.49
2008,4,16,2,1902.47
2009,4,16,2,1581.96
2010,4,16,2,1161.31
2011,4,16,2,827.037
2012,4,16,2,454.278
2013,4,16,2,646.44
2014,4,16,2,513.207
2015,4,16,2,1226.56
2016,4,16,2,729.774
2017,4,16,2,204.723
2018,4,16,2,682.737
2019,4,16,2,240.705
2020,4,16,2,163.785
2021,4,16,2,136.467
2022,4,16,2,160.236
2023,4,16,2,215.53
2024,4,16,2,216.641
1952,4,17,2,0
1953,4,17,2,0
1954,4,17,2,0
1955,4,17,2,0
1956,4,17,2,0
1957,4,17,2,0
1958,4,17,2,0
1959,4,17,2,0
1960,4,17,2,0
1961,4,17,2,0
1962,4,17,2,0
1963,4,17,2,0
1964,4,17,2,0
1965,4,17,2,0
1966,4,17,2,0
1967,4,17,2,0
1968,4,17,2,0
1969,4,17,2,0
1970,4,17,2,0
1971,4,17,2,0
1972,4,17,2,0
1973,4,17,2,0
1974,4,17,2,0
1975,4,17,2,0
1976,4,17,2,0
1977,4,17,2,0
1978,4,17,2,0
1979,4,17,2,0
1980,4,17,2,2.55
1981,4,17,2,10.23
1982,4,17,2,11.1
1983,4,17,2,17.64
1984,4,17,2,19.2
1985,4,17,2,16.14
1986,4,17,2,21.75
1987,4,17,2,24.72
1988,4,17,2,23.82
1989,4,17,2,31.81
1990,4,17,2,36.55
1991,4,17,2,37.32
1992,4,17,2,42.93
1993,4,17,2,39.3
1994,4,17,2,43.62
1995,4,17,2,46.47
1996,4,17,2,72.12
1997,4,17,2,53.67
1998,4,17,2,70.85
1999,4,17,2,67.23
2000,4,17,2,71.54
2001,4,17,2,65.81
2002,4,17,2,63.26
2003,4,17,2,64.51
2004,4,17,2,84.98
2005,4,17,2,57.72
2006,4,17,2,62.67
2007,4,17,2,49.39
2008,4,17,2,79.68
2009,4,17,2,109.36
2010,4,17,2,76.44
2011,4,17,2,65.49
2012,4,17,2,72.77
2013,4,17,2,169.02
2014,4,17,2,77.03
2015,4,17,2,76.83
2016,4,17,2,119.19
2017,4,17,2,40.16
2018,4,17,2,49.06
2019,4,17,2,52.18
2020,4,17,2,88.218
2021,4,17,2,53.025
2022,4,17,2,112.241
2023,4,17,2,104.895
2024,4,17,2,91.278
1952,4,18,2,0
1953,4,18,2,0
1954,4,18,2,0
1955,4,18,2,0
1956,4,18,2,0
1957,4,18,2,0
1958,4,18,2,0
1959,4,18,2,0
1960,4,18,2,0
1961,4,18,2,0
1962,4,18,2,0
1963,4,18,2,0
1964,4,18,2,0
1965,4,18,2,0
1966,4,18,2,0
1967,4,18,2,0
1968,4,18,2,0
1969,4,18,2,0
1970,4,18,2,49.518
1971,4,18,2,51.996
1972,4,18,2,55.986
1973,4,18,2,65.394
1974,4,18,2,75.894
1975,4,18,2,76.608
1976,4,18,2,69.006
1977,4,18,2,118.398
1978,4,18,2,55.986
1979,4,18,2,71.82
1980,4,18,2,65.982
1981,4,18,2,166.404
1982,4,18,2,181.482
1983,4,18,2,219.786
1984,4,18,2,214.284
1985,4,18,2,183.582
1986,4,18,2,179.886
1987,4,18,2,179.382
1988,4,18,2,175.812
1989,4,18,2,203.616
1990,4,18,2,286.398
1991,4,18,2,262.92
1992,4,18,2,199.08
1993,4,18,2,113.61
1994,4,18,2,221.088
1995,4,18,2,282.618
1996,4,18,2,266.112
1997,4,18,2,465.192
1998,4,18,2,547.68
1999,4,18,2,270.018
2000,4,18,2,476.616
2001,4,18,2,386.61
2002,4,18,2,315.504
2003,4,18,2,436.198
2004,4,18,2,577.799
2005,4,18,2,742.182
2006,4,18,2,723.282
2007,4,18,2,696.49
2008,4,18,2,680.904
2009,4,18,2,428.904
2010,4,18,2,252.084
2011,4,18,2,123.606
2012,4,18,2,154.196
2013,4,18,2,119.49
2014,4,18,2,119.49
2015,4,18,2,247.254
2016,4,18,2,108.234
2017,4,18,2,263.508
2018,4,18,2,512.274
2019,4,18,2,623.272
2020,4,18,2,30.717
2021,4,18,2,21.815
2022,4,18,2,19.147
2023,4,18,2,91.263
2024,4,18,2,34.922
1952,4,19,2,0
1953,4,19,2,0
1954,4,19,2,0
1955,4,19,2,0
1956,4,19,2,0
1957,4,19,2,0
1958,4,19,2,0
1959,4,19,2,0
1960,4,19,2,0
1961,4,19,2,0
1962,4,19,2,0
1963,4,19,2,0
1964,4,19,2,0
1965,4,19,2,0
1966,4,19,2,0
1967,4,19,2,0
1968,4,19,2,0
1969,4,19,2,0.834
1970,4,19,2,3.054
1971,4,19,2,0.548
1972,4,19,2,2.327
1973,4,19,2,1.708
1974,4,19,2,27.946
1975,4,19,2,56.549
1976,4,19,2,8.003
1977,4,19,2,82.404
1978,4,19,2,103.774
1979,4,19,2,67.508
1980,4,19,2,109.649
1981,4,19,2,55.751
1982,4,19,2,3.575
1983,4,19,2,56
1984,4,19,2,59.88
1985,4,19,2,467.711
1986,4,19,2,67.158
1987,4,19,2,22.394
1988,4,19,2,181.74
1989,4,19,2,54.668
1990,4,19,2,60.431
1991,4,19,2,75.617
1992,4,19,2,298.496
1993,4,19,2,111.482
1994,4,19,2,0.704
1995,4,19,2,92.281
1996,4,19,2,759.841
1997,4,19,2,4.262
1998,4,19,2,1.642
1999,4,19,2,74.298
2000,4,19,2,36.424
2001,4,19,2,1.412
2002,4,19,2,2.257
2003,4,19,2,0.661
2004,4,19,2,33.466
2005,4,19,2,25.645
2006,4,19,2,17.895
2007,4,19,2,1.996
2008,4,19,2,3.601
2009,4,19,2,0
2010,4,19,2,0
2011,4,19,2,4.904
2012,4,19,2,0
2013,4,19,2,0
2014,4,19,2,0
2015,4,19,2,0
2016,4,19,2,0
2017,4,19,2,7.709
2018,4,19,2,12.495
2019,4,19,2,2.165
2020,4,19,2,1.52
2021,4,19,2,2.087
2022,4,19,2,65.491
2023,4,19,2,0
2024,4,19,2,0
1952,4,20,2,0
1953,4,20,2,0
1954,4,20,2,0
1955,4,20,2,0
1956,4,20,2,0
1957,4,20,2,0
1958,4,20,2,0
1959,4,20,2,0
1960,4,20,2,0
1961,4,20,2,0
1962,4,20,2,0
1963,4,20,2,0
1964,4,20,2,0
1965,4,20,2,0
1966,4,20,2,0
1967,4,20,2,0
1968,4,20,2,1.651
1969,4,20,2,0
1970,4,20,2,0
1971,4,20,2,0
1972,4,20,2,0
1973,4,20,2,0
1974,4,20,2,0
1975,4,20,2,0
1976,4,20,2,0
1977,4,20,2,0.807
1978,4,20,2,7.129
1979,4,20,2,3.962
1980,4,20,2,0
1981,4,20,2,4.658
1982,4,20,2,0
1983,4,20,2,5.146
1984,4,20,2,0.703
1985,4,20,2,97.342
1986,4,20,2,0.788
1987,4,20,2,2.357
1988,4,20,2,1.541
1989,4,20,2,3.029
1990,4,20,2,42.849
1991,4,20,2,24.945
1992,4,20,2,62.124
1993,4,20,2,78.217
1994,4,20,2,0
1995,4,20,2,19.595
1996,4,20,2,28.101
1997,4,20,2,0
1998,4,20,2,0
1999,4,20,2,1.004
2000,4,20,2,67.573
2001,4,20,2,75.515
2002,4,20,2,76.025
2003,4,20,2,85.84
2004,4,20,2,117.045
2005,4,20,2,94.443
2006,4,20,2,82.948
2007,4,20,2,112.192
2008,4,20,2,117.525
2009,4,20,2,69.53
2010,4,20,2,79.166
2011,4,20,2,165.882
2012,4,20,2,222.644
2013,4,20,2,204.676
2014,4,20,2,400.724
2015,4,20,2,309.721
2016,4,20,2,670.495
2017,4,20,2,686.238
2018,4,20,2,621.671
2019,4,20,2,178.338
2020,4,20,2,213.335
2021,4,20,2,223.833
2022,4,20,2,191.849
2023,4,20,2,229.868
2024,4,20,2,10.788
1952,4,21,2,0
1953,4,21,2,0
1954,4,21,2,0
1955,4,21,2,0
1956,4,21,2,0
1957,4,21,2,0
1958,4,21,2,0
1959,4,21,2,0
1960,4,21,2,0
1961,4,21,2,0
1962,4,21,2,0
1963,4,21,2,0
1964,4,21,2,0
1965,4,21,2,0
1966,4,21,2,0
1967,4,21,2,0
1968,4,21,2,0
1969,4,21,2,0
1970,4,21,2,137.505
1971,4,21,2,142.5
1972,4,21,2,225
1973,4,21,2,255
1974,4,21,2,254.253
1975,4,21,2,276.495
1976,4,21,2,188.253
1977,4,21,2,256.752
1978,4,21,2,205.752
1979,4,21,2,286.995
1980,4,21,2,185.418
1981,4,21,2,284.265
1982,4,21,2,314.415
1983,4,21,2,326.868
1984,4,21,2,452.319
1985,4,21,2,487.608
1986,4,21,2,637.017
1987,4,21,2,715.002
1988,4,21,2,814.449
1989,4,21,2,954.71
1990,4,21,2,755.753
1991,4,21,2,772.7
1992,4,21,2,888.564
1993,4,21,2,813.693
1994,4,21,2,902.613
1995,4,21,2,962.073
1996,4,21,2,1492.93
1997,4,21,2,1110.78
1998,4,21,2,1466.69
1999,4,21,2,1391.96
2000,4,21,2,1480.96
2001,4,21,2,1362.69
2002,4,21,2,1309.74
2003,4,21,2,1336.19
2004,4,21,2,1759.26
2005,4,21,2,376.05
2006,4,21,2,416.123
2007,4,21,2,372.564
2008,4,21,2,535.801
2009,4,21,2,756.342
2010,4,21,2,555.567
2011,4,21,2,1043.07
2012,4,21,2,2553.53
2013,4,21,2,3109.19
2014,4,21,2,2988.99
2015,4,21,2,2583.89
2016,4,21,2,4473.88
2017,4,21,2,1836.01
2018,4,21,2,2424.29
2019,4,21,2,2898.7
2020,4,21,2,4113.27
2021,4,21,2,4019.68
2022,4,21,2,5236.9
2023,4,21,2,6582.73
2024,4,21,2,6226.81
1952,4,22,2,0
1953,4,22,2,0
1954,4,22,2,0
1955,4,22,2,0
1956,4,22,2,0
1957,4,22,2,0
1958,4,22,2,0
1959,4,22,2,0
1960,4,22,2,0
1961,4,22,2,0
1962,4,22,2,0
1963,4,22,2,0
1964,4,22,2,0
1965,4,22,2,0
1966,4,22,2,0
1967,4,22,2,0
1968,4,22,2,0
1969,4,22,2,0
1970,4,22,2,636.987
1971,4,22,2,707.751
1972,4,22,2,738.498
1973,4,22,2,881.136
1974,4,22,2,1024.12
1975,4,22,2,1043.68
1976,4,22,2,886.269
1977,4,22,2,1287.1
1978,4,22,2,780.747
1979,4,22,2,902.826
1980,4,22,2,878.238
1981,4,22,2,1095.81
1982,4,22,2,971.25
1983,4,22,2,1198.19
1984,4,22,2,1140.98
1985,4,22,2,1276.67
1986,4,22,2,1202.33
1987,4,22,2,960.397
1988,4,22,2,1095.95
1989,4,22,2,1211.9
1990,4,22,2,1755.56
1991,4,22,2,1957.6
1992,4,22,2,971.907
1993,4,22,2,855.909
1994,4,22,2,1470.65
1995,4,22,2,1641.38
1996,4,22,2,1618.88
1997,4,22,2,1562.31
1998,4,22,2,1831.07
1999,4,22,2,1454.27
2000,4,22,2,1848.1
2001,4,22,2,1595.15
2002,4,22,2,1585.95
2003,4,22,2,2157.04
2004,4,22,2,2374.99
2005,4,22,2,2008.57
2006,4,22,2,2184.41
2007,4,22,2,2254.71
2008,4,22,2,2084.07
2009,4,22,2,1452.1
2010,4,22,2,873.891
2011,4,22,2,480.387
2012,4,22,2,655.837
2013,4,22,2,401.671
2014,4,22,2,547.347
2015,4,22,2,360.507
2016,4,22,2,430.839
2017,4,22,2,541.998
2018,4,22,2,308.823
2019,4,22,2,421.077
2020,4,22,2,540.576
2021,4,22,2,276
2022,4,22,2,378
2023,4,22,2,801.219
2024,4,22,2,364.371
1952,4,23,2,0
1953,4,23,2,0
1954,4,23,2,0
1955,4,23,2,0
1956,4,23,2,0
1957,4,23,2,0
1958,4,23,2,0
1959,4,23,2,0
1960,4,23,2,0
1961,4,23,2,0
1962,4,23,2,0
1963,4,23,2,0
1964,4,23,2,0
1965,4,23,2,0
1966,4,23,2,0
1967,4,23,2,0
1968,4,23,2,0
1969,4,23,2,0
1970,4,23,2,0
1971,4,23,2,0
1972,4,23,2,0
1973,4,23,2,0
1974,4,23,2,0
1975,4,23,2,0
1976,4,23,2,0
1977,4,23,2,0
1978,4,23,2,0
1979,4,23,2,0
1980,4,23,2,0
1981,4,23,2,0
1982,4,23,2,0
1983,4,23,2,0
1984,4,23,2,0
1985,4,23,2,0
1986,4,23,2,0
1987,4,23,2,0
1988,4,23,2,0
1989,4,23,2,0
1990,4,23,2,0
1991,4,23,2,0
1992,4,23,2,0
1993,4,23,2,0
1994,4,23,2,0
1995,4,23,2,0
1996,4,23,2,0
1997,4,23,2,0
1998,4,23,2,0
1999,4,23,2,0
2000,4,23,2,140.713
2001,4,23,2,148.147
2002,4,23,2,157.683
2003,4,23,2,156.742
2004,4,23,2,211.558
2005,4,23,2,251.101
2006,4,23,2,251.706
2007,4,23,2,259.574
2008,4,23,2,239.105
2009,4,23,2,219.666
2010,4,23,2,203.234
2011,4,23,2,297.959
2012,4,23,2,333.323
2013,4,23,2,294.934
2014,4,23,2,551.638
2015,4,23,2,472.418
2016,4,23,2,987.611
2017,4,23,2,774.261
2018,4,23,2,731.267
2019,4,23,2,228.921
2020,4,23,2,243.237
2021,4,23,2,272.028
2022,4,23,2,198.739
2023,4,23,2,246.338
2024,4,23,2,19.853
1952,4,24,3,0
1953,4,24,3,0
1954,4,24,3,0
1955,4,24,3,0
1956,4,24,3,0
1957,4,24,3,0
1958,4,24,3,0
1959,4,24,3,0
1960,4,24,3,0
1961,4,24,3,0
1962,4,24,3,0
1963,4,24,3,0
1964,4,24,3,0
1965,4,24,3,0
1966,4,24,3,0
1967,4,24,3,0
1968,4,24,3,0
1969,4,24,3,0
1970,4,24,3,0
1971,4,24,3,0
1972,4,24,3,413.02
1973,4,24,3,44.07
1974,4,24,3,33.4
1975,4,24,3,125.4
1976,4,24,3,286.4
1977,4,24,3,409.77
1978,4,24,3,116.33
1979,4,24,3,201.2
1980,4,24,3,159.9
1981,4,24,3,29.1
1982,4,24,3,192.9
1983,4,24,3,34.5
1984,4,24,3,32.8
1985,4,24,3,165.5
1986,4,24,3,42.4
1987,4,24,3,46.2
1988,4,24,3,38.7
1989,4,24,3,29.6
1990,4,24,3,12.4
1991,4,24,3,22.2
1992,4,24,3,15.6
1993,4,24,3,19
1994,4,24,3,38
1995,4,24,3,34.3
1996,4,24,3,16
1997,4,24,3,7
1998,4,24,3,2
1999,4,24,3,5
2000,4,24,3,0
2001,4,24,3,0
2002,4,24,3,28.4
2003,4,24,3,8.5
2004,4,24,3,10
2005,4,24,3,5
2006,4,24,3,0
2007,4,24,3,14
2008,4,24,3,4.6
2009,4,24,3,29
2010,4,24,3,6.8
2011,4,24,3,1.2
2012,4,24,3,17.8
2013,4,24,3,5.4
2014,4,24,3,0
2015,4,24,3,0
2016,4,24,3,13.777
2017,4,24,3,0
2018,4,24,3,0
2019,4,24,3,26.1
2020,4,24,3,0
2021,4,24,3,0.6
2022,4,24,3,0
2023,4,24,3,0
2024,4,24,3,0
1952,4,25,3,0
1953,4,25,3,0
1954,4,25,3,0
1955,4,25,3,0
1956,4,25,3,0
1957,4,25,3,0
1958,4,25,3,0
1959,4,25,3,0
1960,4,25,3,0
1961,4,25,3,0
1962,4,25,3,0
1963,4,25,3,0
1964,4,25,3,0
1965,4,25,3,0
1966,4,25,3,0
1967,4,25,3,0
1968,4,25,3,6.948
1969,4,25,3,0
1970,4,25,3,2.607
1971,4,25,3,14.8
1972,4,25,3,12.501
1973,4,25,3,14.562
1974,4,25,3,78.514
1975,4,25,3,211.285
1976,4,25,3,554.738
1977,4,25,3,351.702
1978,4,25,3,598.615
1979,4,25,3,456.044
1980,4,25,3,765.458
1981,4,25,3,2961.68
1982,4,25,3,5230.3
1983,4,25,3,7137.31
1984,4,25,3,6464.91
1985,4,25,3,4277.14
1986,4,25,3,6953.14
1987,4,25,3,10438.6
1988,4,25,3,5621.11
1989,4,25,3,8871.33
1990,4,25,3,10385.6
1991,4,25,3,10456.2
1992,4,25,3,9890.96
1993,4,25,3,8734.41
1994,4,25,3,8951.96
1995,4,25,3,4039.81
1996,4,25,3,6791.66
1997,4,25,3,11473.1
1998,4,25,3,12391.5
1999,4,25,3,17188.2
2000,4,25,3,10360.4
2001,4,25,3,11579
2002,4,25,3,7368.95
2003,4,25,3,14062.5
2004,4,25,3,16011.5
2005,4,25,3,15909.1
2006,4,25,3,13974.9
2007,4,25,3,15095
2008,4,25,3,9098.49
2009,4,25,3,13563.8
2010,4,25,3,15074.1
2011,4,25,3,14534.5
2012,4,25,3,15561.5
2013,4,25,3,17264.7
2014,4,25,3,11146
2015,4,25,3,7099.2
2016,4,25,3,17553.9
2017,4,25,3,7295.87
2018,4,25,3,10518.2
2019,4,25,3,6597.27
2020,4,25,3,13317.4
2021,4,25,3,6242.53
2022,4,25,3,12801.9
2023,4,25,3,8621.79
2024,4,25,3,7239.39
1952,4,26,4,0
1953,4,26,4,0
1954,4,26,4,0
1955,4,26,4,0
1956,4,26,4,0
1957,4,26,4,0
1958,4,26,4,0
1959,4,26,4,0
1960,4,26,4,0
1961,4,26,4,0
1962,4,26,4,0
1963,4,26,4,0
1964,4,26,4,0
1965,4,26,4,0
1966,4,26,4,0
1967,4,26,4,0
1968,4,26,4,0
1969,4,26,4,0
1970,4,26,4,0
1971,4,26,4,0
1972,4,26,4,0
1973,4,26,4,0
1974,4,26,4,0
1975,4,26,4,0
1976,4,26,4,0
1977,4,26,4,0
1978,4,26,4,0
1979,4,26,4,0
1980,4,26,4,0
1981,4,26,4,0
1982,4,26,4,275.34
1983,4,26,4,54.255
1984,4,26,4,0
1985,4,26,4,4.617
1986,4,26,4,0
1987,4,26,4,21.234
1988,4,26,4,0
1989,4,26,4,0
1990,4,26,4,45.783
1991,4,26,4,0
1992,4,26,4,0.761
1993,4,26,4,0
1994,4,26,4,79.218
1995,4,26,4,0
1996,4,26,4,709.748
1997,4,26,4,334.084
1998,4,26,4,260.977
1999,4,26,4,2810.51
2000,4,26,4,3038.47
2001,4,26,4,409.985
2002,4,26,4,943.226
2003,4,26,4,1414.92
2004,4,26,4,691.811
2005,4,26,4,1348.6
2006,4,26,4,1361.42
2007,4,26,4,1749.24
2008,4,26,4,3763.28
2009,4,26,4,3373.49
2010,4,26,4,4023.91
2011,4,26,4,3337.06
2012,4,26,4,3954.26
2013,4,26,4,4644.24
2014,4,26,4,2937.77
2015,4,26,4,2349.55
2016,4,26,4,4963.57
2017,4,26,4,5766.7
2018,4,26,4,6040.53
2019,4,26,4,5468.26
2020,4,26,4,5504.18
2021,4,26,4,4558.13
2022,4,26,4,5098.37
2023,4,26,4,8833.79
2024,4,26,4,6280.45
1952,4,27,3,0
1953,4,27,3,0
1954,4,27,3,0
1955,4,27,3,0
1956,4,27,3,0
1957,4,27,3,0
1958,4,27,3,0
1959,4,27,3,0
1960,4,27,3,0
1961,4,27,3,0
1962,4,27,3,0
1963,4,27,3,0
1964,4,27,3,0
1965,4,27,3,0
1966,4,27,3,0
1967,4,27,3,1.451
1968,4,27,3,5.047
1969,4,27,3,0
1970,4,27,3,0
1971,4,27,3,0
1972,4,27,3,0
1973,4,27,3,0.67
1974,4,27,3,1.573
1975,4,27,3,1.07
1976,4,27,3,0
1977,4,27,3,5.572
1978,4,27,3,1.777
1979,4,27,3,82.421
1980,4,27,3,9.602
1981,4,27,3,95.856
1982,4,27,3,262.353
1983,4,27,3,389.778
1984,4,27,3,335.653
1985,4,27,3,242.76
1986,4,27,3,841.614
1987,4,27,3,378.841
1988,4,27,3,605.621
1989,4,27,3,826.672
1990,4,27,3,610.431
1991,4,27,3,1468.92
1992,4,27,3,1709.76
1993,4,27,3,1503.87
1994,4,27,3,2305.9
1995,4,27,3,2216.01
1996,4,27,3,501.164
1997,4,27,3,2418.57
1998,4,27,3,2053.54
1999,4,27,3,855.093
2000,4,27,3,1504.3
2001,4,27,3,2114.87
2002,4,27,3,1936.76
2003,4,27,3,857.362
2004,4,27,3,1042.04
2005,4,27,3,834.21
2006,4,27,3,2022.83
2007,4,27,3,1663.4
2008,4,27,3,2014.94
2009,4,27,3,1565.1
2010,4,27,3,2435.92
2011,4,27,3,1024.57
2012,4,27,3,2678.45
2013,4,27,3,1939.73
2014,4,27,3,1815.63
2015,4,27,3,2706.73
2016,4,27,3,2182.45
2017,4,27,3,2137.13
2018,4,27,3,2873.69
2019,4,27,3,1857.23
2020,4,27,3,1552.3
2021,4,27,3,2278.86
2022,4,27,3,1099.53
2023,4,27,3,1198.94
2024,4,27,3,1588.32
1952,4,28,4,0
1953,4,28,4,0
1954,4,28,4,0
1955,4,28,4,0
1956,4,28,4,0
1957,4,28,4,0
1958,4,28,4,0
1959,4,28,4,0
1960,4,28,4,0
1961,4,28,4,0
1962,4,28,4,0
1963,4,28,4,0
1964,4,28,4,0
1965,4,28,4,0
1966,4,28,4,0
1967,4,28,4,0
1968,4,28,4,0
1969,4,28,4,0
1970,4,28,4,0
1971,4,28,4,0
1972,4,28,4,0
1973,4,28,4,0
1974,4,28,4,0
1975,4,28,4,0
1976,4,28,4,0
1977,4,28,4,0
1978,4,28,4,0
1979,4,28,4,0
1980,4,28,4,0
1981,4,28,4,0
1982,4,28,4,0
1983,4,28,4,2.015
1984,4,28,4,0
1985,4,28,4,13.84
1986,4,28,4,0
1987,4,28,4,3.648
1988,4,28,4,1.442
1989,4,28,4,0
1990,4,28,4,36.273
1991,4,28,4,11.841
1992,4,28,4,0
1993,4,28,4,3.33
1994,4,28,4,216.416
1995,4,28,4,1.264
1996,4,28,4,0
1997,4,28,4,38.099
1998,4,28,4,26.942
1999,4,28,4,2.028
2000,4,28,4,4.01
2001,4,28,4,0
2002,4,28,4,151.31
2003,4,28,4,0
2004,4,28,4,0
2005,4,28,4,324.328
2006,4,28,4,11.581
2007,4,28,4,2.136
2008,4,28,4,1.195
2009,4,28,4,93.633
2010,4,28,4,8.248
2011,4,28,4,180.199
2012,4,28,4,1.53
2013,4,28,4,111.902
2014,4,28,4,273.699
2015,4,28,4,333.428
2016,4,28,4,125.563
2017,4,28,4,38.948
2018,4,28,4,52.651
2019,4,28,4,0.593
2020,4,28,4,34.033
2021,4,28,4,3.488
2022,4,28,4,11.175
2023,4,28,4,209.796
2024,4,28,4,13.132
1952,4,29,1,9.36411e-06
1953,4,29,1,9.17774e-06
1954,4,29,1,9.27946e-06
1955,4,29,1,9.42612e-06
1956,4,29,1,9.77544e-06
1957,4,29,1,8.93342e-06
1958,4,29,1,7.24236e-06
1959,4,29,1,6.07527e-06
1960,4,29,1,6.50097e-06
1961,4,29,1,6.38925e-06
1962,4,29,1,5.92006e-06
1963,4,29,1,5.34102e-06
1964,4,29,1,5.24899e-06
1965,4,29,1,5.50842e-06
1966,4,29,1,5.4112e-06
1967,4,29,1,4.91781e-06
1968,4,29,1,5.04181e-06
1969,4,29,1,4.90396e-06
1970,4,29,1,4.41423e-06
1971,4,29,1,4.04588e-06
1972,4,29,1,3.42048e-06
1973,4,29,1,3.03058e-06
1974,4,29,1,2.75945e-06
1975,4,29,1,2.41301e-06
1976,4,29,1,2.35345e-06
1977,4,29,1,2.6666e-06
1978,4,29,1,2.65996e-06
1979,4,29,1,2.57995e-06
1980,4,29,1,2.31812e-06
1981,4,29,1,2.11405e-06
1982,4,29,1,2.07716e-06
1983,4,29,1,2.25678e-06
1984,4,29,1,2.38808e-06
1985,4,29,1,2.29932e-06
1986,4,29,1,2.13125e-06
1987,4,29,1,2.07009e-06
1988,4,29,1,1.83614e-06
1989,4,29,1,1.89941e-06
1990,4,29,1,2.06101e-06
1991,4,29,1,1.98536e-06
1992,4,29,1,1.8084e-06
1993,4,29,1,1.50575e-06
1994,4,29,1,1.45987e-06
1995,4,29,1,1.28039e-06
1996,4,29,1,1.28638e-06
1997,4,29,1,1.30376e-06
1998,4,29,1,1.33945e-06
1999,4,29,1,1.21955e-06
2000,4,29,1,1.13435e-06
2001,4,29,1,1.35479e-06
2002,4,29,1,1.59e-06
2003,4,29,1,1.54717e-06
2004,4,29,1,1.5383e-06
2005,4,29,1,1.41962e-06
2006,4,29,1,1.36085e-06
2007,4,29,1,1.25602e-06
2008,4,29,1,1.10351e-06
2009,4,29,1,1.11734e-06
2010,4,29,1,1.16684e-06
2011,4,29,1,1.22432e-06
2012,4,29,1,1.16821e-06
2013,4,29,1,1.26611e-06
2014,4,29,1,1.59053e-06
2015,4,29,1,1.70643e-06
2016,4,29,1,1.61469e-06
2017,4,29,1,1.67034e-06
2018,4,29,1,2.00533e-06
2019,4,29,1,2.24996e-06
2020,4,29,1,2.11708e-06
2021,4,29,1,1.81327e-06
2022,4,29,1,1.59491e-06
2023,4,29,1,1.22616e-06
2024,4,29,1,7.83174e-07
1952,4,30,2,3.91645e-06
1953,4,30,2,3.89002e-06
1954,4,30,2,3.94131e-06
1955,4,30,2,3.88727e-06
1956,4,30,2,4.02505e-06
1957,4,30,2,4.01487e-06
1958,4,30,2,4.14155e-06
1959,4,30,2,3.30638e-06
1960,4,30,2,2.78979e-06
1961,4,30,2,2.52682e-06
1962,4,30,2,2.67875e-06
1963,4,30,2,2.23939e-06
1964,4,30,2,2.03601e-06
1965,4,30,2,2.24152e-06
1966,4,30,2,2.08406e-06
1967,4,30,2,2.01982e-06
1968,4,30,2,1.59008e-06
1969,4,30,2,1.66389e-06
1970,4,30,2,1.75464e-06
1971,4,30,2,1.95763e-06
1972,4,30,2,2.16303e-06
1973,4,30,2,2.43987e-06
1974,4,30,2,2.03219e-06
1975,4,30,2,1.90183e-06
1976,4,30,2,1.84175e-06
1977,4,30,2,1.75885e-06
1978,4,30,2,2.01545e-06
1979,4,30,2,1.75295e-06
1980,4,30,2,1.57869e-06
1981,4,30,2,1.2889e-06
1982,4,30,2,1.22557e-06
1983,4,30,2,1.46801e-06
1984,4,30,2,1.61275e-06
1985,4,30,2,1.6334e-06
1986,4,30,2,1.68021e-06
1987,4,30,2,1.94115e-06
1988,4,30,2,2.45418e-06
1989,4,30,2,2.6843e-06
1990,4,30,2,2.50693e-06
1991,4,30,2,2.49103e-06
1992,4,30,2,2.03068e-06
1993,4,30,2,1.81438e-06
1994,4,30,2,1.62566e-06
1995,4,30,2,1.59589e-06
1996,4,30,2,1.30806e-06
1997,4,30,2,1.40883e-06
1998,4,30,2,1.45866e-06
1999,4,30,2,1.48011e-06
2000,4,30,2,1.07741e-06
2001,4,30,2,1.07723e-06
2002,4,30,2,1.07468e-06
2003,4,30,2,1.28347e-06
2004,4,30,2,1.18378e-06
2005,4,30,2,1.09916e-06
2006,4,30,2,9.1897e-07
2007,4,30,2,9.20184e-07
2008,4,30,2,7.43537e-07
2009,4,30,2,7.3148e-07
2010,4,30,2,7.64199e-07
2011,4,30,2,7.81133e-07
2012,4,30,2,6.47309e-07
2013,4,30,2,5.74681e-07
2014,4,30,2,5.47804e-07
2015,4,30,2,6.51353e-07
2016,4,30,2,6.70799e-07
2017,4,30,2,6.58037e-07
2018,4,30,2,6.67905e-07
2019,4,30,2,6.24308e-07
2020,4,30,2,6.29429e-07
2021,4,30,2,6.03065e-07
2022,4,30,2,6.05914e-07
2023,4,30,2,7.03573e-07
2024,4,30,2,5.59898e-07
1952,4,31,3,4.01869e-06
1953,4,31,3,3.96779e-06
1954,4,31,3,4.04737e-06
1955,4,31,3,3.97401e-06
1956,4,31,3,3.88497e-06
1957,4,31,3,4.46789e-06
1958,4,31,3,5.00589e-06
1959,4,31,3,3.89373e-06
1960,4,31,3,2.91511e-06
1961,4,31,3,2.88132e-06
1962,4,31,3,3.04518e-06
1963,4,31,3,2.98912e-06
1964,4,31,3,2.88909e-06
1965,4,31,3,2.8158e-06
1966,4,31,3,2.70861e-06
1967,4,31,3,2.62888e-06
1968,4,31,3,2.38278e-06
1969,4,31,3,2.66445e-06
1970,4,31,3,2.53204e-06
1971,4,31,3,2.61859e-06
1972,4,31,3,2.84765e-06
1973,4,31,3,2.66888e-06
1974,4,31,3,2.22387e-06
1975,4,31,3,2.53905e-06
1976,4,31,3,2.74872e-06
1977,4,31,3,2.536e-06
1978,4,31,3,3.0223e-06
1979,4,31,3,2.57336e-06
1980,4,31,3,2.35734e-06
1981,4,31,3,2.03471e-06
1982,4,31,3,2.00025e-06
1983,4,31,3,2.44104e-06
1984,4,31,3,2.78076e-06
1985,4,31,3,2.82614e-06
1986,4,31,3,2.57052e-06
1987,4,31,3,2.52766e-06
1988,4,31,3,2.61207e-06
1989,4,31,3,2.48624e-06
1990,4,31,3,2.65543e-06
1991,4,31,3,2.95116e-06
1992,4,31,3,2.56341e-06
1993,4,31,3,2.36746e-06
1994,4,31,3,2.27607e-06
1995,4,31,3,2.33531e-06
1996,4,31,3,2.3382e-06
1997,4,31,3,2.97101e-06
1998,4,31,3,2.60572e-06
1999,4,31,3,2.12784e-06
2000,4,31,3,1.72843e-06
2001,4,31,3,1.99596e-06
2002,4,31,3,1.8151e-06
2003,4,31,3,2.13534e-06
2004,4,31,3,1.78141e-06
2005,4,31,3,1.65823e-06
2006,4,31,3,1.52344e-06
2007,4,31,3,1.82097e-06
2008,4,31,3,1.78318e-06
2009,4,31,3,1.57163e-06
2010,4,31,3,1.60385e-06
2011,4,31,3,1.5435e-06
2012,4,31,3,1.44476e-06
2013,4,31,3,1.41091e-06
2014,4,31,3,1.53449e-06
2015,4,31,3,1.79783e-06
2016,4,31,3,1.83885e-06
2017,4,31,3,1.44686e-06
2018,4,31,3,1.28801e-06
2019,4,31,3,1.23245e-06
2020,4,31,3,1.43896e-06
2021,4,31,3,1.45303e-06
2022,4,31,3,1.52168e-06
2023,4,31,3,1.39647e-06
2024,4,31,3,1.23972e-06
1952,4,32,4,3.37821e-06
1953,4,32,4,3.29569e-06
1954,4,32,4,3.2843e-06
1955,4,32,4,3.32791e-06
1956,4,32,4,3.45439e-06
1957,4,32,4,3.72834e-06
1958,4,32,4,3.49069e-06
1959,4,32,4,2.96895e-06
1960,4,32,4,2.52543e-06
1961,4,32,4,2.43519e-06
1962,4,32,4,2.47795e-06
1963,4,32,4,2.42799e-06
1964,4,32,4,2.31503e-06
1965,4,32,4,2.46275e-06
1966,4,32,4,2.6213e-06
1967,4,32,4,2.54098e-06
1968,4,32,4,2.60207e-06
1969,4,32,4,2.88637e-06
1970,4,32,4,2.75662e-06
1971,4,32,4,2.67228e-06
1972,4,32,4,2.61232e-06
1973,4,32,4,2.29805e-06
1974,4,32,4,2.00639e-06
1975,4,32,4,1.93393e-06
1976,4,32,4,1.86667e-06
1977,4,32,4,1.88088e-06
1978,4,32,4,2.0687e-06
1979,4,32,4,1.82607e-06
1980,4,32,4,1.74086e-06
1981,4,32,4,1.61001e-06
1982,4,32,4,1.57197e-06
1983,4,32,4,1.80813e-06
1984,4,32,4,2.02183e-06
1985,4,32,4,2.00268e-06
1986,4,32,4,1.86508e-06
1987,4,32,4,1.59268e-06
1988,4,32,4,1.57144e-06
1989,4,32,4,1.62258e-06
1990,4,32,4,1.82323e-06
1991,4,32,4,1.87788e-06
1992,4,32,4,1.58155e-06
1993,4,32,4,1.43273e-06
1994,4,32,4,1.34016e-06
1995,4,32,4,1.56309e-06
1996,4,32,4,1.96441e-06
1997,4,32,4,2.30894e-06
1998,4,32,4,2.05982e-06
1999,4,32,4,2.03508e-06
2000,4,32,4,1.84625e-06
2001,4,32,4,1.67924e-06
2002,4,32,4,1.21614e-06
2003,4,32,4,1.37853e-06
2004,4,32,4,1.00409e-06
2005,4,32,4,1.1542e-06
2006,4,32,4,1.2336e-06
2007,4,32,4,1.21676e-06
2008,4,32,4,1.18888e-06
2009,4,32,4,8.9572e-07
2010,4,32,4,6.42594e-07
2011,4,32,4,8.01772e-07
2012,4,32,4,9.43271e-07
2013,4,32,4,8.73462e-07
2014,4,32,4,7.72852e-07
2015,4,32,4,8.41511e-07
2016,4,32,4,9.219e-07
2017,4,32,4,9.70214e-07
2018,4,32,4,8.62582e-07
2019,4,32,4,7.10663e-07
2020,4,32,4,8.32313e-07
2021,4,32,4,9.77182e-07
2022,4,32,4,9.30097e-07
2023,4,32,4,6.64347e-07
2024,4,32,4,4.8703e-07
1952,4,33,5,3.80408e-06
1953,4,33,5,3.93357e-06
1954,4,33,5,3.98317e-06
1955,4,33,5,3.90933e-06
1956,4,33,5,3.94044e-06
1957,4,33,5,4.30612e-06
1958,4,33,5,4.19774e-06
1959,4,33,5,3.97636e-06
1960,4,33,5,3.82639e-06
1961,4,33,5,3.67587e-06
1962,4,33,5,3.41007e-06
1963,4,33,5,3.21823e-06
1964,4,33,5,3.02393e-06
1965,4,33,5,2.87499e-06
1966,4,33,5,2.77165e-06
1967,4,33,5,2.62821e-06
1968,4,33,5,2.6239e-06
1969,4,33,5,2.54335e-06
1970,4,33,5,2.47202e-06
1971,4,33,5,2.52268e-06
1972,4,33,5,2.56299e-06
1973,4,33,5,2.37878e-06
1974,4,33,5,2.43808e-06
1975,4,33,5,2.54336e-06
1976,4,33,5,2.37246e-06
1977,4,33,5,2.43292e-06
1978,4,33,5,2.34694e-06
1979,4,33,5,2.30542e-06
1980,4,33,5,2.17896e-06
1981,4,33,5,2.03467e-06
1982,4,33,5,2.06306e-06
1983,4,33,5,2.1071e-06
1984,4,33,5,2.20371e-06
1985,4,33,5,2.18704e-06
1986,4,33,5,2.25364e-06
1987,4,33,5,2.38103e-06
1988,4,33,5,2.29842e-06
1989,4,33,5,2.34533e-06
1990,4,33,5,2.52633e-06
1991,4,33,5,2.64221e-06
1992,4,33,5,2.66997e-06
1993,4,33,5,2.67668e-06
1994,4,33,5,2.76817e-06
1995,4,33,5,2.48655e-06
1996,4,33,5,2.61806e-06
1997,4,33,5,2.64731e-06
1998,4,33,5,2.53283e-06
1999,4,33,5,2.33727e-06
2000,4,33,5,2.36457e-06
2001,4,33,5,2.12169e-06
2002,4,33,5,2.22939e-06
2003,4,33,5,2.09308e-06
2004,4,33,5,2.0845e-06
2005,4,33,5,1.85617e-06
2006,4,33,5,2.06575e-06
2007,4,33,5,2.01681e-06
2008,4,33,5,1.86238e-06
2009,4,33,5,1.7952e-06
2010,4,33,5,1.74867e-06
2011,4,33,5,1.71413e-06
2012,4,33,5,1.54525e-06
2013,4,33,5,1.55388e-06
2014,4,33,5,1.6543e-06
2015,4,33,5,1.6609e-06
2016,4,33,5,1.5095e-06
2017,4,33,5,1.45579e-06
2018,4,33,5,1.38796e-06
2019,4,33,5,1.34018e-06
2020,4,33,5,1.32262e-06
2021,4,33,5,1.48153e-06
2022,4,33,5,1.48006e-06
2023,4,33,5,1.42653e-06
2024,4,33,5,1.36963e-06
