year,area,age,f
1952,1,1,6.8306541e-11
1952,1,2,0.003160992783
1952,1,3,0.013008567
1952,1,4,0.020245843
1952,1,5,0.027046822
1952,1,6,0.026023123
1952,1,7,0.025084509
1952,1,8,0.027766697
1952,1,9,0.03232589
1952,1,10,0.036835108
1952,1,11,0.040414703
1952,1,12,0.042951401
1952,1,13,0.04454931
1952,1,14,0.045367158
1952,1,15,0.04559038
1952,1,16,0.045434971
1952,1,17,0.045091603
1952,1,18,0.044668791
1952,1,19,0.044229359
1952,1,20,0.043809815
1952,1,21,0.043429376
1952,1,22,0.04309615
1952,1,23,0.042811508
1952,1,24,0.042572996
1952,1,25,0.04237626
1952,1,26,0.042218542
1952,1,27,0.042090763
1952,1,28,0.041988503
1952,1,29,0.041907717
1952,1,30,0.041844875
1952,1,31,0.041797886
1952,1,32,0.04176139
1952,1,33,0.041733559
1952,1,34,0.04171285
1952,1,35,0.041697968
1952,1,36,0.041687775
1952,1,37,0.041681382
1952,1,38,0.041681382
1952,1,39,0.041681382
1952,1,40,0.041681382
1953,1,1,5.6330834e-11
1953,1,2,0.003680696356
1953,1,3,0.01071333
1953,1,4,0.018712525
1953,1,5,0.0260011
1953,1,6,0.024285878
1953,1,7,0.022235393
1953,1,8,0.023653833
1953,1,9,0.026980016
1953,1,10,0.030407266
1953,1,11,0.033082681
1953,1,12,0.034885344
1953,1,13,0.035899974
1953,1,14,0.036271064
1953,1,15,0.036174866
1953,1,16,0.035820077
1953,1,17,0.03538402
1953,1,18,0.0349485283
1953,1,19,0.0345465415
1953,1,20,0.0341915108
1953,1,21,0.0338868654
1953,1,22,0.0336308832
1953,1,23,0.0334192811
1953,1,24,0.0332466982
1953,1,25,0.0331076263
1953,1,26,0.0329982153
1953,1,27,0.0329114669
1953,1,28,0.0328435114
1953,1,29,0.0327910608
1953,1,30,0.0327513159
1953,1,31,0.0327231101
1953,1,32,0.0327012807
1953,1,33,0.0326846847
1953,1,34,0.032672377
1953,1,35,0.0326635332
1953,1,36,0.0326575059
1953,1,37,0.0326537091
1953,1,38,0.0326537091
1953,1,39,0.0326537091
1953,1,40,0.0326537091
1954,1,1,4.4295129e-11
1954,1,2,0.002854232843
1954,1,3,0.0073909385
1954,1,4,0.0135438405
1954,1,5,0.019282439
1954,1,6,0.018516929
1954,1,7,0.017846413
1954,1,8,0.019778035
1954,1,9,0.022830004
1954,1,10,0.025548255
1954,1,11,0.027370429
1954,1,12,0.028362947
1954,1,13,0.028722624
1954,1,14,0.028641685
1954,1,15,0.028294841
1954,1,16,0.027854071
1954,1,17,0.027451102
1954,1,18,0.027125683
1954,1,19,0.026872423
1954,1,20,0.026680019
1954,1,21,0.026536789
1954,1,22,0.026432263
1954,1,23,0.026357588
1954,1,24,0.026305502
1954,1,25,0.026270266
1954,1,26,0.026248197
1954,1,27,0.026234579
1954,1,28,0.026226975
1954,1,29,0.026223616
1954,1,30,0.026223205
1954,1,31,0.026225698
1954,1,32,0.026227943
1954,1,33,0.02622986
1954,1,34,0.026231406
1954,1,35,0.02623259
1954,1,36,0.02623342
1954,1,37,0.026233964
1954,1,38,0.026233964
1954,1,39,0.026233964
1954,1,40,0.026233964
1955,1,1,6.8467905e-11
1955,1,2,0.004380663518
1955,1,3,0.009164681
1955,1,4,0.0184126279
1955,1,5,0.02697476
1955,1,6,0.025713425
1955,1,7,0.024615464
1955,1,8,0.027562448
1955,1,9,0.032601569
1955,1,10,0.037646315
1955,1,11,0.041735798
1955,1,12,0.044704153
1955,1,13,0.04661078
1955,1,14,0.047601218
1955,1,15,0.047878657
1955,1,16,0.047699581
1955,1,17,0.047293061
1955,1,18,0.046789674
1955,1,19,0.046266127
1955,1,20,0.045765501
1955,1,21,0.045310106
1955,1,22,0.044909382
1955,1,23,0.044565089
1955,1,24,0.044274653
1955,1,25,0.044033243
1955,1,26,0.043835674
1955,1,27,0.043675319
1955,1,28,0.043546772
1955,1,29,0.043445111
1955,1,30,0.043365994
1955,1,31,0.043307017
1955,1,32,0.043261104
1955,1,33,0.043226034
1955,1,34,0.043199892
1955,1,35,0.043181074
1955,1,36,0.043168199
1955,1,37,0.043160111
1955,1,38,0.043160111
1955,1,39,0.043160111
1955,1,40,0.043160111
1956,1,1,8.4317895e-11
1956,1,2,0.006633265894
1956,1,3,0.019071392
1956,1,4,0.033419482
1956,1,5,0.046285024
1956,1,6,0.042462135
1956,1,7,0.037430735
1956,1,8,0.038148106
1956,1,9,0.042030399
1956,1,10,0.046027541
1956,1,11,0.048739236
1956,1,12,0.050089863
1956,1,13,0.050339794
1956,1,14,0.049803711
1956,1,15,0.04880482
1956,1,16,0.047688509
1956,1,17,0.046721294
1956,1,18,0.045970266
1956,1,19,0.045408121
1956,1,20,0.044996722
1956,1,21,0.044701145
1956,1,22,0.044492716
1956,1,23,0.044348939
1956,1,24,0.044252582
1956,1,25,0.044190594
1956,1,26,0.04415568
1956,1,27,0.044136589
1956,1,28,0.044128467
1956,1,29,0.044127854
1956,1,30,0.044132287
1956,1,31,0.04414209
1956,1,32,0.044150302
1956,1,33,0.044156929
1956,1,34,0.044162062
1956,1,35,0.044165884
1956,1,36,0.044168557
1956,1,37,0.044170262
1956,1,38,0.044170262
1956,1,39,0.044170262
1956,1,40,0.044170262
1957,1,1,1.01392108e-10
1957,1,2,0.010882577998
1957,1,3,0.0190643177
1957,1,4,0.0415145279
1957,1,5,0.061367586
1957,1,6,0.055112266
1957,1,7,0.04681338
1957,1,8,0.046614762
1957,1,9,0.051040847
1957,1,10,0.055933313
1957,1,11,0.059316894
1957,1,12,0.060984324
1957,1,13,0.061184606
1957,1,14,0.060293375
1957,1,15,0.058748571
1957,1,16,0.057052783
1957,1,17,0.055597282
1957,1,18,0.054476437
1957,1,19,0.05364627
1957,1,20,0.053044592
1957,1,21,0.052615198
1957,1,22,0.052313098
1957,1,23,0.052103946
1957,1,24,0.051962137
1957,1,25,0.051868755
1957,1,26,0.051810164
1957,1,27,0.051776014
1957,1,28,0.051759098
1957,1,29,0.051754268
1957,1,30,0.051757876
1957,1,31,0.051770654
1957,1,32,0.051781291
1957,1,33,0.05178983
1957,1,34,0.051796447
1957,1,35,0.051801343
1957,1,36,0.05180477
1957,1,37,0.051806944
1957,1,38,0.051806944
1957,1,39,0.051806944
1957,1,40,0.051806944
1958,1,1,1.3912201e-10
1958,1,2,0.010724562117
1958,1,3,0.0190702881
1958,1,4,0.0413475188
1958,1,5,0.061624313
1958,1,6,0.057516874
1958,1,7,0.053002191
1958,1,8,0.057536993
1958,1,9,0.066934437
1958,1,10,0.076569459
1958,1,11,0.084271727
1958,1,12,0.089672422
1958,1,13,0.092906249
1958,1,14,0.094301968
1958,1,15,0.094316121
1958,1,16,0.093521687
1958,1,17,0.092415471
1958,1,18,0.091243635
1958,1,19,0.090122637
1958,1,20,0.089106428
1958,1,21,0.088215744
1958,1,22,0.087453239
1958,1,23,0.086811957
1958,1,24,0.086280208
1958,1,25,0.085844631
1958,1,26,0.085492033
1958,1,27,0.085209521
1958,1,28,0.08498593
1958,1,29,0.08481151
1958,1,30,0.084677863
1958,1,31,0.084581144
1958,1,32,0.084506028
1958,1,33,0.084448736
1958,1,34,0.084406097
1958,1,35,0.084375426
1958,1,36,0.084354442
1958,1,37,0.08434128
1958,1,38,0.08434128
1958,1,39,0.08434128
1958,1,40,0.08434128
1959,1,1,1.2911574e-10
1959,1,2,0.00286627008
1959,1,3,0.0056719815
1959,1,4,0.0120495168
1959,1,5,0.019560885
1959,1,6,0.024654594
1959,1,7,0.034190182
1959,1,8,0.048362244
1959,1,9,0.063334606
1959,1,10,0.076383497
1959,1,11,0.08673791
1959,1,12,0.094553385
1959,1,13,0.100152264
1959,1,14,0.103859401
1959,1,15,0.106006999
1959,1,16,0.106959662
1959,1,17,0.107068651
1959,1,18,0.106632266
1959,1,19,0.105897634
1959,1,20,0.105037201
1959,1,21,0.104160558
1959,1,22,0.103331345
1959,1,23,0.102582165
1959,1,24,0.101925985
1959,1,25,0.101364054
1959,1,26,0.100891265
1959,1,27,0.10049914
1959,1,28,0.100178158
1959,1,29,0.09991877
1959,1,30,0.099711958
1959,1,31,0.09955045
1959,1,32,0.099424503
1959,1,33,0.099328185
1959,1,34,0.099256341
1959,1,35,0.099204567
1959,1,36,0.099169113
1959,1,37,0.099146827
1959,1,38,0.099146827
1959,1,39,0.099146827
1959,1,40,0.099146827
1960,1,1,1.3575601e-10
1960,1,2,0.003775862942
1960,1,3,0.0076706847
1960,1,4,0.0159913833
1960,1,5,0.025391555
1960,1,6,0.030566254
1960,1,7,0.0403246
1960,1,8,0.055198035
1960,1,9,0.070565058
1960,1,10,0.08322248
1960,1,11,0.092429888
1960,1,12,0.098706068
1960,1,13,0.102720413
1960,1,14,0.105027973
1960,1,15,0.106085226
1960,1,16,0.106311324
1960,1,17,0.1060588
1960,1,18,0.105549587
1960,1,19,0.104923682
1960,1,20,0.10427484
1960,1,21,0.103659295
1960,1,22,0.10310602
1960,1,23,0.102626219
1960,1,24,0.102220502
1960,1,25,0.101883765
1960,1,26,0.101608565
1960,1,27,0.101386146
1960,1,28,0.101208442
1960,1,29,0.101068135
1960,1,30,0.100958827
1960,1,31,0.100876189
1960,1,32,0.10081232
1960,1,33,0.100763818
1960,1,34,0.100727849
1960,1,35,0.100702035
1960,1,36,0.100684415
1960,1,37,0.100673372
1960,1,38,0.100673372
1960,1,39,0.100673372
1960,1,40,0.100673372
1961,1,1,9.67591e-11
1961,1,2,0.00369358687
1961,1,3,0.0072843863
1961,1,4,0.0151931582
1961,1,5,0.023182388
1961,1,6,0.024591206
1961,1,7,0.027999982
1961,1,8,0.035798026
1961,1,9,0.045372695
1961,1,10,0.054403615
1961,1,11,0.061939868
1961,1,12,0.067808413
1961,1,13,0.072055882
1961,1,14,0.07482873
1961,1,15,0.076353316
1961,1,16,0.076930437
1961,1,17,0.07685784
1961,1,18,0.076377079
1961,1,19,0.075684913
1961,1,20,0.074913514
1961,1,21,0.074144893
1961,1,22,0.073425824
1961,1,23,0.07277977
1961,1,24,0.072215411
1961,1,25,0.071732654
1961,1,26,0.071326805
1961,1,27,0.070990212
1961,1,28,0.070714763
1961,1,29,0.070492321
1961,1,30,0.070315251
1961,1,31,0.070177711
1961,1,32,0.070070291
1961,1,33,0.06998804
1961,1,34,0.069926629
1961,1,35,0.069882331
1961,1,36,0.069851988
1961,1,37,0.069832907
1961,1,38,0.069832907
1961,1,39,0.069832907
1961,1,40,0.069832907
1962,1,1,9.9663614e-11
1962,1,2,0.00208330794
1962,1,3,0.0061015391
1962,1,4,0.0108633192
1962,1,5,0.016229297
1962,1,6,0.018988814
1962,1,7,0.024448342
1962,1,8,0.033682734
1962,1,9,0.044424258
1962,1,10,0.054733312
1962,1,11,0.063769098
1962,1,12,0.071217061
1962,1,13,0.076963619
1962,1,14,0.081036971
1962,1,15,0.083588646
1962,1,16,0.08487364
1962,1,17,0.085183593
1962,1,18,0.084825149
1962,1,19,0.084087091
1962,1,20,0.08317204
1962,1,21,0.082210763
1962,1,22,0.0812818
1962,1,23,0.080428055
1962,1,24,0.079669434
1962,1,25,0.079011608
1962,1,26,0.078452598
1962,1,27,0.077984135
1962,1,28,0.077597081
1962,1,29,0.077281621
1962,1,30,0.077028103
1962,1,31,0.076828127
1962,1,32,0.076671662
1962,1,33,0.076551658
1962,1,34,0.076461973
1962,1,35,0.07639723
1962,1,36,0.076352837
1962,1,37,0.076324911
1962,1,38,0.076324911
1962,1,39,0.076324911
1962,1,40,0.076324911
1963,1,1,1.2701136e-10
1963,1,2,0.00441833344
1963,1,3,0.0080152875
1963,1,4,0.0174717162
1963,1,5,0.027275199
1963,1,6,0.029932936
1963,1,7,0.035684386
1963,1,8,0.046918889
1963,1,9,0.060120547
1963,1,10,0.072337278
1963,1,11,0.082436999
1963,1,12,0.090270242
1963,1,13,0.095945405
1963,1,14,0.099676929
1963,1,15,0.101766861
1963,1,16,0.102603436
1963,1,17,0.102570575
1963,1,18,0.101985685
1963,1,19,0.101109967
1963,1,20,0.100120516
1963,1,21,0.099128003
1963,1,22,0.09819602
1963,1,23,0.09735672
1963,1,24,0.096622432
1963,1,25,0.095993649
1963,1,26,0.09546432
1963,1,27,0.095025094
1963,1,28,0.094665472
1963,1,29,0.094374905
1963,1,30,0.094143433
1963,1,31,0.093963358
1963,1,32,0.093822718
1963,1,33,0.093715059
1963,1,34,0.093634672
1963,1,35,0.093576717
1963,1,36,0.093537001
1963,1,37,0.093512025
1963,1,38,0.093512025
1963,1,39,0.093512025
1963,1,40,0.093512025
1964,1,1,9.1621731e-11
1964,1,2,0.002570025935
1964,1,3,0.0070301969
1964,1,4,0.0127607934
1964,1,5,0.018798231
1964,1,6,0.020602944
1964,1,7,0.024487506
1964,1,8,0.032168977
1964,1,9,0.04145956
1964,1,10,0.050395619
1964,1,11,0.058121256
1964,1,12,0.064374501
1964,1,13,0.06909731
1964,1,14,0.07235347
1964,1,15,0.074308394
1964,1,16,0.075214785
1964,1,17,0.075344949
1964,1,18,0.074957582
1964,1,19,0.074284738
1964,1,20,0.073486756
1964,1,21,0.072665769
1964,1,22,0.071882152
1964,1,23,0.071168024
1964,1,24,0.0705374
1964,1,25,0.06999325
1964,1,26,0.069532945
1964,1,27,0.069148519
1964,1,28,0.068831886
1964,1,29,0.068574605
1964,1,30,0.068368474
1964,1,31,0.068206701
1964,1,32,0.068080196
1964,1,33,0.067983223
1964,1,34,0.067910757
1964,1,35,0.067858474
1964,1,36,0.067822629
1964,1,37,0.06780008
1964,1,38,0.06780008
1964,1,39,0.06780008
1964,1,40,0.06780008
1965,1,1,6.976645e-11
1965,1,2,0.00315651304
1965,1,3,0.0079781263
1965,1,4,0.0148262543
1965,1,5,0.021472644
1965,1,6,0.021580991
1965,1,7,0.022578467
1965,1,8,0.027049689
1965,1,9,0.033085582
1965,1,10,0.038844783
1965,1,11,0.043542773
1965,1,12,0.047067821
1965,1,13,0.049493032
1965,1,14,0.050956254
1965,1,15,0.051640345
1965,1,16,0.051772848
1965,1,17,0.051566103
1965,1,18,0.051167099
1965,1,19,0.050681616
1965,1,20,0.050177441
1965,1,21,0.04969476
1965,1,22,0.049254967
1965,1,23,0.048867405
1965,1,24,0.048533975
1965,1,25,0.048252367
1965,1,26,0.048018905
1965,1,27,0.047826958
1965,1,28,0.047671135
1965,1,29,0.047546331
1965,1,30,0.04744779
1965,1,31,0.047372313
1965,1,32,0.047313464
1965,1,33,0.047268455
1965,1,34,0.047234892
1965,1,35,0.047210708
1965,1,36,0.047194147
1965,1,37,0.047183733
1965,1,38,0.047183733
1965,1,39,0.047183733
1965,1,40,0.047183733
1966,1,1,7.926323e-11
1966,1,2,0.00311253187
1966,1,3,0.0056832899
1966,1,4,0.0123190658
1966,1,5,0.0190762284
1966,1,6,0.020493193
1966,1,7,0.023713896
1966,1,8,0.030501808
1966,1,9,0.038510271
1966,1,10,0.04577524
1966,1,11,0.051580715
1966,1,12,0.055913208
1966,1,13,0.058920456
1966,1,14,0.060790413
1966,1,15,0.061741079
1966,1,16,0.062027713
1966,1,17,0.061888205
1966,1,18,0.061495742
1966,1,19,0.060979672
1966,1,20,0.060425493
1966,1,21,0.0598852
1966,1,22,0.059387449
1966,1,23,0.058945562
1966,1,24,0.058563355
1966,1,25,0.058239215
1966,1,26,0.057968643
1966,1,27,0.057745816
1966,1,28,0.057564638
1966,1,29,0.05741923
1966,1,30,0.057304179
1966,1,31,0.057215607
1966,1,32,0.057146578
1966,1,33,0.0570938
1966,1,34,0.057054441
1966,1,35,0.057026085
1966,1,36,0.057006664
1966,1,37,0.056994466
1966,1,38,0.056994466
1966,1,39,0.056994466
1966,1,40,0.056994466
1967,1,1,1.149495e-10
1967,1,2,0.00652105752
1967,1,3,0.0120299695
1967,1,4,0.0257395106
1967,1,5,0.038799393
1967,1,6,0.038394679
1967,1,7,0.039265688
1967,1,8,0.046359851
1967,1,9,0.056172444
1967,1,10,0.065376239
1967,1,11,0.072607981
1967,1,12,0.077774101
1967,1,13,0.081092562
1967,1,14,0.082867105
1967,1,15,0.083456072
1967,1,16,0.083279427
1967,1,17,0.082707354
1967,1,18,0.081955404
1967,1,19,0.081152145
1967,1,20,0.080372975
1967,1,21,0.07965847
1967,1,22,0.079026963
1967,1,23,0.078483155
1967,1,24,0.078023925
1967,1,25,0.077642069
1967,1,26,0.077328944
1967,1,27,0.077075007
1967,1,28,0.076871574
1967,1,29,0.076710763
1967,1,30,0.076585627
1967,1,31,0.076492125
1967,1,32,0.076419424
1967,1,33,0.076363956
1967,1,34,0.076322657
1967,1,35,0.076292939
1967,1,36,0.076272598
1967,1,37,0.076259828
1967,1,38,0.076259828
1967,1,39,0.076259828
1967,1,40,0.076259828
1968,1,1,8.363162e-11
1968,1,2,0.0060297245
1968,1,3,0.0126746803
1968,1,4,0.0253610679
1968,1,5,0.036887503
1968,1,6,0.034341486
1968,1,7,0.031437162
1968,1,8,0.033863458
1968,1,9,0.039296942
1968,1,10,0.045047643
1968,1,11,0.049795504
1968,1,12,0.053249974
1968,1,13,0.055432552
1968,1,14,0.056499596
1968,1,15,0.056698848
1968,1,16,0.056357289
1968,1,17,0.055766678
1968,1,18,0.055085637
1968,1,19,0.054401992
1968,1,20,0.053761918
1968,1,21,0.053187466
1968,1,22,0.052686493
1968,1,23,0.052258765
1968,1,24,0.051899549
1968,1,25,0.051602023
1968,1,26,0.051359358
1968,1,27,0.051162861
1968,1,28,0.05100574
1968,1,29,0.050881819
1968,1,30,0.050785727
1968,1,31,0.050714616
1968,1,32,0.050659247
1968,1,33,0.050616953
1968,1,34,0.050585425
1968,1,35,0.050562708
1968,1,36,0.050547176
1968,1,37,0.050537404
1968,1,38,0.050537404
1968,1,39,0.050537404
1968,1,40,0.050537404
1969,1,1,1.1082116e-10
1969,1,2,0.011101097
1969,1,3,0.019619535
1969,1,4,0.042513427
1969,1,5,0.062635642
1969,1,6,0.055768376
1969,1,7,0.04661715
1969,1,8,0.046111164
1969,1,9,0.051149232
1969,1,10,0.057547148
1969,1,11,0.063036361
1969,1,12,0.066971279
1969,1,13,0.069241693
1969,1,14,0.070012828
1969,1,15,0.069640642
1969,1,16,0.068633998
1969,1,17,0.06743934
1969,1,18,0.066261258
1969,1,19,0.065184414
1969,1,20,0.064237462
1969,1,21,0.063424101
1969,1,22,0.062736906
1969,1,23,0.062163793
1969,1,24,0.061691083
1969,1,25,0.061305167
1969,1,26,0.060993574
1969,1,27,0.06074441
1969,1,28,0.060547655
1969,1,29,0.060394651
1969,1,30,0.060277985
1969,1,31,0.06019475
1969,1,32,0.060129931
1969,1,33,0.060080419
1969,1,34,0.060043515
1969,1,35,0.060016946
1969,1,36,0.059998762
1969,1,37,0.059987333
1969,1,38,0.059987333
1969,1,39,0.059987333
1969,1,40,0.059987333
1970,1,1,1.2697805e-10
1970,1,2,0.010877315
1970,1,3,0.019878114
1970,1,4,0.042408261
1970,1,5,0.062393947
1970,1,6,0.056258313
1970,1,7,0.04841158
1970,1,8,0.049610142
1970,1,9,0.056653184
1970,1,10,0.065232179
1970,1,11,0.072943942
1970,1,12,0.078953172
1970,1,13,0.082996224
1970,1,14,0.085152322
1970,1,15,0.085752752
1970,1,16,0.085326004
1970,1,17,0.08436813
1970,1,18,0.083172917
1970,1,19,0.081925493
1970,1,20,0.08072725
1970,1,21,0.079630175
1970,1,22,0.078657135
1970,1,23,0.077813775
1970,1,24,0.077095709
1970,1,25,0.076493396
1970,1,26,0.075995208
1970,1,27,0.075587771
1970,1,28,0.075258808
1970,1,29,0.074996965
1970,1,30,0.074791955
1970,1,31,0.074638038
1970,1,32,0.074517775
1970,1,33,0.074425665
1970,1,34,0.074356869
1970,1,35,0.074307229
1970,1,36,0.074273231
1970,1,37,0.074251836
1970,1,38,0.074251836
1970,1,39,0.074251836
1970,1,40,0.074251836
1971,1,1,1.130662e-10
1971,1,2,0.0084675448
1971,1,3,0.017447546
1971,1,4,0.035192812
1971,1,5,0.051118798
1971,1,6,0.046841253
1971,1,7,0.041620523
1971,1,8,0.043866923
1971,1,9,0.050765077
1971,1,10,0.058704198
1971,1,11,0.065729343
1971,1,12,0.071195599
1971,1,13,0.074925468
1971,1,14,0.077008224
1971,1,15,0.077728135
1971,1,16,0.07752463
1971,1,17,0.076813154
1971,1,18,0.075852316
1971,1,19,0.074813595
1971,1,20,0.073795784
1971,1,21,0.072852335
1971,1,22,0.072008777
1971,1,23,0.07127364
1971,1,24,0.070645363
1971,1,25,0.070116883
1971,1,26,0.069679406
1971,1,27,0.069320713
1971,1,28,0.069030402
1971,1,29,0.06879869
1971,1,30,0.068616696
1971,1,31,0.068479112
1971,1,32,0.068371637
1971,1,33,0.068289318
1971,1,34,0.068227847
1971,1,35,0.068183512
1971,1,36,0.068153141
1971,1,37,0.068134032
1971,1,38,0.068134032
1971,1,39,0.068134032
1971,1,40,0.068134032
1972,1,1,1.1671111e-10
1972,1,2,0.0040542208
1972,1,3,0.0089645009
1972,1,4,0.017732935
1972,1,5,0.026593279
1972,1,6,0.028090473
1972,1,7,0.031845542
1972,1,8,0.040823189
1972,1,9,0.052260892
1972,1,10,0.063529709
1972,1,11,0.07340579
1972,1,12,0.08145736
1972,1,13,0.08754308
1972,1,14,0.0917133
1972,1,15,0.09417725
1972,1,16,0.09527545
1972,1,17,0.09537444
1972,1,18,0.09481366
1972,1,19,0.09389427
1972,1,20,0.09282204
1972,1,21,0.09172715
1972,1,22,0.09068609
1972,1,23,0.08973933
1972,1,24,0.08890425
1972,1,25,0.08818413
1972,1,26,0.08757471
1972,1,27,0.08706606
1972,1,28,0.08664737
1972,1,29,0.0863074
1972,1,30,0.08603529
1972,1,31,0.08582218
1972,1,32,0.0856555
1972,1,33,0.0855277
1972,1,34,0.08543219
1972,1,35,0.08536325
1972,1,36,0.08531601
1972,1,37,0.08528626
1972,1,38,0.08528626
1972,1,39,0.08528626
1972,1,40,0.08528626
1973,1,1,1.1705691e-10
1973,1,2,0.0040617843
1973,1,3,0.0077062822
1973,1,4,0.016392671
1973,1,5,0.025221198
1973,1,6,0.026973144
1973,1,7,0.031168395
1973,1,8,0.040557053
1973,1,9,0.052348587
1973,1,10,0.063937782
1973,1,11,0.074118694
1973,1,12,0.082450131
1973,1,13,0.088774839
1973,1,14,0.093133065
1973,1,15,0.095731287
1973,1,16,0.096912696
1973,1,17,0.09704995
1973,1,18,0.09649394
1973,1,19,0.095558721
1973,1,20,0.094459382
1973,1,21,0.093332317
1973,1,22,0.09225799
1973,1,23,0.091279199
1973,1,24,0.090414664
1973,1,25,0.089668243
1973,1,26,0.089035475
1973,1,27,0.088507021
1973,1,28,0.088071799
1973,1,29,0.087718228
1973,1,30,0.087435081
1973,1,31,0.087213182
1973,1,32,0.087039581
1973,1,33,0.086906463
1973,1,34,0.086806967
1973,1,35,0.086735155
1973,1,36,0.086685925
1973,1,37,0.086654959
1973,1,38,0.086654959
1973,1,39,0.086654959
1973,1,40,0.086654959
1974,1,1,1.4731342e-10
1974,1,2,0.0044571507
1974,1,3,0.0126826747
1974,1,4,0.022623687
1974,1,5,0.032926075
1974,1,6,0.035399224
1974,1,7,0.040960557
1974,1,8,0.05279783
1974,1,9,0.06730875
1974,1,10,0.08121841
1974,1,11,0.09311426
1974,1,12,0.1026234
1974,1,13,0.10970961
1974,1,14,0.11451549
1974,1,15,0.11732897
1974,1,16,0.11856583
1974,1,17,0.1186612
1974,1,18,0.11800813
1974,1,19,0.1169492
1974,1,20,0.11571948
1974,1,21,0.11446761
1974,1,22,0.11328057
1974,1,23,0.11220386
1974,1,24,0.11125652
1974,1,25,0.11044154
1974,1,26,0.10975423
1974,1,27,0.10918137
1974,1,28,0.10871042
1974,1,29,0.10832839
1974,1,30,0.10802288
1974,1,31,0.10778375
1974,1,32,0.10759683
1974,1,33,0.10745359
1974,1,34,0.10734658
1974,1,35,0.10726939
1974,1,36,0.10721648
1974,1,37,0.1071832
1974,1,38,0.1071832
1974,1,39,0.1071832
1974,1,40,0.1071832
1975,1,1,1.7611199e-10
1975,1,2,0.0055430736
1975,1,3,0.0141854354
1975,1,4,0.026463603
1975,1,5,0.039453978
1975,1,6,0.043619048
1975,1,7,0.05221149
1975,1,8,0.06812219
1975,1,9,0.08618187
1975,1,10,0.10223066
1975,1,11,0.11486448
1975,1,12,0.12419286
1975,1,13,0.13064466
1975,1,14,0.13468177
1975,1,15,0.13678504
1975,1,16,0.13748472
1975,1,17,0.1372712
1975,1,18,0.1365079
1975,1,19,0.1354685
1975,1,20,0.13433725
1975,1,21,0.13322758
1975,1,22,0.13220247
1975,1,23,0.13129155
1975,1,24,0.13050376
1975,1,25,0.12983612
1975,1,26,0.12928064
1975,1,27,0.12882312
1975,1,28,0.12845104
1975,1,29,0.1281523
1975,1,30,0.12791574
1975,1,31,0.1277331
1975,1,32,0.12759087
1975,1,33,0.12748217
1975,1,34,0.12740117
1975,1,35,0.12734283
1975,1,36,0.1273029
1975,1,37,0.1272778
1975,1,38,0.1272778
1975,1,39,0.1272778
1975,1,40,0.1272778
1976,1,1,2.1743874e-10
1976,1,2,0.007559977
1976,1,3,0.0157665906
1976,1,4,0.032133473
1976,1,5,0.049151819
1976,1,6,0.053820233
1976,1,7,0.06379455
1976,1,8,0.08311605
1976,1,9,0.10544896
1976,1,10,0.12559619
1976,1,11,0.14171171
1976,1,12,0.15379368
1976,1,13,0.16225796
1976,1,14,0.16761382
1976,1,15,0.17044054
1976,1,16,0.17141077
1976,1,17,0.17115747
1976,1,18,0.17015964
1976,1,19,0.16878557
1976,1,20,0.16728229
1976,1,21,0.16580196
1976,1,22,0.16442973
1976,1,23,0.16320636
1976,1,24,0.16214503
1976,1,25,0.16124284
1976,1,26,0.16048893
1976,1,27,0.15986676
1976,1,28,0.15935989
1976,1,29,0.15895229
1976,1,30,0.15862908
1976,1,31,0.15837925
1976,1,32,0.15818448
1976,1,33,0.15803554
1976,1,34,0.15792449
1976,1,35,0.15784445
1976,1,36,0.15778966
1976,1,37,0.15775521
1976,1,38,0.15775521
1976,1,39,0.15775521
1976,1,40,0.15775521
1977,1,1,2.1000667e-10
1977,1,2,0.0117742501
1977,1,3,0.0241713915
1977,1,4,0.049135349
1977,1,5,0.072929699
1977,1,6,0.072090237
1977,1,7,0.07345065
1977,1,8,0.0861473
1977,1,9,0.1036849
1977,1,10,0.11992185
1977,1,11,0.13239942
1977,1,12,0.14106275
1977,1,13,0.14642075
1977,1,14,0.14909549
1977,1,15,0.14976754
1977,1,16,0.14920162
1977,1,17,0.1480561
1977,1,18,0.14668848
1977,1,19,0.1452912
1977,1,20,0.14397212
1977,1,21,0.14278554
1977,1,22,0.14175249
1977,1,23,0.14087405
1977,1,24,0.14014037
1977,1,25,0.13953643
1977,1,26,0.13904663
1977,1,27,0.1386526
1977,1,28,0.13833939
1977,1,29,0.13809374
1977,1,30,0.13790416
1977,1,31,0.13776451
1977,1,32,0.13765617
1977,1,33,0.13757366
1977,1,34,0.13751233
1977,1,35,0.13746824
1977,1,36,0.13743813
1977,1,37,0.13741921
1977,1,38,0.13741921
1977,1,39,0.13741921
1977,1,40,0.13741921
1978,1,1,2.1823151e-10
1978,1,2,0.0115024605
1978,1,3,0.0259343361
1978,1,4,0.050503403
1978,1,5,0.073823385
1978,1,6,0.072465339
1978,1,7,0.07303081
1978,1,8,0.08526618
1978,1,9,0.10315542
1978,1,10,0.12061936
1978,1,11,0.13494912
1978,1,12,0.1456727
1978,1,13,0.15295475
1978,1,14,0.15720941
1978,1,15,0.15902598
1978,1,16,0.15915718
1978,1,17,0.15829947
1978,1,18,0.15691034
1978,1,19,0.15530447
1978,1,20,0.15367718
1978,1,21,0.15214103
1978,1,22,0.15075388
1978,1,23,0.1495388
1978,1,24,0.14849794
1978,1,25,0.14762173
1978,1,26,0.1468967
1978,1,27,0.14630221
1978,1,28,0.14582091
1978,1,29,0.14543642
1978,1,30,0.14513387
1978,1,31,0.14490358
1978,1,32,0.14472405
1978,1,33,0.14458674
1978,1,34,0.14448434
1978,1,35,0.14441054
1978,1,36,0.14436003
1978,1,37,0.14432826
1978,1,38,0.14432826
1978,1,39,0.14432826
1978,1,40,0.14432826
1979,1,1,2.0479231e-10
1979,1,2,0.0105105487
1979,1,3,0.028706597
1979,1,4,0.051560356
1979,1,5,0.0731475
1979,1,6,0.071179818
1979,1,7,0.07047417
1979,1,8,0.08075483
1979,1,9,0.09653628
1979,1,10,0.11208315
1979,1,11,0.12479487
1979,1,12,0.13422333
1979,1,13,0.14054158
1979,1,14,0.14414834
1979,1,15,0.14559195
1979,1,16,0.14556291
1979,1,17,0.14469459
1979,1,18,0.14339115
1979,1,19,0.14192233
1979,1,20,0.1404536
1979,1,21,0.13907887
1979,1,22,0.13784511
1979,1,23,0.13676968
1979,1,24,0.13585229
1979,1,25,0.13508293
1979,1,26,0.13445022
1979,1,27,0.13393244
1979,1,28,0.13351403
1979,1,29,0.13318038
1979,1,30,0.13291832
1979,1,31,0.13271944
1979,1,32,0.13256445
1979,1,33,0.13244598
1979,1,34,0.13235767
1979,1,35,0.13229404
1979,1,36,0.13225049
1979,1,37,0.1322231
1979,1,38,0.1322231
1979,1,39,0.1322231
1979,1,40,0.1322231
1980,1,1,1.8844183e-10
1980,1,2,0.0093585673
1980,1,3,0.0214945699
1980,1,4,0.0415967235
1980,1,5,0.061050502
1980,1,6,0.061312536
1980,1,7,0.06403097
1980,1,8,0.07637273
1980,1,9,0.09264719
1980,1,10,0.10759359
1980,1,11,0.1191514
1980,1,12,0.12729908
1980,1,13,0.13249049
1980,1,14,0.13526586
1980,1,15,0.13620872
1980,1,16,0.13597109
1980,1,17,0.13512219
1980,1,18,0.13399342
1980,1,19,0.13278114
1980,1,20,0.13160257
1980,1,21,0.13052156
1980,1,22,0.12956714
1980,1,23,0.12874686
1980,1,24,0.12805584
1980,1,25,0.12748287
1980,1,26,0.12701574
1980,1,27,0.12663749
1980,1,28,0.12633489
1980,1,29,0.12609595
1980,1,30,0.12591015
1980,1,31,0.1257713
1980,1,32,0.12566347
1980,1,33,0.12558128
1980,1,34,0.12552013
1980,1,35,0.12547616
1980,1,36,0.1254461
1980,1,37,0.12542722
1980,1,38,0.12542722
1980,1,39,0.12542722
1980,1,40,0.12542722
1981,1,1,2.2865476e-10
1981,1,2,0.0107967463
1981,1,3,0.0223371575
1981,1,4,0.045325371
1981,1,5,0.06757496
1981,1,6,0.068013945
1981,1,7,0.07156072
1981,1,8,0.08662759
1981,1,9,0.10703877
1981,1,10,0.12681113
1981,1,11,0.14331299
1981,1,12,0.1560092
1981,1,13,0.16497947
1981,1,14,0.17058149
1981,1,15,0.17338314
1981,1,16,0.17414222
1981,1,17,0.17358726
1981,1,18,0.17225397
1981,1,19,0.17054955
1981,1,20,0.16873818
1981,1,21,0.166979
1981,1,22,0.16535948
1981,1,23,0.16392041
1981,1,24,0.16267358
1981,1,25,0.16161399
1981,1,26,0.16072868
1981,1,27,0.15999776
1981,1,28,0.15940217
1981,1,29,0.15892329
1981,1,30,0.15854386
1981,1,31,0.15825166
1981,1,32,0.15802356
1981,1,33,0.15784895
1981,1,34,0.15771862
1981,1,35,0.15762464
1981,1,36,0.15756028
1981,1,37,0.15751979
1981,1,38,0.15751979
1981,1,39,0.15751979
1981,1,40,0.15751979
1982,1,1,2.2355011e-10
1982,1,2,0.0148839571
1982,1,3,0.0292812867
1982,1,4,0.060501306
1982,1,5,0.08919627
1982,1,6,0.084271041
1982,1,7,0.07948613
1982,1,8,0.08824352
1982,1,9,0.10440545
1982,1,10,0.12114262
1982,1,11,0.13514663
1982,1,12,0.1456399
1982,1,13,0.15262293
1982,1,14,0.15645973
1982,1,15,0.15777328
1982,1,16,0.15740867
1982,1,17,0.15614154
1982,1,18,0.1544425
1982,1,19,0.15261155
1982,1,20,0.15082297
1982,1,21,0.149171
1982,1,22,0.1476999
1982,1,23,0.14642326
1982,1,24,0.14533683
1982,1,25,0.14442671
1982,1,26,0.14367574
1982,1,27,0.14306243
1982,1,28,0.14256782
1982,1,29,0.14217438
1982,1,30,0.14186634
1982,1,31,0.1416344
1982,1,32,0.1414535
1982,1,33,0.14131514
1982,1,34,0.14121192
1982,1,35,0.14113754
1982,1,36,0.1410866
1982,1,37,0.14105457
1982,1,38,0.14105457
1982,1,39,0.14105457
1982,1,40,0.14105457
1983,1,1,2.0112077e-10
1983,1,2,0.0140192138
1983,1,3,0.0286752461
1983,1,4,0.058150723
1983,1,5,0.08514822
1983,1,6,0.080091213
1983,1,7,0.07479085
1983,1,8,0.08196507
1983,1,9,0.0958275
1983,1,10,0.10998838
1983,1,11,0.12144044
1983,1,12,0.12964107
1983,1,13,0.13475324
1983,1,14,0.13721366
1983,1,15,0.1376399
1983,1,16,0.13681408
1983,1,17,0.13542586
1983,1,18,0.13384381
1983,1,19,0.13226573
1983,1,20,0.13079503
1983,1,21,0.129480218
1983,1,22,0.128337715
1983,1,23,0.127365511
1983,1,24,0.126551632
1983,1,25,0.125879525
1983,1,26,0.125332668
1983,1,27,0.12489116
1983,1,28,0.124539038
1983,1,29,0.1242621
1983,1,30,0.12404794
1983,1,31,0.123890152
1983,1,32,0.123767411
1983,1,33,0.123673709
1983,1,34,0.123603927
1983,1,35,0.123553688
1983,1,36,0.123519334
1983,1,37,0.123497736
1983,1,38,0.123497736
1983,1,39,0.123497736
1983,1,40,0.123497736
1984,1,1,2.0699496e-10
1984,1,2,0.0147482031
1984,1,3,0.0314883023
1984,1,4,0.062579978
1984,1,5,0.090930207
1984,1,6,0.085040517
1984,1,7,0.07848084
1984,1,8,0.08497899
1984,1,9,0.09860572
1984,1,10,0.11268131
1984,1,11,0.12402919
1984,1,12,0.1320737
1984,1,13,0.13698764
1984,1,14,0.1392289
1984,1,15,0.13943996
1984,1,16,0.13843116
1984,1,17,0.13691177
1984,1,18,0.13524718
1984,1,19,0.13362234
1984,1,20,0.13212922
1984,1,21,0.13080768
1984,1,22,0.12966804
1984,1,23,0.12870415
1984,1,24,0.12790134
1984,1,25,0.12724136
1984,1,26,0.12670712
1984,1,27,0.12627724
1984,1,28,0.12593558
1984,1,29,0.1256678
1984,1,30,0.12546154
1984,1,31,0.12531071
1984,1,32,0.12519346
1984,1,33,0.12510399
1984,1,34,0.1250374
1984,1,35,0.12498946
1984,1,36,0.12495669
1984,1,37,0.1249361
1984,1,38,0.1249361
1984,1,39,0.1249361
1984,1,40,0.1249361
1985,1,1,2.3858988e-10
1985,1,2,0.0219400798
1985,1,3,0.057295459
1985,1,4,0.104033948
1985,1,5,0.144830769
1985,1,6,0.12856894
1985,1,7,0.10595562
1985,1,8,0.10161
1985,1,9,0.10944214
1985,1,10,0.1205167
1985,1,11,0.12989238
1985,1,12,0.13623996
1985,1,13,0.1394323
1985,1,14,0.13987504
1985,1,15,0.13830994
1985,1,16,0.13575203
1985,1,17,0.13307119
1985,1,18,0.13061765
1985,1,19,0.12848983
1985,1,20,0.12669389
1985,1,21,0.12520258
1985,1,22,0.12397858
1985,1,23,0.12298358
1985,1,24,0.12218196
1985,1,25,0.12154197
1985,1,26,0.1210424
1985,1,27,0.12064923
1985,1,28,0.12034374
1985,1,29,0.1201103
1985,1,30,0.11993585
1985,1,31,0.11981631
1985,1,32,0.11972361
1985,1,33,0.11965301
1985,1,34,0.11960053
1985,1,35,0.11956281
1985,1,36,0.11953705
1985,1,37,0.11952085
1985,1,38,0.11952085
1985,1,39,0.11952085
1985,1,40,0.11952085
1986,1,1,2.4773452e-10
1986,1,2,0.0113723045
1986,1,3,0.033997784
1986,1,4,0.059086263
1986,1,5,0.083299429
1986,1,6,0.082876617
1986,1,7,0.08500416
1986,1,8,0.09964237
1986,1,9,0.11979818
1986,1,10,0.13868706
1986,1,11,0.15351314
1986,1,12,0.16410814
1986,1,13,0.17096764
1986,1,14,0.17473094
1986,1,15,0.17611191
1986,1,16,0.17592426
1986,1,17,0.17488924
1986,1,18,0.17344283
1986,1,19,0.17185617
1986,1,20,0.17029465
1986,1,21,0.16885053
1986,1,22,0.16756774
1986,1,23,0.16645993
1986,1,24,0.1655231
1986,1,25,0.16474385
1986,1,26,0.16410912
1986,1,27,0.163593
1986,1,28,0.16317844
1986,1,29,0.16284976
1986,1,30,0.16259305
1986,1,31,0.16239968
1986,1,32,0.16224938
1986,1,33,0.16213473
1986,1,34,0.16204939
1986,1,35,0.16198798
1986,1,36,0.16194598
1986,1,37,0.1619196
1986,1,38,0.1619196
1986,1,39,0.1619196
1986,1,40,0.1619196
1987,1,1,3.0121394e-10
1987,1,2,0.0160991589
1987,1,3,0.044835957
1987,1,4,0.079821163
1987,1,5,0.112426889
1987,1,6,0.10771529
1987,1,7,0.10380333
1987,1,8,0.11659055
1987,1,9,0.13852384
1987,1,10,0.16112468
1987,1,11,0.18025365
1987,1,12,0.19487502
1987,1,13,0.20495235
1987,1,14,0.21090395
1987,1,15,0.21346754
1987,1,16,0.2136562
1987,1,17,0.21242796
1987,1,18,0.21042663
1987,1,19,0.20810718
1987,1,20,0.20575185
1987,1,21,0.20352362
1987,1,22,0.20150704
1987,1,23,0.19973669
1987,1,24,0.19821703
1987,1,25,0.19693541
1987,1,26,0.19587587
1987,1,27,0.19500473
1987,1,28,0.19429769
1987,1,29,0.19373152
1987,1,30,0.19328496
1987,1,31,0.19294398
1987,1,32,0.19267787
1987,1,33,0.19247421
1987,1,34,0.19232225
1987,1,35,0.19221268
1987,1,36,0.19213765
1987,1,37,0.19209044
1987,1,38,0.19209044
1987,1,39,0.19209044
1987,1,40,0.19209044
1988,1,1,3.521533e-10
1988,1,2,0.019816823
1988,1,3,0.042609521
1988,1,4,0.084652071
1988,1,5,0.124049111
1988,1,6,0.11996419
1988,1,7,0.11798781
1988,1,8,0.13558431
1988,1,9,0.16341357
1988,1,10,0.19152932
1988,1,11,0.21522003
1988,1,12,0.23335248
1988,1,13,0.2459065
1988,1,14,0.25339251
1988,1,15,0.25670906
1988,1,16,0.25708983
1988,1,17,0.25570191
1988,1,18,0.25333677
1988,1,19,0.25055871
1988,1,20,0.24771889
1988,1,21,0.24502109
1988,1,22,0.24257211
1988,1,23,0.24041695
1988,1,24,0.23856308
1988,1,25,0.23699634
1988,1,26,0.23569455
1988,1,27,0.23462388
1988,1,28,0.23375463
1988,1,29,0.23305839
1988,1,30,0.23250912
1988,1,31,0.23208962
1988,1,32,0.23176218
1988,1,33,0.23151155
1988,1,34,0.23132452
1988,1,35,0.23118966
1988,1,36,0.23109729
1988,1,37,0.2310392
1988,1,38,0.2310392
1988,1,39,0.2310392
1988,1,40,0.2310392
1989,1,1,3.2780304e-10
1989,1,2,0.016913417
1989,1,3,0.043660598
1989,1,4,0.080203327
1989,1,5,0.114625319
1989,1,6,0.11126877
1989,1,7,0.10988642
1989,1,8,0.12617311
1989,1,9,0.15169668
1989,1,10,0.17742079
1989,1,11,0.19906837
1989,1,12,0.21563319
1989,1,13,0.22713226
1989,1,14,0.23404455
1989,1,15,0.2371794
1989,1,16,0.23763539
1989,1,17,0.23645532
1989,1,18,0.23435805
1989,1,19,0.23186273
1989,1,20,0.22929617
1989,1,21,0.22684977
1989,1,22,0.22462473
1989,1,23,0.22266454
1989,1,24,0.22097736
1989,1,25,0.21955131
1989,1,26,0.21836854
1989,1,27,0.21739499
1989,1,28,0.2166039
1989,1,29,0.21596972
1989,1,30,0.21546887
1989,1,31,0.21508544
1989,1,32,0.21478621
1989,1,33,0.21455719
1989,1,34,0.21438628
1989,1,35,0.21426306
1989,1,36,0.21417867
1989,1,37,0.21412559
1989,1,38,0.21412559
1989,1,39,0.21412559
1989,1,40,0.21412559
1990,1,1,2.7489774e-10
1990,1,2,0.0181119583
1990,1,3,0.046694124
1990,1,4,0.085556682
1990,1,5,0.120992759
1990,1,6,0.113118
1990,1,7,0.10407959
1990,1,8,0.11197852
1990,1,9,0.12938152
1990,1,10,0.14760712
1990,1,11,0.16241418
1990,1,12,0.17297817
1990,1,13,0.17950303
1990,1,14,0.18257502
1990,1,15,0.18301519
1990,1,16,0.18185455
1990,1,17,0.17999886
1990,1,18,0.17792324
1990,1,19,0.17587429
1990,1,20,0.17397847
1990,1,21,0.17229323
1990,1,22,0.17083596
1990,1,23,0.16960138
1990,1,24,0.16857219
1990,1,25,0.16772584
1990,1,26,0.1670433
1990,1,27,0.16649326
1990,1,28,0.16605543
1990,1,29,0.16571176
1990,1,30,0.16544656
1990,1,31,0.16525189
1990,1,32,0.16510053
1990,1,33,0.16498502
1990,1,34,0.16489902
1990,1,35,0.16483711
1990,1,36,0.16479478
1990,1,37,0.16476817
1990,1,38,0.16476817
1990,1,39,0.16476817
1990,1,40,0.16476817
1991,1,1,2.9512669e-10
1991,1,2,0.0069760578
1991,1,3,0.033610808
1991,1,4,0.05056345
1991,1,5,0.069052204
1991,1,6,0.07590189
1991,1,7,0.08980549
1991,1,8,0.11558825
1991,1,9,0.14487951
1991,1,10,0.17046255
1991,1,11,0.18968434
1991,1,12,0.20299303
1991,1,13,0.21158183
1991,1,14,0.21659092
1991,1,15,0.21900664
1991,1,16,0.21973359
1991,1,17,0.21952387
1991,1,18,0.21882761
1991,1,19,0.21790439
1991,1,20,0.21692589
1991,1,21,0.21599398
1991,1,22,0.21516042
1991,1,23,0.21444477
1991,1,24,0.21384765
1991,1,25,0.21335985
1991,1,26,0.21297444
1991,1,27,0.2126662
1991,1,28,0.21242261
1991,1,29,0.21223239
1991,1,30,0.21208589
1991,1,31,0.21197713
1991,1,32,0.21189332
1991,1,33,0.21182979
1991,1,34,0.2117827
1991,1,35,0.21174891
1991,1,36,0.21172584
1991,1,37,0.21171134
1991,1,38,0.21171134
1991,1,39,0.21171134
1991,1,40,0.21171134
1992,1,1,2.8913884e-10
1992,1,2,0.0082677823
1992,1,3,0.039252162
1992,1,4,0.059107115
1992,1,5,0.079978043
1992,1,6,0.08514623
1992,1,7,0.09630686
1992,1,8,0.11981734
1992,1,9,0.14681457
1992,1,10,0.16957824
1992,1,11,0.18540259
1992,1,12,0.19514833
1992,1,13,0.20043981
1992,1,14,0.20270579
1992,1,15,0.20307644
1992,1,16,0.20249811
1992,1,17,0.20168338
1992,1,18,0.20092187
1992,1,19,0.20026828
1992,1,20,0.1997439
1992,1,21,0.19934905
1992,1,22,0.19907068
1992,1,23,0.19888915
1992,1,24,0.19878331
1992,1,25,0.19873354
1992,1,26,0.19873076
1992,1,27,0.19874903
1992,1,28,0.19877953
1992,1,29,0.19881602
1992,1,30,0.19885434
1992,1,31,0.19889438
1992,1,32,0.19892742
1992,1,33,0.19895378
1992,1,34,0.19897404
1992,1,35,0.19898896
1992,1,36,0.1989993
1992,1,37,0.19900585
1992,1,38,0.19900585
1992,1,39,0.19900585
1992,1,40,0.19900585
1993,1,1,3.7543129e-10
1993,1,2,0.0111088191
1993,1,3,0.049029056
1993,1,4,0.075342392
1993,1,5,0.102808583
1993,1,6,0.10914506
1993,1,7,0.12315673
1993,1,8,0.15343562
1993,1,9,0.18867949
1993,1,10,0.21885819
1993,1,11,0.24029176
1993,1,12,0.2538896
1993,1,13,0.26160544
1993,1,14,0.26521493
1993,1,15,0.26616475
1993,1,16,0.2656991
1993,1,17,0.26477279
1993,1,18,0.2638041
1993,1,19,0.26290839
1993,1,20,0.2621437
1993,1,21,0.26153038
1993,1,22,0.26106394
1993,1,23,0.26072656
1993,1,24,0.26049494
1993,1,25,0.26034589
1993,1,26,0.26026758
1993,1,27,0.26022761
1993,1,28,0.26021385
1993,1,29,0.26021719
1993,1,30,0.26023109
1993,1,31,0.26025466
1993,1,32,0.26027515
1993,1,33,0.26029207
1993,1,34,0.26030538
1993,1,35,0.26031531
1993,1,36,0.26032225
1993,1,37,0.26032667
1993,1,38,0.26032667
1993,1,39,0.26032667
1993,1,40,0.26032667
1994,1,1,3.367415e-10
1994,1,2,0.0181079547
1994,1,3,0.06897219
1994,1,4,0.109750101
1994,1,5,0.147111601
1994,1,6,0.13816195
1994,1,7,0.12775444
1994,1,8,0.1371384
1994,1,9,0.15782054
1994,1,10,0.17909644
1994,1,11,0.19545229
1994,1,12,0.20615918
1994,1,13,0.21201496
1994,1,14,0.21416277
1994,1,15,0.21380753
1994,1,16,0.21220547
1994,1,17,0.21036647
1994,1,18,0.20869462
1994,1,19,0.20727572
1994,1,20,0.20611988
1994,1,21,0.20520635
1994,1,22,0.20450221
1994,1,23,0.20397161
1994,1,24,0.20358058
1994,1,25,0.20329931
1994,1,26,0.20311463
1994,1,27,0.20298651
1994,1,28,0.20290093
1994,1,29,0.20284715
1994,1,30,0.202817
1994,1,31,0.20280995
1994,1,32,0.20280575
1994,1,33,0.20280325
1994,1,34,0.20280176
1994,1,35,0.20280084
1994,1,36,0.20280029
1994,1,37,0.20279996
1994,1,38,0.20279996
1994,1,39,0.20279996
1994,1,40,0.20279996
1995,1,1,4.311443e-10
1995,1,2,0.0238207437
1995,1,3,0.095035883
1995,1,4,0.148940224
1995,1,5,0.19785643
1995,1,6,0.18402035
1995,1,7,0.16687613
1995,1,8,0.1757847
1995,1,9,0.20023665
1995,1,10,0.22620324
1995,1,11,0.24619245
1995,1,12,0.25908447
1995,1,13,0.26586414
1995,1,14,0.26801311
1995,1,15,0.26710247
1995,1,16,0.26476462
1995,1,17,0.26229778
1995,1,18,0.26018397
1995,1,19,0.25848079
1995,1,20,0.25716067
1995,1,21,0.25616919
1995,1,22,0.25544643
1995,1,23,0.254936
1995,1,24,0.25458889
1995,1,25,0.25436461
1995,1,26,0.25424769
1995,1,27,0.25418464
1995,1,28,0.2541592
1995,1,29,0.25415946
1995,1,30,0.25417695
1995,1,31,0.25421304
1995,1,32,0.25424287
1995,1,33,0.25426664
1995,1,34,0.25428486
1995,1,35,0.25429822
1995,1,36,0.25430743
1995,1,37,0.25431323
1995,1,38,0.25431323
1995,1,39,0.25431323
1995,1,40,0.25431323
1996,1,1,3.5197302e-10
1996,1,2,0.020004912
1996,1,3,0.059211113
1996,1,4,0.102893629
1996,1,5,0.143236865
1996,1,6,0.13588169
1996,1,7,0.1287293
1996,1,8,0.14245465
1996,1,9,0.16742399
1996,1,10,0.19210172
1996,1,11,0.21063167
1996,1,12,0.22247656
1996,1,13,0.22876516
1996,1,14,0.23095192
1996,1,15,0.23048895
1996,1,16,0.22881648
1996,1,17,0.22705563
1996,1,18,0.22560992
1996,1,19,0.22450565
1996,1,20,0.22370572
1996,1,21,0.22315645
1996,1,22,0.22280339
1996,1,23,0.22259768
1996,1,24,0.2224984
1996,1,25,0.22247297
1996,1,26,0.22250413
1996,1,27,0.22256048
1996,1,28,0.22263016
1996,1,29,0.22270515
1996,1,30,0.22278037
1996,1,31,0.22285893
1996,1,32,0.22292177
1996,1,33,0.22297072
1996,1,34,0.22300768
1996,1,35,0.22303451
1996,1,36,0.22305294
1996,1,37,0.22306453
1996,1,38,0.22306453
1996,1,39,0.22306453
1996,1,40,0.22306453
1997,1,1,3.7076878e-10
1997,1,2,0.0183088799
1997,1,3,0.061218819
1997,1,4,0.101964957
1997,1,5,0.140392515
1997,1,6,0.13607702
1997,1,7,0.1337523
1997,1,8,0.15197144
1997,1,9,0.18019877
1997,1,10,0.20663417
1997,1,11,0.22564993
1997,1,12,0.23722188
1997,1,13,0.24296215
1997,1,14,0.2446357
1997,1,15,0.24384186
1997,1,16,0.24205228
1997,1,17,0.24037187
1997,1,18,0.23915212
1997,1,19,0.23834861
1997,1,20,0.23787973
1997,1,21,0.23766422
1997,1,22,0.23763062
1997,1,23,0.23771995
1997,1,24,0.23788603
1997,1,25,0.23809416
1997,1,26,0.23832863
1997,1,27,0.23855705
1997,1,28,0.23877012
1997,1,29,0.23896273
1997,1,30,0.2391329
1997,1,31,0.23928617
1997,1,32,0.23940784
1997,1,33,0.23950212
1997,1,34,0.23957308
1997,1,35,0.2396245
1997,1,36,0.23965983
1997,1,37,0.23968207
1997,1,38,0.23968207
1997,1,39,0.23968207
1997,1,40,0.23968207
1998,1,1,3.3181222e-10
1998,1,2,0.0124557603
1998,1,3,0.040454205
1998,1,4,0.068392306
1998,1,5,0.096178399
1998,1,6,0.09865291
1998,1,7,0.10668698
1998,1,8,0.13093274
1998,1,9,0.16181202
1998,1,10,0.18957973
1998,1,11,0.2098047
1998,1,12,0.2227577
1998,1,13,0.23006984
1998,1,14,0.23342571
1998,1,15,0.23428753
1998,1,16,0.23393749
1998,1,17,0.23334109
1998,1,18,0.23286668
1998,1,19,0.23255022
1998,1,20,0.23238572
1998,1,21,0.23235062
1998,1,22,0.23241549
1998,1,23,0.23255035
1998,1,24,0.23272848
1998,1,25,0.23292814
1998,1,26,0.23313869
1998,1,27,0.23333903
1998,1,28,0.23352284
1998,1,29,0.23368683
1998,1,30,0.23382992
1998,1,31,0.23395635
1998,1,32,0.23405671
1998,1,33,0.23413444
1998,1,34,0.23419291
1998,1,35,0.23423524
1998,1,36,0.23426429
1998,1,37,0.23428254
1998,1,38,0.23428254
1998,1,39,0.23428254
1998,1,40,0.23428254
1999,1,1,3.8026361e-10
1999,1,2,0.0099795523
1999,1,3,0.05679695
1999,1,4,0.081541907
1999,1,5,0.10734319
1999,1,6,0.11248539
1999,1,7,0.124564
1999,1,8,0.1533119
1999,1,9,0.1879545
1999,1,10,0.21804653
1999,1,11,0.23924381
1999,1,12,0.25231902
1999,1,13,0.25939858
1999,1,14,0.26246875
1999,1,15,0.2631197
1999,1,16,0.26265247
1999,1,17,0.26202145
1999,1,18,0.2615727
1999,1,19,0.26131219
1999,1,20,0.26122075
1999,1,21,0.26126901
1999,1,22,0.26142253
1999,1,23,0.26164727
1999,1,24,0.26191311
1999,1,25,0.26219578
1999,1,26,0.26248919
1999,1,27,0.26276058
1999,1,28,0.26300412
1999,1,29,0.26321727
1999,1,30,0.26339994
1999,1,31,0.26355671
1999,1,32,0.26368131
1999,1,33,0.26377796
1999,1,34,0.26385077
1999,1,35,0.26390358
1999,1,36,0.26393985
1999,1,37,0.26396269
1999,1,38,0.26396269
1999,1,39,0.26396269
1999,1,40,0.26396269
2000,1,1,3.420218e-10
2000,1,2,0.016688043
2000,1,3,0.075099071
2000,1,4,0.113739949
2000,1,5,0.149559091
2000,1,6,0.14199383
2000,1,7,0.13368953
2000,1,8,0.14492088
2000,1,9,0.16638981
2000,1,10,0.18680515
2000,1,11,0.20062629
2000,1,12,0.20788789
2000,1,13,0.21026079
2000,1,14,0.20950046
2000,1,15,0.20712137
2000,1,16,0.20445281
2000,1,17,0.20244143
2000,1,18,0.20127131
2000,1,19,0.20074085
2000,1,20,0.20065871
2000,1,21,0.20087238
2000,1,22,0.20126672
2000,1,23,0.20175792
2000,1,24,0.20228716
2000,1,25,0.20281487
2000,1,26,0.20333027
2000,1,27,0.20379442
2000,1,28,0.20420239
2000,1,29,0.20455393
2000,1,30,0.20485178
2000,1,31,0.20510551
2000,1,32,0.20530588
2000,1,33,0.20546061
2000,1,34,0.20557681
2000,1,35,0.20566092
2000,1,36,0.20571867
2000,1,37,0.20575502
2000,1,38,0.20575502
2000,1,39,0.20575502
2000,1,40,0.20575502
2001,1,1,2.5697144e-10
2001,1,2,0.0068491253
2001,1,3,0.03215471
2001,1,4,0.04859945
2001,1,5,0.065991993
2001,1,6,0.070718937
2001,1,7,0.08109907
2001,1,8,0.1026658
2001,1,9,0.12785234
2001,1,10,0.149517
2001,1,11,0.16470826
2001,1,12,0.1740462
2001,1,13,0.179097
2001,1,14,0.18131658
2001,1,15,0.1818619
2001,1,16,0.18166254
2001,1,17,0.18138922
2001,1,18,0.18127266
2001,1,19,0.1812967
2001,1,20,0.18143411
2001,1,21,0.18165576
2001,1,22,0.181933
2001,1,23,0.18223995
2001,1,24,0.18255537
2001,1,25,0.18286308
2001,1,26,0.18315799
2001,1,27,0.18342288
2001,1,28,0.18365524
2001,1,29,0.1838549
2001,1,30,0.18402332
2001,1,31,0.18416514
2001,1,32,0.18427741
2001,1,33,0.18436424
2001,1,34,0.18442949
2001,1,35,0.18447674
2001,1,36,0.18450915
2001,1,37,0.18452955
2001,1,38,0.18452955
2001,1,39,0.18452955
2001,1,40,0.18452955
2002,1,1,3.0921841e-10
2002,1,2,0.0118199866
2002,1,3,0.0581172562
2002,1,4,0.08609821
2002,1,5,0.112903037
2002,1,6,0.110386018
2002,1,7,0.10978973
2002,1,8,0.12531015
2002,1,9,0.14876349
2002,1,10,0.17053719
2002,1,11,0.1858579
2002,1,12,0.19481223
2002,1,13,0.19898186
2002,1,14,0.20001664
2002,1,15,0.19931415
2002,1,16,0.19805843
2002,1,17,0.19709662
2002,1,18,0.19664495
2002,1,19,0.19658479
2002,1,20,0.1967986
2002,1,21,0.19718995
2002,1,22,0.19768356
2002,1,23,0.19822312
2002,1,24,0.19876833
2002,1,25,0.19929193
2002,1,26,0.19978857
2002,1,27,0.20022929
2002,1,28,0.20061215
2002,1,29,0.20093873
2002,1,30,0.20121279
2002,1,31,0.20144295
2002,1,32,0.20162448
2002,1,33,0.20176447
2002,1,34,0.20186948
2002,1,35,0.2019454
2002,1,36,0.20199747
2002,1,37,0.20203022
2002,1,38,0.20203022
2002,1,39,0.20203022
2002,1,40,0.20203022
2003,1,1,3.8001475e-10
2003,1,2,0.0037300911
2003,1,3,0.0397851155
2003,1,4,0.051358838
2003,1,5,0.066538202
2003,1,6,0.079502307
2003,1,7,0.10378825
2003,1,8,0.14142494
2003,1,9,0.18247292
2003,1,10,0.21832886
2003,1,11,0.24559593
2003,1,12,0.26482659
2003,1,13,0.27768444
2003,1,14,0.28576581
2003,1,15,0.29039348
2003,1,16,0.29268922
2003,1,17,0.29357381
2003,1,18,0.29363797
2003,1,19,0.2932383
2003,1,20,0.29262621
2003,1,21,0.29196
2003,1,22,0.29132781
2003,1,23,0.2907711
2003,1,24,0.29030335
2003,1,25,0.28992282
2003,1,26,0.28963044
2003,1,27,0.28939799
2003,1,28,0.28921548
2003,1,29,0.28907373
2003,1,30,0.28896489
2003,1,31,0.28888355
2003,1,32,0.28882124
2003,1,33,0.28877413
2003,1,34,0.28873926
2003,1,35,0.28871422
2003,1,36,0.28869706
2003,1,37,0.28868626
2003,1,38,0.28868626
2003,1,39,0.28868626
2003,1,40,0.28868626
2004,1,1,4.4067069e-10
2004,1,2,0.0270581801
2004,1,3,0.098319662
2004,1,4,0.158585035
2004,1,5,0.212569432
2004,1,6,0.1950714
2004,1,7,0.17262538
2004,1,8,0.17851187
2004,1,9,0.20215655
2004,1,10,0.22839809
2004,1,11,0.24869146
2004,1,12,0.26155922
2004,1,13,0.26798065
2004,1,14,0.26957378
2004,1,15,0.26808477
2004,1,16,0.26531908
2004,1,17,0.26268586
2004,1,18,0.26064644
2004,1,19,0.2591745
2004,1,20,0.25817129
2004,1,21,0.25753141
2004,1,22,0.25716142
2004,1,23,0.25698474
2004,1,24,0.25694134
2004,1,25,0.25698579
2004,1,26,0.25710101
2004,1,27,0.25723593
2004,1,28,0.25737683
2004,1,29,0.25751504
2004,1,30,0.25764551
2004,1,31,0.25777398
2004,1,32,0.25787596
2004,1,33,0.25795496
2004,1,34,0.25801437
2004,1,35,0.25805736
2004,1,36,0.25808686
2004,1,37,0.25810542
2004,1,38,0.25810542
2004,1,39,0.25810542
2004,1,40,0.25810542
2005,1,1,3.934061e-10
2005,1,2,0.0065231874
2005,1,3,0.027134068
2005,1,4,0.043119976
2005,1,5,0.062785572
2005,1,6,0.07785527
2005,1,7,0.10630067
2005,1,8,0.14921871
2005,1,9,0.19491857
2005,1,10,0.23382753
2005,1,11,0.26242485
2005,1,12,0.28175418
2005,1,13,0.29401927
2005,1,14,0.30124517
2005,1,15,0.30505859
2005,1,16,0.30678894
2005,1,17,0.30746494
2005,1,18,0.30763291
2005,1,19,0.3075325
2005,1,20,0.30732492
2005,1,21,0.30710621
2005,1,22,0.3069235
2005,1,23,0.30679325
2005,1,24,0.30671455
2005,1,25,0.30667903
2005,1,26,0.3066802
2005,1,27,0.30670021
2005,1,28,0.30673112
2005,1,29,0.30676727
2005,1,30,0.30680436
2005,1,31,0.30684212
2005,1,32,0.30687322
2005,1,33,0.30689798
2005,1,34,0.30691695
2005,1,35,0.30693085
2005,1,36,0.30694035
2005,1,37,0.30694632
2005,1,38,0.30694632
2005,1,39,0.30694632
2005,1,40,0.30694632
2006,1,1,5.0749799e-10
2006,1,2,0.0324430581
2006,1,3,0.102290119
2006,1,4,0.173415416
2006,1,5,0.238010157
2006,1,6,0.22159643
2006,1,7,0.20192313
2006,1,8,0.21434902
2006,1,9,0.24466224
2006,1,10,0.27520771
2006,1,11,0.29706521
2006,1,12,0.30957891
2006,1,13,0.31458205
2006,1,14,0.31431892
2006,1,15,0.31096767
2006,1,16,0.30665682
2006,1,17,0.30298712
2006,1,18,0.30038175
2006,1,19,0.29867258
2006,1,20,0.29764744
2006,1,21,0.29711802
2006,1,22,0.29693328
2006,1,23,0.29697719
2006,1,24,0.2971641
2006,1,25,0.29743196
2006,1,26,0.29775265
2006,1,27,0.29807278
2006,1,28,0.2983764
2006,1,29,0.29865461
2006,1,30,0.2989034
2006,1,31,0.29913202
2006,1,32,0.29931329
2006,1,33,0.29945369
2006,1,34,0.29955944
2006,1,35,0.29963612
2006,1,36,0.29968871
2006,1,37,0.29972188
2006,1,38,0.29972188
2006,1,39,0.29972188
2006,1,40,0.29972188
2007,1,1,4.7024357e-10
2007,1,2,0.014352464
2007,1,3,0.093118798
2007,1,4,0.129200334
2007,1,5,0.164582458
2007,1,6,0.16310064
2007,1,7,0.16540427
2007,1,8,0.19062499
2007,1,9,0.22663323
2007,1,10,0.25946571
2007,1,11,0.28236167
2007,1,12,0.2956855
2007,1,13,0.30195496
2007,1,14,0.30368438
2007,1,15,0.30292728
2007,1,16,0.30136366
2007,1,17,0.30018397
2007,1,18,0.29969544
2007,1,19,0.29973068
2007,1,20,0.30013106
2007,1,21,0.30076745
2007,1,22,0.30153817
2007,1,23,0.30236617
2007,1,24,0.30319558
2007,1,25,0.30398859
2007,1,26,0.30474234
2007,1,27,0.30540833
2007,1,28,0.30598465
2007,1,29,0.30647456
2007,1,30,0.30688395
2007,1,31,0.30722533
2007,1,32,0.3074948
2007,1,33,0.30770264
2007,1,34,0.30785854
2007,1,35,0.30797137
2007,1,36,0.30804875
2007,1,37,0.30809738
2007,1,38,0.30809738
2007,1,39,0.30809738
2007,1,40,0.30809738
2008,1,1,4.4643896e-10
2008,1,2,0.0123861358
2008,1,3,0.037059992
2008,1,4,0.065043205
2008,1,5,0.094976232
2008,1,6,0.10547032
2008,1,7,0.12770694
2008,1,8,0.1692455
2008,1,9,0.21717386
2008,1,10,0.25947943
2008,1,11,0.29095548
2008,1,12,0.31215601
2008,1,13,0.32530089
2008,1,14,0.33263447
2008,1,15,0.33608098
2008,1,16,0.33730051
2008,1,17,0.33757459
2008,1,18,0.33751249
2008,1,19,0.33732037
2008,1,20,0.33711746
2008,1,21,0.33696416
2008,1,22,0.33688131
2008,1,23,0.33686655
2008,1,24,0.33690704
2008,1,25,0.33698645
2008,1,26,0.33709413
2008,1,27,0.33720978
2008,1,28,0.33732482
2008,1,29,0.3374336
2008,1,30,0.3375329
2008,1,31,0.33762478
2008,1,32,0.33769838
2008,1,33,0.33775572
2008,1,34,0.33779894
2008,1,35,0.33783022
2008,1,36,0.33785167
2008,1,37,0.33786511
2008,1,38,0.33786511
2008,1,39,0.33786511
2008,1,40,0.33786511
2009,1,1,3.384439e-10
2009,1,2,0.0144684387
2009,1,3,0.042215624
2009,1,4,0.074214609
2009,1,5,0.10589888
2009,1,6,0.10854915
2009,1,7,0.11713541
2009,1,8,0.14283695
2009,1,9,0.17441517
2009,1,10,0.20102861
2009,1,11,0.21821386
2009,1,12,0.22711269
2009,1,13,0.23026018
2009,1,14,0.22997083
2009,1,15,0.22805746
2009,1,16,0.22595195
2009,1,17,0.22461662
2009,1,18,0.2242007
2009,1,19,0.2244322
2009,1,20,0.22508014
2009,1,21,0.22597037
2009,1,22,0.22697631
2009,1,23,0.22800927
2009,1,24,0.22900984
2009,1,25,0.22994084
2009,1,26,0.2307866
2009,1,27,0.2315293
2009,1,28,0.23216869
2009,1,29,0.23270966
2009,1,30,0.23316013
2009,1,31,0.23353406
2009,1,32,0.23382885
2009,1,33,0.23405614
2009,1,34,0.23422666
2009,1,35,0.23435
2009,1,36,0.23443464
2009,1,37,0.23448792
2009,1,38,0.23448792
2009,1,39,0.23448792
2009,1,40,0.23448792
2010,1,1,3.0820845e-10
2010,1,2,0.0150081425
2010,1,3,0.041798105
2010,1,4,0.074678987
2010,1,5,0.106616084
2010,1,6,0.10716665
2010,1,7,0.11216257
2010,1,8,0.13369377
2010,1,9,0.16113336
2010,1,10,0.18399063
2010,1,11,0.19790744
2010,1,12,0.20407308
2010,1,13,0.20503729
2010,1,14,0.20310465
2010,1,15,0.20005526
2010,1,16,0.19726883
2010,1,17,0.19563581
2010,1,18,0.19520155
2010,1,19,0.19558547
2010,1,20,0.19647641
2010,1,21,0.19764671
2010,1,22,0.19893647
2010,1,23,0.20023778
2010,1,24,0.20148136
2010,1,25,0.20262594
2010,1,26,0.20365499
2010,1,27,0.20455271
2010,1,28,0.20532125
2010,1,29,0.20596837
2010,1,30,0.20650489
2010,1,31,0.20694777
2010,1,32,0.20729652
2010,1,33,0.20756524
2010,1,34,0.20776672
2010,1,35,0.20791245
2010,1,36,0.20801243
2010,1,37,0.20807534
2010,1,38,0.20807534
2010,1,39,0.20807534
2010,1,40,0.20807534
2011,1,1,3.9318364e-10
2011,1,2,0.0192269438
2011,1,3,0.0574595156
2011,1,4,0.099719294
2011,1,5,0.139798481
2011,1,6,0.13660261
2011,1,7,0.13669533
2011,1,8,0.1586088
2011,1,9,0.19098852
2011,1,10,0.22103821
2011,1,11,0.24247358
2011,1,12,0.25534286
2011,1,13,0.26161315
2011,1,14,0.26341456
2011,1,15,0.26263124
2011,1,16,0.26092899
2011,1,17,0.25952206
2011,1,18,0.25874917
2011,1,19,0.2584861
2011,1,20,0.25859139
2011,1,21,0.25894352
2011,1,22,0.25944548
2011,1,23,0.2600237
2011,1,24,0.26062481
2011,1,25,0.26121221
2011,1,26,0.26176988
2011,1,27,0.26227183
2011,1,28,0.26271301
2011,1,29,0.26309332
2011,1,30,0.26341574
2011,1,31,0.26369102
2011,1,32,0.26390817
2011,1,33,0.26407562
2011,1,34,0.26420123
2011,1,35,0.26429206
2011,1,36,0.26435431
2011,1,37,0.26439346
2011,1,38,0.26439346
2011,1,39,0.26439346
2011,1,40,0.26439346
2012,1,1,4.0105979e-10
2012,1,2,0.0175700959
2012,1,3,0.055603392
2012,1,4,0.094526639
2012,1,5,0.131582664
2012,1,6,0.1289606
2012,1,7,0.1300492
2012,1,8,0.1528443
2012,1,9,0.1869579
2012,1,10,0.21990129
2012,1,11,0.24499253
2012,1,12,0.26164292
2012,1,13,0.27135454
2012,1,14,0.27600701
2012,1,15,0.27738711
2012,1,16,0.27714894
2012,1,17,0.27655959
2012,1,18,0.27610705
2012,1,19,0.27584565
2012,1,20,0.27576522
2012,1,21,0.27583347
2012,1,22,0.27601136
2012,1,23,0.27626119
2012,1,24,0.27655058
2012,1,25,0.2768542
2012,1,26,0.27716134
2012,1,27,0.27744661
2012,1,28,0.2777039
2012,1,29,0.27793063
2012,1,30,0.27812679
2012,1,31,0.27829932
2012,1,32,0.27843545
2012,1,33,0.27854039
2012,1,34,0.27861901
2012,1,35,0.27867576
2012,1,36,0.27871459
2012,1,37,0.27873895
2012,1,38,0.27873895
2012,1,39,0.27873895
2012,1,40,0.27873895
2013,1,1,3.0951963e-10
2013,1,2,0.0111208185
2013,1,3,0.0305010837
2013,1,4,0.054963535
2013,1,5,0.079255252
2013,1,6,0.081640865
2013,1,7,0.08967197
2013,1,8,0.11314031
2013,1,9,0.14394074
2013,1,10,0.17288068
2013,1,11,0.19504899
2013,1,12,0.21012843
2013,1,13,0.21941754
2013,1,14,0.22448029
2013,1,15,0.22676255
2013,1,16,0.22755523
2013,1,17,0.22784538
2013,1,18,0.22805125
2013,1,19,0.22825918
2013,1,20,0.2285009
2013,1,21,0.22878164
2013,1,22,0.22909243
2013,1,23,0.22941871
2013,1,24,0.22974545
2013,1,25,0.23005994
2013,1,26,0.23035622
2013,1,27,0.23062281
2013,1,28,0.23085739
2013,1,29,0.2310599
2013,1,30,0.23123184
2013,1,31,0.23137909
2013,1,32,0.23149503
2013,1,33,0.23158422
2013,1,34,0.23165091
2013,1,35,0.23169899
2013,1,36,0.23173185
2013,1,37,0.23175243
2013,1,38,0.23175243
2013,1,39,0.23175243
2013,1,40,0.23175243
2014,1,1,3.0072009e-10
2014,1,2,0.0148986802
2014,1,3,0.0492011568
2014,1,4,0.082247942
2014,1,5,0.11313134
2014,1,6,0.108656295
2014,1,7,0.10553204
2014,1,8,0.11974857
2014,1,9,0.14313062
2014,1,10,0.16554111
2014,1,11,0.18158671
2014,1,12,0.19106154
2014,1,13,0.19546201
2014,1,14,0.19648751
2014,1,15,0.19565116
2014,1,16,0.19427444
2014,1,17,0.19330197
2014,1,18,0.19295621
2014,1,19,0.19307937
2014,1,20,0.19351607
2014,1,21,0.19414182
2014,1,22,0.19486309
2014,1,23,0.19561288
2014,1,24,0.19634556
2014,1,25,0.19703207
2014,1,26,0.19766299
2014,1,27,0.1982183
2014,1,28,0.19869759
2014,1,29,0.19910434
2014,1,30,0.19944435
2014,1,31,0.19972918
2014,1,32,0.19995323
2014,1,33,0.20012566
2014,1,34,0.20025478
2014,1,35,0.20034803
2014,1,36,0.20041192
2014,1,37,0.20045207
2014,1,38,0.20045207
2014,1,39,0.20045207
2014,1,40,0.20045207
2015,1,1,2.682793e-10
2015,1,2,0.0049893355
2015,1,3,0.021318515
2015,1,4,0.033496509
2015,1,5,0.048077558
2015,1,6,0.058096051
2015,1,7,0.07727111
2015,1,8,0.10686154
2015,1,9,0.13812914
2015,1,10,0.16363881
2015,1,11,0.1806035
2015,1,12,0.19031883
2015,1,13,0.19509014
2015,1,14,0.19691741
2015,1,15,0.19726949
2015,1,16,0.19719582
2015,1,17,0.19738438
2015,1,18,0.19798593
2015,1,19,0.19885024
2015,1,20,0.19986092
2015,1,21,0.20093303
2015,1,22,0.20200425
2015,1,23,0.20303036
2015,1,24,0.20398198
2015,1,25,0.20484166
2015,1,26,0.205605
2015,1,27,0.20626472
2015,1,28,0.20682502
2015,1,29,0.20729322
2015,1,30,0.20767831
2015,1,31,0.20799147
2015,1,32,0.2082381
2015,1,33,0.20842807
2015,1,34,0.20857049
2015,1,35,0.2086734
2015,1,36,0.20874398
2015,1,37,0.20878837
2015,1,38,0.20878837
2015,1,39,0.20878837
2015,1,40,0.20878837
2016,1,1,2.7787188e-10
2016,1,2,0.0058437645
2016,1,3,0.0141898908
2016,1,4,0.027431399
2016,1,5,0.043046533
2016,1,6,0.05367581
2016,1,7,0.07430222
2016,1,8,0.10605509
2016,1,9,0.14006854
2016,1,10,0.16858127
2016,1,11,0.18839286
2016,1,12,0.20053714
2016,1,13,0.20721381
2016,1,14,0.21043277
2016,1,15,0.21173666
2016,1,16,0.21227492
2016,1,17,0.21283132
2016,1,18,0.21363563
2016,1,19,0.21459833
2016,1,20,0.21564399
2016,1,21,0.2167141
2016,1,22,0.21776321
2016,1,23,0.21875744
2016,1,24,0.2196736
2016,1,25,0.22049789
2016,1,26,0.22122513
2016,1,27,0.22185356
2016,1,28,0.22238742
2016,1,29,0.22283371
2016,1,30,0.22320101
2016,1,31,0.22350033
2016,1,32,0.22373585
2016,1,33,0.22391713
2016,1,34,0.22405289
2016,1,35,0.22415093
2016,1,36,0.22421812
2016,1,37,0.22426034
2016,1,38,0.22426034
2016,1,39,0.22426034
2016,1,40,0.22426034
2017,1,1,2.8937086e-10
2017,1,2,0.0063034123
2017,1,3,0.019575934
2017,1,4,0.034039286
2017,1,5,0.050175233
2017,1,6,0.05803934
2017,1,7,0.07427277
2017,1,8,0.10262984
2017,1,9,0.13548942
2017,1,10,0.1652689
2017,1,11,0.18821343
2017,1,12,0.20432086
2017,1,13,0.21487589
2017,1,14,0.22130886
2017,1,15,0.2248916
2017,1,16,0.22672418
2017,1,17,0.22766926
2017,1,18,0.22818087
2017,1,19,0.22845125
2017,1,20,0.22860338
2017,1,21,0.22870938
2017,1,22,0.22880564
2017,1,23,0.22890652
2017,1,24,0.22901447
2017,1,25,0.22912655
2017,1,26,0.22924058
2017,1,27,0.22934821
2017,1,28,0.22944666
2017,1,29,0.2295343
2017,1,30,0.22961055
2017,1,31,0.22967757
2017,1,32,0.22973061
2017,1,33,0.22977153
2017,1,34,0.22980215
2017,1,35,0.22982418
2017,1,36,0.22983919
2017,1,37,0.22984854
2017,1,38,0.22984854
2017,1,39,0.22984854
2017,1,40,0.22984854
2018,1,1,2.6369377e-10
2018,1,2,0.0058848167
2018,1,3,0.0173375496
2018,1,4,0.030738454
2018,1,5,0.045603128
2018,1,6,0.052610419
2018,1,7,0.067117003
2018,1,8,0.09264307
2018,1,9,0.12238954
2018,1,10,0.14962922
2018,1,11,0.17102905
2018,1,12,0.18644462
2018,1,13,0.19684507
2018,1,14,0.20337738
2018,1,15,0.20711116
2018,1,16,0.2090169
2018,1,17,0.20988673
2018,1,18,0.21018761
2018,1,19,0.21016946
2018,1,20,0.20999754
2018,1,21,0.20977259
2018,1,22,0.20954949
2018,1,23,0.20935395
2018,1,24,0.20919451
2018,1,25,0.20907078
2018,1,26,0.20898033
2018,1,27,0.20891416
2018,1,28,0.20886707
2018,1,29,0.20883461
2018,1,30,0.20881324
2018,1,31,0.20880194
2018,1,32,0.20879357
2018,1,33,0.20878731
2018,1,34,0.20878265
2018,1,35,0.20877924
2018,1,36,0.2087768
2018,1,37,0.20877519
2018,1,38,0.20877519
2018,1,39,0.20877519
2018,1,40,0.20877519
2019,1,1,2.4156505e-10
2019,1,2,0.0024487507
2019,1,3,0.0091032889
2019,1,4,0.015344533
2019,1,5,0.024429854
2019,1,6,0.035638758
2019,1,7,0.05643211
2019,1,8,0.08560906
2019,1,9,0.1163716
2019,1,10,0.14300101
2019,1,11,0.16309032
2019,1,12,0.1771015
2019,1,13,0.18637361
2019,1,14,0.19221258
2019,1,15,0.19568759
2019,1,16,0.19765813
2019,1,17,0.19878977
2019,1,18,0.19945963
2019,1,19,0.19984715
2019,1,20,0.20007848
2019,1,21,0.20023314
2019,1,22,0.20035515
2019,1,23,0.20046549
2019,1,24,0.20057185
2019,1,25,0.2006752
2019,1,26,0.20077509
2019,1,27,0.2008672
2019,1,28,0.20094988
2019,1,29,0.20102224
2019,1,30,0.20108406
2019,1,31,0.20113649
2019,1,32,0.20117818
2019,1,33,0.20121045
2019,1,34,0.20123466
2019,1,35,0.20125212
2019,1,36,0.20126402
2019,1,37,0.20127144
2019,1,38,0.20127144
2019,1,39,0.20127144
2019,1,40,0.20127144
2020,1,1,2.5872934e-10
2020,1,2,0.0068800923
2020,1,3,0.0232589615
2020,1,4,0.038979273
2020,1,5,0.055511508
2020,1,6,0.060190301
2020,1,7,0.07091082
2020,1,8,0.09320135
2020,1,9,0.12040703
2020,1,10,0.14551839
2020,1,11,0.16496666
2020,1,12,0.17859737
2020,1,13,0.18743966
2020,1,14,0.19269592
2020,1,15,0.19546813
2020,1,16,0.19673977
2020,1,17,0.19728755
2020,1,18,0.19750893
2020,1,19,0.19756549
2020,1,20,0.19755563
2020,1,21,0.19753424
2020,1,22,0.19752687
2020,1,23,0.19754142
2020,1,24,0.19757655
2020,1,25,0.19762705
2020,1,26,0.19769023
2020,1,27,0.19775508
2020,1,28,0.19781798
2020,1,29,0.19787655
2020,1,30,0.19792942
2020,1,31,0.19797819
2020,1,32,0.19801692
2020,1,33,0.19804684
2020,1,34,0.19806927
2020,1,35,0.1980854
2020,1,36,0.19809637
2020,1,37,0.19810322
2020,1,38,0.19810322
2020,1,39,0.19810322
2020,1,40,0.19810322
2021,1,1,2.9920363e-10
2021,1,2,0.0096714318
2021,1,3,0.024136149
2021,1,4,0.045309026
2021,1,5,0.066777179
2021,1,6,0.070599096
2021,1,7,0.080673
2021,1,8,0.10487168
2021,1,9,0.13581744
2021,1,10,0.16540049
2021,1,11,0.18926564
2021,1,12,0.20677273
2021,1,13,0.21866991
2021,1,14,0.22606969
2021,1,15,0.23013324
2021,1,16,0.23200719
2021,1,17,0.23265298
2021,1,18,0.23263899
2021,1,19,0.23227893
2021,1,20,0.23177208
2021,1,21,0.23123649
2021,1,22,0.23073518
2021,1,23,0.23029648
2021,1,24,0.22992853
2021,1,25,0.22962879
2021,1,26,0.22939198
2021,1,27,0.22920554
2021,1,28,0.22906104
2021,1,29,0.22895084
2021,1,30,0.22886851
2021,1,31,0.22881168
2021,1,32,0.22876753
2021,1,33,0.22873376
2021,1,34,0.22870847
2021,1,35,0.22869013
2021,1,36,0.22867745
2021,1,37,0.22866938
2021,1,38,0.22866938
2021,1,39,0.22866938
2021,1,40,0.22866938
2022,1,1,2.8938353e-10
2022,1,2,0.0124810075
2022,1,3,0.02912842
2022,1,4,0.055957699
2022,1,5,0.081764737
2022,1,6,0.081565155
2022,1,7,0.08534626
2022,1,8,0.10452977
2022,1,9,0.1318158
2022,1,10,0.15848229
2022,1,11,0.17967601
2022,1,12,0.19468095
2022,1,13,0.20431133
2022,1,14,0.20977385
2022,1,15,0.21231321
2022,1,16,0.21314366
2022,1,17,0.21324041
2022,1,18,0.21307431
2022,1,19,0.21281918
2022,1,20,0.2125648
2022,1,21,0.21235317
2022,1,22,0.212198
2022,1,23,0.21209769
2022,1,24,0.21204366
2022,1,25,0.21202511
2022,1,26,0.21203407
2022,1,27,0.21205807
2022,1,28,0.21209089
2022,1,29,0.21212801
2022,1,30,0.21216644
2022,1,31,0.21220816
2022,1,32,0.21224124
2022,1,33,0.21226675
2022,1,34,0.2122858
2022,1,35,0.21229946
2022,1,36,0.21230873
2022,1,37,0.21231447
2022,1,38,0.21231447
2022,1,39,0.21231447
2022,1,40,0.21231447
2023,1,1,6.899554e-10
2023,1,2,0.032304156
2023,1,3,0.33846902
2023,1,4,0.42754188
2023,1,5,0.50036245
2023,1,6,0.43521883
2023,1,7,0.33457139
2023,1,8,0.2818102
2023,1,9,0.27185263
2023,1,10,0.28099917
2023,1,11,0.29179245
2023,1,12,0.2982077
2023,1,13,0.29942331
2023,1,14,0.29641761
2023,1,15,0.29081035
2023,1,16,0.28457935
2023,1,17,0.27932521
2023,1,18,0.27543578
2023,1,19,0.27270973
2023,1,20,0.27088425
2023,1,21,0.26972552
2023,1,22,0.26904687
2023,1,23,0.26870647
2023,1,24,0.26859944
2023,1,25,0.26864974
2023,1,26,0.26889168
2023,1,27,0.26913692
2023,1,28,0.26937235
2023,1,29,0.26959052
2023,1,30,0.26978795
2023,1,31,0.26997366
2023,1,32,0.27012017
2023,1,33,0.27023311
2023,1,34,0.27031774
2023,1,35,0.27037886
2023,1,36,0.27042071
2023,1,37,0.27044698
2023,1,38,0.27044698
2023,1,39,0.27044698
2023,1,40,0.27044698
2024,1,1,7.5322591e-10
2024,1,2,0.0208517608
2024,1,3,0.065109647
2024,1,4,0.112143787
2024,1,5,0.16094027
2024,1,6,0.172652
2024,1,7,0.20056179
2024,1,8,0.26206095
2024,1,9,0.33935502
2024,1,10,0.41348376
2024,1,11,0.47450785
2024,1,12,0.52062605
2024,1,13,0.55311762
2024,1,14,0.57419523
2024,1,15,0.58634929
2024,1,16,0.59219384
2024,1,17,0.59404897
2024,1,18,0.59351303
2024,1,19,0.59166762
2024,1,20,0.58923478
2024,1,21,0.5866611
2024,1,22,0.58419992
2024,1,23,0.5819784
2024,1,24,0.5800459
2024,1,25,0.57840767
2024,1,26,0.57705399
2024,1,27,0.5759417
2024,1,28,0.57504031
2024,1,29,0.57431974
2024,1,30,0.57375207
2024,1,31,0.57331886
2024,1,32,0.57298076
2024,1,33,0.57272158
2024,1,34,0.57252775
2024,1,35,0.57238763
2024,1,36,0.57229134
2024,1,37,0.57223065
2024,1,38,0.57223065
2024,1,39,0.57223065
2024,1,40,0.57223065
1952,2,1,1.07992363e-11
1952,2,2,1.07992363e-11
1952,2,3,3.1215295e-05
1952,2,4,0.000106740884
1952,2,5,0.00095966352
1952,2,6,0.0049466776
1952,2,7,0.0085310203
1952,2,8,0.0081516932
1952,2,9,0.0067275702
1952,2,10,0.0062301746
1952,2,11,0.0070634766
1952,2,12,0.0087944778
1952,2,13,0.0109543461
1952,2,14,0.0129402862
1952,2,15,0.0141132785
1952,2,16,0.0140764162
1952,2,17,0.0128631994
1952,2,18,0.0110184
1952,2,19,0.0091406906
1952,2,20,0.0075084772
1952,2,21,0.0061931875
1952,2,22,0.0051723559
1952,2,23,0.0043936351
1952,2,24,0.0038032473
1952,2,25,0.0033557567
1952,2,26,0.0030157376
1952,2,27,0.0027565568
1952,2,28,0.0025584792
1952,2,29,0.0024069366
1952,2,30,0.0022911256
1952,2,31,0.0022029759
1952,2,32,0.0021363964
1952,2,33,0.002086739
1952,2,34,0.0020504149
1952,2,35,0.0020246241
1952,2,36,0.0020071593
1952,2,37,0.0019962653
1952,2,38,0.0019962653
1952,2,39,0.0019962653
1952,2,40,0.0019962653
1953,2,1,1.03474917e-11
1953,2,2,1.03474917e-11
1953,2,3,2.990951e-05
1953,2,4,0.00010227579
1953,2,5,0.00091951961
1953,2,6,0.004739752
1953,2,7,0.0081741579
1953,2,8,0.0078106983
1953,2,9,0.0064461482
1953,2,10,0.0059695585
1953,2,11,0.0067680029
1953,2,12,0.0084265947
1953,2,13,0.0104961128
1953,2,14,0.0123989791
1953,2,15,0.013522902
1953,2,16,0.013487584
1953,2,17,0.0123251168
1953,2,18,0.0105574877
1953,2,19,0.0087583249
1953,2,20,0.007194389
1953,2,21,0.0059341189
1953,2,22,0.0049559894
1953,2,23,0.0042098442
1953,2,24,0.0036441528
1953,2,25,0.0032153812
1953,2,26,0.0028895866
1953,2,27,0.0026412465
1953,2,28,0.0024514559
1953,2,29,0.0023062519
1953,2,30,0.0021952856
1953,2,31,0.0021108224
1953,2,32,0.0020470287
1953,2,33,0.0019994484
1953,2,34,0.0019646435
1953,2,35,0.0019399314
1953,2,36,0.0019231973
1953,2,37,0.0019127595
1953,2,38,0.0019127595
1953,2,39,0.0019127595
1953,2,40,0.0019127595
1954,2,1,7.3597212e-12
1954,2,2,7.3597212e-12
1954,2,3,2.1273336e-05
1954,2,4,7.274432e-05
1954,2,5,0.00065401438
1954,2,6,0.0033711797
1954,2,7,0.005813923
1954,2,8,0.0055554095
1954,2,9,0.0045848651
1954,2,10,0.0042458873
1954,2,11,0.0048137875
1954,2,12,0.0059934707
1954,2,13,0.0074654283
1954,2,14,0.008818854
1954,2,15,0.0096182519
1954,2,16,0.0095931317
1954,2,17,0.0087663187
1954,2,18,0.0075090814
1954,2,19,0.0062294159
1954,2,20,0.0051170569
1954,2,21,0.00422068
1954,2,22,0.0035249799
1954,2,23,0.0029942793
1954,2,24,0.0025919275
1954,2,25,0.002286961
1954,2,26,0.0020552371
1954,2,27,0.0018786037
1954,2,28,0.0017436136
1954,2,29,0.0016403366
1954,2,30,0.0015614108
1954,2,31,0.0015013364
1954,2,32,0.0014559623
1954,2,33,0.0014221205
1954,2,34,0.0013973656
1954,2,35,0.0013797891
1954,2,36,0.0013678868
1954,2,37,0.0013604624
1954,2,38,0.0013604624
1954,2,39,0.0013604624
1954,2,40,0.0013604624
1955,2,1,6.4251561e-12
1955,2,2,6.4251561e-12
1955,2,3,1.857197e-05
1955,2,4,6.3506981e-05
1955,2,5,0.00057096513
1955,2,6,0.0029430948
1955,2,7,0.0050756489
1955,2,8,0.0048499634
1955,2,9,0.0040026621
1955,2,10,0.0037067288
1955,2,11,0.0042025143
1955,2,12,0.0052323978
1955,2,13,0.0065174398
1955,2,14,0.0076990049
1955,2,15,0.0083968917
1955,2,16,0.0083749609
1955,2,17,0.0076531398
1955,2,18,0.0065555504
1955,2,19,0.0054383809
1955,2,20,0.0044672725
1955,2,21,0.0036847231
1955,2,22,0.0030773653
1955,2,23,0.0026140546
1955,2,24,0.0022627951
1955,2,25,0.0019965543
1955,2,26,0.0017942556
1955,2,27,0.0016400516
1955,2,28,0.0015222031
1955,2,29,0.0014320406
1955,2,30,0.0013631371
1955,2,31,0.0013106913
1955,2,32,0.0012710788
1955,2,33,0.00124153438
1955,2,34,0.00121992298
1955,2,35,0.0012045784
1955,2,36,0.00119418744
1955,2,37,0.00118770584
1955,2,38,0.00118770584
1955,2,39,0.00118770584
1955,2,40,0.00118770584
1956,2,1,5.1737459e-12
1956,2,2,5.1737459e-12
1956,2,3,1.4954757e-05
1956,2,4,5.1137892e-05
1956,2,5,0.0004597598
1956,2,6,0.0023698761
1956,2,7,0.004087079
1956,2,8,0.0039053491
1956,2,9,0.0032230743
1956,2,10,0.0029847792
1956,2,11,0.0033840013
1956,2,12,0.0042132969
1956,2,13,0.0052480564
1956,2,14,0.0061994897
1956,2,15,0.0067614513
1956,2,16,0.0067437918
1956,2,17,0.0061625583
1956,2,18,0.005278743
1956,2,19,0.0043791621
1956,2,20,0.0035971952
1956,2,21,0.0029670592
1956,2,22,0.0024779949
1956,2,23,0.0021049221
1956,2,24,0.0018220764
1956,2,25,0.0016076907
1956,2,26,0.0014447932
1956,2,27,0.00132062322
1956,2,28,0.00122572775
1956,2,29,0.00115312586
1956,2,30,0.00109764254
1956,2,31,0.00105541132
1956,2,32,0.00102351433
1956,2,33,0.00099972394
1956,2,34,0.00098232179
1956,2,35,0.00096996587
1956,2,36,0.00096159873
1956,2,37,0.00095637952
1956,2,38,0.00095637952
1956,2,39,0.00095637952
1956,2,40,0.00095637952
1957,2,1,6.0271984e-12
1957,2,2,6.0271984e-12
1957,2,3,1.7421668e-05
1957,2,4,5.9573519e-05
1957,2,5,0.00053560093
1957,2,6,0.0027608069
1957,2,7,0.004761277
1957,2,8,0.0045495686
1957,2,9,0.0037547464
1957,2,10,0.0034771431
1957,2,11,0.0039422208
1957,2,12,0.004908315
1957,2,13,0.0061137669
1957,2,14,0.0072221463
1957,2,15,0.0078768082
1957,2,16,0.0078562365
1957,2,17,0.0071791224
1957,2,18,0.0061495161
1957,2,19,0.0051015416
1957,2,20,0.0041905819
1957,2,21,0.0034565006
1957,2,22,0.0028867608
1957,2,23,0.0024521468
1957,2,24,0.0021226431
1957,2,25,0.0018728926
1957,2,26,0.0016831238
1957,2,27,0.0015384709
1957,2,28,0.0014279217
1957,2,29,0.0013433436
1957,2,30,0.0012787078
1957,2,31,0.0012295102
1957,2,32,0.0011923513
1957,2,33,0.0011646369
1957,2,34,0.001144364
1957,2,35,0.0011299697
1957,2,36,0.0011202224
1957,2,37,0.0011141422
1957,2,38,0.0011141422
1957,2,39,0.0011141422
1957,2,40,0.0011141422
1958,2,1,1.8480198e-11
1958,2,2,1.8480198e-11
1958,2,3,3.1960758e-05
1958,2,4,0.000103004578
1958,2,5,0.00090262629
1958,2,6,0.0046378609
1958,2,7,0.0080071683
1958,2,8,0.0077013345
1958,2,9,0.0065132168
1958,2,10,0.0064349974
1958,2,11,0.0081256196
1958,2,12,0.011521738
1958,2,13,0.016331039
1958,2,14,0.021646198
1958,2,15,0.026032835
1958,2,16,0.028194451
1958,2,17,0.027652211
1958,2,18,0.025182292
1958,2,19,0.022013868
1958,2,20,0.018901284
1958,2,21,0.016178823
1958,2,22,0.013934284
1958,2,23,0.012140494
1958,2,24,0.010729671
1958,2,25,0.009628515
1958,2,26,0.008771864
1958,2,27,0.008106333
1958,2,28,0.007589824
1958,2,29,0.007189708
1958,2,30,0.006880838
1958,2,31,0.00664382
1958,2,32,0.00646362
1958,2,33,0.006328506
1958,2,34,0.00622925
1958,2,35,0.006158536
1958,2,36,0.006110519
1958,2,37,0.006080502
1958,2,38,0.006080502
1958,2,39,0.006080502
1958,2,40,0.006080502
1959,2,1,2.2422435e-11
1959,2,2,2.2422435e-11
1959,2,3,4.7956664e-05
1959,2,4,0.000159050469
1959,2,5,0.00141153921
1959,2,6,0.0072642773
1959,2,7,0.0125348039
1959,2,8,0.0120168857
1959,2,9,0.010041095
1959,2,10,0.0096155619
1959,2,11,0.0115536344
1959,2,12,0.015488602
1959,2,13,0.020847653
1959,2,14,0.02647678
1959,2,15,0.03078142
1959,2,16,0.032452536
1959,2,17,0.031138514
1959,2,18,0.027847841
1959,2,19,0.023984358
1959,2,20,0.020344441
1959,2,21,0.017242974
1959,2,22,0.014732491
1959,2,23,0.012753323
1959,2,24,0.011212866
1959,2,25,0.010020269
1959,2,26,0.009098418
1959,2,27,0.008385877
1959,2,28,0.007835132
1959,2,29,0.007409884
1959,2,30,0.007082473
1959,2,31,0.006831754
1959,2,32,0.006641459
1959,2,33,0.006498968
1959,2,34,0.006394407
1959,2,35,0.006319976
1959,2,36,0.006269471
1959,2,37,0.006237917
1959,2,38,0.006237917
1959,2,39,0.006237917
1959,2,40,0.006237917
1960,2,1,1.9945283e-11
1960,2,2,1.9945283e-11
1960,2,3,3.1646033e-05
1960,2,4,0.00010059564
1960,2,5,0.0008759972
1960,2,6,0.00449745762
1960,2,7,0.007766881
1960,2,8,0.0074823756
1960,2,9,0.0063658683
1960,2,10,0.0063840651
1960,2,11,0.0082438495
1960,2,12,0.011966817
1960,2,13,0.017305185
1960,2,14,0.023296183
1960,2,15,0.028346468
1960,2,16,0.030974795
1960,2,17,0.030593211
1960,2,18,0.028018682
1960,2,19,0.024605017
1960,2,20,0.021203261
1960,2,21,0.018202349
1960,2,22,0.015713801
1960,2,23,0.01371657
1960,2,24,0.012140729
1960,2,25,0.010907747
1960,2,26,0.009946701
1960,2,27,0.009198935
1960,2,28,0.008617906
1960,2,29,0.008167379
1960,2,30,0.007819328
1960,2,31,0.007552079
1960,2,32,0.007348796
1960,2,33,0.007196315
1960,2,34,0.007084264
1960,2,35,0.007004414
1960,2,36,0.006950183
1960,2,37,0.006916277
1960,2,38,0.006916277
1960,2,39,0.006916277
1960,2,40,0.006916277
1961,2,1,2.9853916e-11
1961,2,2,2.9853916e-11
1961,2,3,5.2891543e-05
1961,2,4,0.000171078353
1961,2,5,0.00150159707
1961,2,6,0.0077170669
1961,2,7,0.0133224175
1961,2,8,0.0128081897
1961,2,9,0.0108154755
1961,2,10,0.0106437133
1961,2,11,0.0133592894
1961,2,12,0.018820075
1961,2,13,0.026523893
1961,2,14,0.034997701
1961,2,15,0.041944344
1961,2,16,0.045305642
1961,2,17,0.044339587
1961,2,18,0.040309185
1961,2,19,0.035188108
1961,2,20,0.030178637
1961,2,21,0.025808331
1961,2,22,0.022211614
1961,2,23,0.019340917
1961,2,24,0.017085328
1961,2,25,0.015326159
1961,2,26,0.01395842
1961,2,27,0.012896327
1961,2,28,0.012072359
1961,2,29,0.01143426
1961,2,30,0.010941798
1961,2,31,0.010563968
1961,2,32,0.010276755
1961,2,33,0.010061431
1961,2,34,0.009903266
1961,2,35,0.00979059
1961,2,36,0.009714086
1961,2,37,0.009666264
1961,2,38,0.009666264
1961,2,39,0.009666264
1961,2,40,0.009666264
1962,2,1,3.5402743e-11
1962,2,2,3.5402743e-11
1962,2,3,6.99775e-05
1962,2,4,0.00022981065
1962,2,5,0.00203077876
1962,2,6,0.0104455078
1962,2,7,0.0180274484
1962,2,8,0.0173015651
1962,2,9,0.0145161685
1962,2,10,0.0140511183
1962,2,11,0.017181946
1962,2,12,0.023510971
1962,2,13,0.032270238
1962,2,14,0.041670922
1962,2,15,0.049104166
1962,2,16,0.052337959
1962,2,17,0.050673692
1962,2,18,0.045661868
1962,2,19,0.039573803
1962,2,20,0.033741273
1962,2,21,0.028718162
1962,2,22,0.024621209
1962,2,23,0.0213729
1962,2,24,0.018833503
1962,2,25,0.016860774
1962,2,26,0.015331736
1962,2,27,0.014147304
1962,2,28,0.013230227
1962,2,29,0.012521133
1962,2,30,0.011974566
1962,2,31,0.011555648
1962,2,32,0.011237459
1962,2,33,0.010999065
1962,2,34,0.010824047
1962,2,35,0.010699418
1962,2,36,0.010614825
1962,2,37,0.010561961
1962,2,38,0.010561961
1962,2,39,0.010561961
1962,2,40,0.010561961
1963,2,1,3.749662e-11
1963,2,2,3.749662e-11
1963,2,3,5.8519699e-05
1963,2,4,0.000185501139
1963,2,5,0.00161327743
1963,2,6,0.0082813681
1963,2,7,0.0143023027
1963,2,8,0.0137830276
1963,2,9,0.0117407206
1963,2,10,0.0118100184
1963,2,11,0.015318378
1963,2,12,0.022337166
1963,2,13,0.032423686
1963,2,14,0.043773623
1963,2,15,0.053376046
1963,2,16,0.058418228
1963,2,17,0.057770491
1963,2,18,0.052961628
1963,2,19,0.046546058
1963,2,20,0.040136338
1963,2,21,0.034473289
1963,2,22,0.02977229
1963,2,23,0.025996609
1963,2,24,0.023015891
1963,2,25,0.020682693
1963,2,26,0.018863475
1963,2,27,0.017447613
1963,2,28,0.016347235
1963,2,29,0.015493864
1963,2,30,0.014834514
1963,2,31,0.014328181
1963,2,32,0.013943005
1963,2,33,0.013654067
1963,2,34,0.013441732
1963,2,35,0.013290411
1963,2,36,0.013187634
1963,2,37,0.013123377
1963,2,38,0.013123377
1963,2,39,0.013123377
1963,2,40,0.013123377
1964,2,1,3.0650122e-11
1964,2,2,3.0650122e-11
1964,2,3,3.7938461e-05
1964,2,4,0.00011489168
1964,2,5,0.00097759181
1964,2,6,0.0050041182
1964,2,7,0.0086506982
1964,2,8,0.0083845664
1964,2,9,0.0072911874
1964,2,10,0.0077043329
1964,2,11,0.010694156
1964,2,12,0.016631524
1964,2,13,0.025389798
1964,2,14,0.035551375
1964,2,15,0.0444979
1964,2,16,0.04964549
1964,2,17,0.04982349
1964,2,18,0.04620954
1964,2,19,0.040986053
1964,2,20,0.035599346
1964,2,21,0.030752766
1964,2,22,0.0266806
1964,2,23,0.023381606
1964,2,24,0.020760404
1964,2,25,0.018698537
1964,2,26,0.017084747
1964,2,27,0.015825015
1964,2,28,0.014843665
1964,2,29,0.014081177
1964,2,30,0.013491164
1964,2,31,0.013037539
1964,2,32,0.01269213
1964,2,33,0.012432824
1964,2,34,0.012242149
1964,2,35,0.012106197
1964,2,36,0.012013826
1964,2,37,0.011956054
1964,2,38,0.011956054
1964,2,39,0.011956054
1964,2,40,0.011956054
1965,2,1,3.3182598e-11
1965,2,2,3.3182598e-11
1965,2,3,6.446023e-05
1965,2,4,0.00021120795
1965,2,5,0.0018645135
1965,2,6,0.009589098
1965,2,7,0.016550122
1965,2,8,0.015887821
1965,2,9,0.013342809
1965,2,10,0.01294759
1965,2,11,0.015896005
1965,2,12,0.021850962
1965,2,13,0.030119493
1965,2,14,0.039031497
1965,2,15,0.046123784
1965,2,16,0.049271834
1965,2,17,0.047792619
1965,2,18,0.043131249
1965,2,19,0.037427342
1965,2,20,0.031943757
1965,2,21,0.027210839
1965,2,22,0.023344627
1965,2,23,0.020275756
1965,2,24,0.017874536
1965,2,25,0.016007872
1965,2,26,0.014560265
1965,2,27,0.013438429
1965,2,28,0.01256952
1965,2,29,0.011897487
1965,2,30,0.011379372
1965,2,31,0.010982192
1965,2,32,0.01068047
1965,2,33,0.010454389
1965,2,34,0.010288394
1965,2,35,0.010170181
1965,2,36,0.010089939
1965,2,37,0.010039791
1965,2,38,0.010039791
1965,2,39,0.010039791
1965,2,40,0.010039791
1966,2,1,3.9655925e-11
1966,2,2,3.9655925e-11
1966,2,3,8.0570191e-05
1966,2,4,0.0002655341
1966,2,5,0.0023500952
1966,2,6,0.012090279
1966,2,7,0.02086471
1966,2,8,0.020016645
1966,2,9,0.016769395
1966,2,10,0.016169728
1966,2,11,0.01964973
1966,2,12,0.026694895
1966,2,13,0.036393068
1966,2,14,0.046727865
1966,2,15,0.054811725
1966,2,16,0.05820739
1966,2,17,0.056186911
1966,2,18,0.050503004
1966,2,19,0.043678981
1966,2,20,0.037178281
1966,2,21,0.031599756
1966,2,22,0.027061302
1966,2,23,0.023469737
1966,2,24,0.020666068
1966,2,25,0.018490507
1966,2,26,0.016805769
1966,2,27,0.015501658
1966,2,28,0.014492493
1966,2,29,0.013712553
1966,2,30,0.0131116
1966,2,31,0.012651131
1966,2,32,0.012301469
1966,2,33,0.012039543
1966,2,34,0.011847278
1966,2,35,0.011710382
1966,2,36,0.011617474
1966,2,37,0.011559416
1966,2,38,0.011559416
1966,2,39,0.011559416
1966,2,40,0.011559416
1967,2,1,4.7234901e-11
1967,2,2,4.7234901e-11
1967,2,3,9.893782e-05
1967,2,4,0.00032730545
1967,2,5,0.0029015889
1967,2,6,0.014930563
1967,2,7,0.025764493
1967,2,8,0.024706844
1967,2,9,0.020666151
1967,2,10,0.019844918
1967,2,11,0.02395339
1967,2,12,0.032284977
1967,2,13,0.043682596
1967,2,14,0.055727323
1967,2,15,0.06502689
1967,2,16,0.06876369
1967,2,17,0.06614479
1967,2,18,0.059279521
1967,2,19,0.051145095
1967,2,20,0.043446188
1967,2,21,0.036866783
1967,2,22,0.031529814
1967,2,23,0.027315654
1967,2,24,0.024031575
1967,2,25,0.021486636
1967,2,26,0.01951794
1967,2,27,0.017995312
1967,2,28,0.016817846
1967,2,29,0.015908326
1967,2,30,0.015207838
1967,2,31,0.014671292
1967,2,32,0.014263971
1967,2,33,0.013958923
1967,2,34,0.013735047
1967,2,35,0.013575667
1967,2,36,0.013467511
1967,2,37,0.013399931
1967,2,38,0.013399931
1967,2,39,0.013399931
1967,2,40,0.013399931
1968,2,1,1.5280762077e-07
1968,2,2,3.9475312077e-07
1968,2,3,0.00011555842
1968,2,4,0.00037503851
1968,2,5,0.0032367525
1968,2,6,0.016583958
1968,2,7,0.028619236
1968,2,8,0.02751271
1968,2,9,0.023227709
1968,2,10,0.022838831
1968,2,11,0.028615331
1968,2,12,0.040226116
1968,2,13,0.05658027
1968,2,14,0.07453717
1968,2,15,0.08922231
1968,2,16,0.09628217
1968,2,17,0.09416053
1968,2,18,0.08555187
1968,2,19,0.07464836
1968,2,20,0.06399751
1968,2,21,0.05471352
1968,2,22,0.047077338
1968,2,23,0.040985157
1968,2,24,0.036199889
1968,2,25,0.032468704
1968,2,26,0.029568301
1968,2,27,0.027316389
1968,2,28,0.025569584
1968,2,29,0.024216948
1968,2,30,0.023173115
1968,2,31,0.022372311
1968,2,32,0.021763601
1968,2,33,0.021307267
1968,2,34,0.020972084
1968,2,35,0.020733312
1968,2,36,0.020571196
1968,2,37,0.020469864
1968,2,38,0.020469864
1968,2,39,0.020469864
1968,2,40,0.020469864
1969,2,1,8.16195396864e-06
1969,2,2,1.797968896864e-05
1969,2,3,0.00017355752
1969,2,4,0.00045825836
1969,2,5,0.0033346777
1969,2,6,0.016912517
1969,2,7,0.029170442
1969,2,8,0.028035822
1969,2,9,0.023655024
1969,2,10,0.023229981
1969,2,11,0.029058925
1969,2,12,0.040787706
1969,2,13,0.057299105
1969,2,14,0.07541235
1969,2,15,0.09020428
1969,2,16,0.09728565
1969,2,17,0.0950962
1969,2,18,0.08636706
1969,2,19,0.07533443
1969,2,20,0.06456799
1969,2,21,0.05518894
1969,2,22,0.047477813
1969,2,23,0.041327771
1969,2,24,0.03649821
1969,2,25,0.032733202
1969,2,26,0.029806922
1969,2,27,0.027535184
1969,2,28,0.025773159
1969,2,29,0.024408839
1969,2,30,0.023356049
1969,2,31,0.022548408
1969,2,32,0.021934523
1969,2,33,0.021474322
1969,2,34,0.021136305
1969,2,35,0.020895517
1969,2,36,0.020732032
1969,2,37,0.020629841
1969,2,38,0.020629841
1969,2,39,0.020629841
1969,2,40,0.020629841
1970,2,1,0.14461863
1970,2,2,0.2893934
1970,2,3,0.24285726
1970,2,4,0.14649891
1970,2,5,0.13966773
1970,2,6,0.06222798
1970,2,7,0.061788088
1970,2,8,0.03339045
1970,2,9,0.023457085
1970,2,10,0.021950104
1970,2,11,0.024589684
1970,2,12,0.030171153
1970,2,13,0.038040577
1970,2,14,0.046632844
1970,2,15,0.05362711
1970,2,16,0.0570139
1970,2,17,0.0560943
1970,2,18,0.05206085
1970,2,19,0.04677117
1970,2,20,0.041462689
1970,2,21,0.036752101
1970,2,22,0.032839454
1970,2,23,0.029706172
1970,2,24,0.027246009
1970,2,25,0.02533402
1970,2,26,0.023928881
1970,2,27,0.022839321
1970,2,28,0.021995018
1970,2,29,0.021341771
1970,2,30,0.020837992
1970,2,31,0.020451708
1970,2,32,0.020158208
1970,2,33,0.019938255
1970,2,34,0.019776741
1970,2,35,0.019661709
1970,2,36,0.01958362
1970,2,37,0.019534817
1970,2,38,0.019534817
1970,2,39,0.019534817
1970,2,40,0.019534817
1971,2,1,0.12294282
1971,2,2,0.24531012
1971,2,3,0.20282065
1971,2,4,0.12229307
1971,2,5,0.1179284
1971,2,6,0.05231962
1971,2,7,0.052269556
1971,2,8,0.028965123
1971,2,9,0.020702494
1971,2,10,0.019657555
1971,2,11,0.022631176
1971,2,12,0.028816044
1971,2,13,0.037710485
1971,2,14,0.047683951
1971,2,15,0.05611817
1971,2,16,0.06062685
1971,2,17,0.06025797
1971,2,18,0.05622576
1971,2,19,0.05059312
1971,2,20,0.04479249
1971,2,21,0.03956875
1971,2,22,0.035187183
1971,2,23,0.031653338
1971,2,24,0.028863439
1971,2,25,0.026685627
1971,2,26,0.025076417
1971,2,27,0.023825222
1971,2,28,0.022853572
1971,2,29,0.022100494
1971,2,30,0.021518922
1971,2,31,0.021072492
1971,2,32,0.020732993
1971,2,33,0.020478383
1971,2,34,0.020291313
1971,2,35,0.020158017
1971,2,36,0.020067496
1971,2,37,0.020010906
1971,2,38,0.020010906
1971,2,39,0.020010906
1971,2,40,0.020010906
1972,2,1,0.13736122
1972,2,2,0.28554865
1972,2,3,0.26205351
1972,2,4,0.1432364
1972,2,5,0.13260378
1972,2,6,0.06538448
1972,2,7,0.06854922
1972,2,8,0.033811519
1972,2,9,0.022543672
1972,2,10,0.021607757
1972,2,11,0.025998965
1972,2,12,0.032686581
1972,2,13,0.040790975
1972,2,14,0.05092959
1972,2,15,0.05996757
1972,2,16,0.0649157
1972,2,17,0.06466248
1972,2,18,0.0604681
1972,2,19,0.05452697
1972,2,20,0.04837576
1972,2,21,0.042819647
1972,2,22,0.038150024
1972,2,23,0.034378403
1972,2,24,0.031397492
1972,2,25,0.02906856
1972,2,26,0.027344983
1972,2,27,0.02600407
1972,2,28,0.024962254
1972,2,29,0.024154494
1972,2,30,0.023530504
1972,2,31,0.023051398
1972,2,32,0.022686979
1972,2,33,0.022413639
1972,2,34,0.022212782
1972,2,35,0.022069649
1972,2,36,0.021972441
1972,2,37,0.021911666
1972,2,38,0.021911666
1972,2,39,0.021911666
1972,2,40,0.021911666
1973,2,1,0.2142901
1973,2,2,0.43880074
1973,2,3,0.38712372
1973,2,4,0.21839582
1973,2,5,0.20636097
1973,2,6,0.10038366
1973,2,7,0.10540981
1973,2,8,0.055684332
1973,2,9,0.038289607
1973,2,10,0.035856011
1973,2,11,0.040981479
1973,2,12,0.049724892
1973,2,13,0.06050156
1973,2,14,0.07272795
1973,2,15,0.08260572
1973,2,16,0.08688984
1973,2,17,0.08467544
1973,2,18,0.07794532
1973,2,19,0.06957734
1973,2,20,0.06139043
1973,2,21,0.0542366
1973,2,22,0.04835472
1973,2,23,0.043677436
1973,2,24,0.040023211
1973,2,25,0.037193352
1973,2,26,0.035107766
1973,2,27,0.033494509
1973,2,28,0.032246823
1973,2,29,0.031282978
1973,2,30,0.030540594
1973,2,31,0.029971927
1973,2,32,0.029540199
1973,2,33,0.029216864
1973,2,34,0.028979556
1973,2,35,0.028810612
1973,2,36,0.028695962
1973,2,37,0.028624325
1973,2,38,0.028624325
1973,2,39,0.028624325
1973,2,40,0.028624325
1974,2,1,0.26117577
1974,2,2,0.5440381
1974,2,3,0.500381
1974,2,4,0.27729822
1974,2,5,0.25743874
1974,2,6,0.13514647
1974,2,7,0.14642993
1974,2,8,0.07696053
1974,2,9,0.05245244
1974,2,10,0.048794463
1974,2,11,0.05545101
1974,2,12,0.06724526
1974,2,13,0.08199029
1974,2,14,0.09834858
1974,2,15,0.11124648
1974,2,16,0.11643139
1974,2,17,0.11279856
1974,2,18,0.10318133
1974,2,19,0.0915647
1974,2,20,0.08037554
1974,2,21,0.07069449
1974,2,22,0.06278591
1974,2,23,0.05652344
1974,2,24,0.0516441
1974,2,25,0.04787197
1974,2,26,0.04507059
1974,2,27,0.042906092
1974,2,28,0.041233596
1974,2,29,0.039942527
1974,2,30,0.038948695
1974,2,31,0.03818777
1974,2,32,0.037610301
1974,2,33,0.037177954
1974,2,34,0.036860716
1974,2,35,0.036634906
1974,2,36,0.036481697
1974,2,37,0.036385977
1974,2,38,0.036385977
1974,2,39,0.036385977
1974,2,40,0.036385977
1975,2,1,0.21953001
1975,2,2,0.4528046
1975,2,3,0.40995445
1975,2,4,0.23836365
1975,2,5,0.22196769
1975,2,6,0.12001701
1975,2,7,0.13250421
1975,2,8,0.07720671
1975,2,9,0.05566557
1975,2,10,0.05255717
1975,2,11,0.06084817
1975,2,12,0.07727196
1975,2,13,0.09983083
1975,2,14,0.12469732
1975,2,15,0.1448901
1975,2,16,0.15429205
1975,2,17,0.15086309
1975,2,18,0.13836408
1975,2,19,0.12252258
1975,2,20,0.10694357
1975,2,21,0.09329485
1975,2,22,0.08204401
1975,2,23,0.07307051
1975,2,24,0.06603625
1975,2,25,0.06056917
1975,2,26,0.05645383
1975,2,27,0.05326374
1975,2,28,0.05079232
1975,2,29,0.04888053
1975,2,30,0.04740639
1975,2,31,0.04627621
1975,2,32,0.04541758
1975,2,33,0.04477415
1975,2,34,0.044301691
1975,2,35,0.043965229
1975,2,36,0.04373683
1975,2,37,0.043594083
1975,2,38,0.043594083
1975,2,39,0.043594083
1975,2,40,0.043594083
1976,2,1,0.23352667
1976,2,2,0.4595285
1976,2,3,0.38681258
1976,2,4,0.2452715
1976,2,5,0.22895135
1976,2,6,0.10486133
1976,2,7,0.10725642
1976,2,8,0.06990746
1976,2,9,0.05326177
1976,2,10,0.05079168
1976,2,11,0.05912127
1976,2,12,0.07215784
1976,2,13,0.08709259
1976,2,14,0.10426118
1976,2,15,0.11787803
1976,2,16,0.12306063
1976,2,17,0.11866654
1976,2,18,0.10787599
1976,2,19,0.09506729
1976,2,20,0.08284704
1976,2,21,0.07233856
1976,2,22,0.06378922
1976,2,23,0.05703802
1976,2,24,0.05178756
1976,2,25,0.04773322
1976,2,26,0.04471176
1976,2,27,0.04237927
1976,2,28,0.040578238
1976,2,29,0.039188726
1976,2,30,0.038119602
1976,2,31,0.037301342
1976,2,32,0.036680548
1976,2,33,0.036215868
1976,2,34,0.035874976
1976,2,35,0.035632374
1976,2,36,0.035467789
1976,2,37,0.03536498
1976,2,38,0.03536498
1976,2,39,0.03536498
1976,2,40,0.03536498
1977,2,1,0.29770491
1977,2,2,0.5980401
1977,2,3,0.5339444
1977,2,4,0.33995665
1977,2,5,0.3056947
1977,2,6,0.14215994
1977,2,7,0.14118231
1977,2,8,0.08170205
1977,2,9,0.059337052
1977,2,10,0.055700378
1977,2,11,0.062659845
1977,2,12,0.07432203
1977,2,13,0.08826946
1977,2,14,0.10415756
1977,2,15,0.11674339
1977,2,16,0.12158304
1977,2,17,0.11758388
1977,2,18,0.10759738
1977,2,19,0.09558544
1977,2,20,0.08400043
1977,2,21,0.07396299
1977,2,22,0.06576023
1977,2,23,0.05926886
1977,2,24,0.05421815
1977,2,25,0.05032102
1977,2,26,0.047475727
1977,2,27,0.045279718
1977,2,28,0.043584353
1977,2,29,0.042276556
1977,2,30,0.041270418
1977,2,31,0.040500441
1977,2,32,0.039916313
1977,2,33,0.039479113
1977,2,34,0.039158392
1977,2,35,0.03893015
1977,2,36,0.03877532
1977,2,37,0.038678598
1977,2,38,0.038678598
1977,2,39,0.038678598
1977,2,40,0.038678598
1978,2,1,0.25578962
1978,2,2,0.5246586
1978,2,3,0.5319218
1978,2,4,0.36291114
1978,2,5,0.29538853
1978,2,6,0.13856581
1978,2,7,0.1302603
1978,2,8,0.07424857
1978,2,9,0.05495888
1978,2,10,0.05381206
1978,2,11,0.0640926
1978,2,12,0.07659052
1978,2,13,0.08912817
1978,2,14,0.10736309
1978,2,15,0.12434647
1978,2,16,0.13305244
1978,2,17,0.13108001
1978,2,18,0.12125198
1978,2,19,0.10830876
1978,2,20,0.09535098
1978,2,21,0.08387336
1978,2,22,0.07434003
1978,2,23,0.0666939
1978,2,24,0.0606749
1978,2,25,0.05598206
1978,2,26,0.05243696
1978,2,27,0.04968259
1978,2,28,0.047544836
1978,2,29,0.045888726
1978,2,30,0.044610269
1978,2,31,0.043629198
1978,2,32,0.042883299
1978,2,33,0.042324033
1978,2,34,0.041913191
1978,2,35,0.041620489
1978,2,36,0.041421765
1978,2,37,0.041297566
1978,2,38,0.041297566
1978,2,39,0.041297566
1978,2,40,0.041297566
1979,2,1,0.3630576
1979,2,2,0.7784902
1979,2,3,0.8825478
1979,2,4,0.5916298
1979,2,5,0.45469327
1979,2,6,0.22917333
1979,2,7,0.21599272
1979,2,8,0.107245
1979,2,9,0.07395564
1979,2,10,0.0713512
1979,2,11,0.08278587
1979,2,12,0.09302801
1979,2,13,0.09949469
1979,2,14,0.11373732
1979,2,15,0.1285065
1979,2,16,0.13595858
1979,2,17,0.13353064
1979,2,18,0.12379643
1979,2,19,0.11118018
1979,2,20,0.09860159
1979,2,21,0.08747926
1979,2,22,0.0782535
1979,2,23,0.07086465
1979,2,24,0.06505774
1979,2,25,0.0605388
1979,2,26,0.05715431
1979,2,27,0.0545264
1979,2,28,0.05248786
1979,2,29,0.05090927
1979,2,30,0.04969104
1979,2,31,0.04875643
1979,2,32,0.04804602
1979,2,33,0.04751345
1979,2,34,0.04712229
1979,2,35,0.04684366
1979,2,36,0.04665451
1979,2,37,0.04653629
1979,2,38,0.04653629
1979,2,39,0.04653629
1979,2,40,0.04653629
1980,2,1,0.36117777
1980,2,2,0.7710824
1980,2,3,0.9469066
1980,2,4,0.53957802
1980,2,5,0.38273277
1980,2,6,0.17679016
1980,2,7,0.16462795
1980,2,8,0.08992784
1980,2,9,0.066234384
1980,2,10,0.07411204
1980,2,11,0.11339315
1980,2,12,0.12792129
1980,2,13,0.10536618
1980,2,14,0.10688529
1980,2,15,0.11833487
1980,2,16,0.12395519
1980,2,17,0.12072473
1980,2,18,0.11117493
1980,2,19,0.09934194
1980,2,20,0.08778437
1980,2,21,0.07769174
1980,2,22,0.0693923
1980,2,23,0.06278817
1980,2,24,0.05762391
1980,2,25,0.05362095
1980,2,26,0.050641604
1980,2,27,0.048334593
1980,2,28,0.046548868
1980,2,29,0.045168483
1980,2,30,0.044104717
1980,2,31,0.043289532
1980,2,32,0.042670481
1980,2,33,0.042206745
1980,2,34,0.041866344
1980,2,35,0.041624017
1980,2,36,0.041459572
1980,2,37,0.04135687
1980,2,38,0.04135687
1980,2,39,0.04135687
1980,2,40,0.04135687
1981,2,1,0.46279584
1981,2,2,1.0015806
1981,2,3,1.355802
1981,2,4,0.781951
1981,2,5,0.51172193
1981,2,6,0.23147078
1981,2,7,0.20121456
1981,2,8,0.10440309
1981,2,9,0.07641737
1981,2,10,0.0905566
1981,2,11,0.14943235
1981,2,12,0.16669677
1981,2,13,0.12380508
1981,2,14,0.11905828
1981,2,15,0.13269358
1981,2,16,0.14112622
1981,2,17,0.13947564
1981,2,18,0.13007208
1981,2,19,0.11742095
1981,2,20,0.10459648
1981,2,21,0.09314589
1981,2,22,0.08358769
1981,2,23,0.07589996
1981,2,24,0.06984068
1981,2,25,0.06511652
1981,2,26,0.06158079
1981,2,27,0.05883105
1981,2,28,0.05669528
1981,2,29,0.05503971
1981,2,30,0.05376104
1981,2,31,0.05277941
1981,2,32,0.05203286
1981,2,33,0.05147295
1981,2,34,0.051061556
1981,2,35,0.050768423
1981,2,36,0.050569361
1981,2,37,0.050444937
1981,2,38,0.050444937
1981,2,39,0.050444937
1981,2,40,0.050444937
1982,2,1,0.32504367
1982,2,2,0.7001044
1982,2,3,0.8477955
1982,2,4,0.43403476
1982,2,5,0.31272243
1982,2,6,0.14683663
1982,2,7,0.14115147
1982,2,8,0.06578664
1982,2,9,0.044175932
1982,2,10,0.051975485
1982,2,11,0.08705148
1982,2,12,0.10227273
1982,2,13,0.08723968
1982,2,14,0.09385033
1982,2,15,0.10930036
1982,2,16,0.11898186
1982,2,17,0.1193713
1982,2,18,0.11242423
1982,2,19,0.10207291
1982,2,20,0.09115389
1982,2,21,0.08118762
1982,2,22,0.07275123
1982,2,23,0.06590021
1982,2,24,0.06046239
1982,2,25,0.05619973
1982,2,26,0.05301199
1982,2,27,0.05052556
1982,2,28,0.04858982
1982,2,29,0.04708653
1982,2,30,0.045923793
1982,2,31,0.045030152
1982,2,32,0.044349914
1982,2,33,0.043839415
1982,2,34,0.043464136
1982,2,35,0.043196659
1982,2,36,0.043015018
1982,2,37,0.042901508
1982,2,38,0.042901508
1982,2,39,0.042901508
1982,2,40,0.042901508
1983,2,1,0.41605962
1983,2,2,0.8701985
1983,2,3,1.0682054
1983,2,4,0.6437879
1983,2,5,0.45007813
1983,2,6,0.18800564
1983,2,7,0.15527888
1983,2,8,0.08229652
1983,2,9,0.0617153
1983,2,10,0.07168181
1983,2,11,0.11282195
1983,2,12,0.1282981
1983,2,13,0.10555321
1983,2,14,0.10888277
1983,2,15,0.12396599
1983,2,16,0.13353789
1983,2,17,0.133441
1983,2,18,0.12561655
1983,2,19,0.11418653
1983,2,20,0.10217461
1983,2,21,0.09122182
1983,2,22,0.08195564
1983,2,23,0.07443559
1983,2,24,0.06847178
1983,2,25,0.06380175
1983,2,26,0.06033288
1983,2,27,0.05762789
1983,2,28,0.05552247
1983,2,29,0.05388775
1983,2,30,0.05262359
1983,2,31,0.0516522
1983,2,32,0.05091292
1983,2,33,0.05035824
1983,2,34,0.04995063
1983,2,35,0.04966025
1983,2,36,0.0494632
1983,2,37,0.0493402
1983,2,38,0.0493402
1983,2,39,0.0493402
1983,2,40,0.0493402
1984,2,1,0.4776979
1984,2,2,1.0595313
1984,2,3,1.39797
1984,2,4,0.819699
1984,2,5,0.5628608
1984,2,6,0.27826492
1984,2,7,0.2542309
1984,2,8,0.11375723
1984,2,9,0.07557503
1984,2,10,0.08323806
1984,2,11,0.12354475
1984,2,12,0.13599513
1984,2,13,0.10798806
1984,2,14,0.10674699
1984,2,15,0.11871734
1984,2,16,0.12661532
1984,2,17,0.12624671
1984,2,18,0.11916265
1984,2,19,0.10893884
1984,2,20,0.09822779
1984,2,21,0.08847639
1984,2,22,0.08023726
1984,2,23,0.07356005
1984,2,24,0.06827313
1984,2,25,0.064141
1984,2,26,0.06108463
1984,2,27,0.05870367
1984,2,28,0.05685222
1984,2,29,0.05541601
1984,2,30,0.05430634
1984,2,31,0.05345438
1984,2,32,0.05280656
1984,2,33,0.05232098
1984,2,34,0.0519645
1984,2,35,0.0517109
1984,2,36,0.05153914
1984,2,37,0.05143231
1984,2,38,0.05143231
1984,2,39,0.05143231
1984,2,40,0.05143231
1985,2,1,0.53362479
1985,2,2,1.2023654
1985,2,3,1.6555437
1985,2,4,0.963179
1985,2,5,0.64207651
1985,2,6,0.32219353
1985,2,7,0.29374414
1985,2,8,0.12809032
1985,2,9,0.08429763
1985,2,10,0.09560626
1985,2,11,0.14793153
1985,2,12,0.16185232
1985,2,13,0.1216275
1985,2,14,0.1170914
1985,2,15,0.13074949
1985,2,16,0.14047378
1985,2,17,0.14094221
1985,2,18,0.13365757
1985,2,19,0.12258552
1985,2,20,0.11076161
1985,2,21,0.09988453
1985,2,22,0.09063275
1985,2,23,0.08309946
1985,2,24,0.07711369
1985,2,25,0.07242255
1985,2,26,0.06894084
1985,2,27,0.06622368
1985,2,28,0.06410779
1985,2,29,0.06246455
1985,2,30,0.06119374
1985,2,31,0.06021735
1985,2,32,0.05947444
1985,2,33,0.05891729
1985,2,34,0.0585081
1985,2,35,0.05821687
1985,2,36,0.05801953
1985,2,37,0.05789671
1985,2,38,0.05789671
1985,2,39,0.05789671
1985,2,40,0.05789671
1986,2,1,0.1779039
1986,2,2,0.41660322
1986,2,3,0.5580561
1986,2,4,0.25561414
1986,2,5,0.17736198
1986,2,6,0.10457077
1986,2,7,0.11332705
1986,2,8,0.04760986
1986,2,9,0.029483856
1986,2,10,0.03447143
1986,2,11,0.05769482
1986,2,12,0.06926195
1986,2,13,0.06271304
1986,2,14,0.07035779
1986,2,15,0.08346291
1986,2,16,0.09193636
1986,2,17,0.09302964
1986,2,18,0.08810698
1986,2,19,0.08016661
1986,2,20,0.07152351
1986,2,21,0.06350071
1986,2,22,0.05664496
1986,2,23,0.05104884
1986,2,24,0.0465959
1986,2,25,0.04310219
1986,2,26,0.040538158
1986,2,27,0.038538377
1986,2,28,0.03698196
1986,2,29,0.035773823
1986,2,30,0.034839912
1986,2,31,0.034122644
1986,2,32,0.03357712
1986,2,33,0.033168133
1986,2,34,0.032867889
1986,2,35,0.03265429
1986,2,36,0.032509649
1986,2,37,0.032419724
1986,2,38,0.032419724
1986,2,39,0.032419724
1986,2,40,0.032419724
1987,2,1,0.24024465
1987,2,2,0.5721527
1987,2,3,0.8402449
1987,2,4,0.38749445
1987,2,5,0.24434668
1987,2,6,0.13769766
1987,2,7,0.14179667
1987,2,8,0.056429426
1987,2,9,0.034493812
1987,2,10,0.044265411
1987,2,11,0.08184109
1987,2,12,0.09670776
1987,2,13,0.07753697
1987,2,14,0.08206761
1987,2,15,0.09780283
1987,2,16,0.10883291
1987,2,17,0.11091076
1987,2,18,0.1055018
1987,2,19,0.09633763
1987,2,20,0.08626276
1987,2,21,0.07686944
1987,2,22,0.06881098
1987,2,23,0.06220514
1987,2,24,0.05692501
1987,2,25,0.05276308
1987,2,26,0.04961712
1987,2,27,0.04715664
1987,2,28,0.04523741
1987,2,29,0.04374499
1987,2,30,0.042589636
1987,2,31,0.041701245
1987,2,32,0.041024891
1987,2,33,0.040517392
1987,2,34,0.040144541
1987,2,35,0.039879098
1987,2,36,0.039699212
1987,2,37,0.039587256
1987,2,38,0.039587256
1987,2,39,0.039587256
1987,2,40,0.039587256
1988,2,1,0.1977835
1988,2,2,0.4986277
1988,2,3,0.7395217
1988,2,4,0.34836306
1988,2,5,0.22879553
1988,2,6,0.15157292
1988,2,7,0.165339
1988,2,8,0.06154924
1988,2,9,0.034245585
1988,2,10,0.039177584
1988,2,11,0.06453919
1988,2,12,0.07691111
1988,2,13,0.06996197
1988,2,14,0.08008368
1988,2,15,0.09714922
1988,2,16,0.10891787
1988,2,17,0.11153872
1988,2,18,0.10642849
1988,2,19,0.09730734
1988,2,20,0.08710304
1988,2,21,0.07750412
1988,2,22,0.0692292
1988,2,23,0.06242828
1988,2,24,0.05698532
1988,2,25,0.05269324
1988,2,26,0.04948148
1988,2,27,0.04696854
1988,2,28,0.04500775
1988,2,29,0.043482596
1988,2,30,0.042301644
1988,2,31,0.041393358
1988,2,32,0.040701717
1988,2,33,0.040182626
1988,2,34,0.039801172
1988,2,35,0.039529505
1988,2,36,0.039345306
1988,2,37,0.039230553
1988,2,38,0.039230553
1988,2,39,0.039230553
1988,2,40,0.039230553
1989,2,1,0.24553756
1989,2,2,0.6166732
1989,2,3,0.9570683
1989,2,4,0.43349092
1989,2,5,0.2674642
1989,2,6,0.17472373
1989,2,7,0.19122292
1989,2,8,0.07687598
1989,2,9,0.045687549
1989,2,10,0.05412434
1989,2,11,0.09336128
1989,2,12,0.1058297
1989,2,13,0.07890499
1989,2,14,0.07652887
1989,2,15,0.08622507
1989,2,16,0.09254191
1989,2,17,0.09216868
1989,2,18,0.08649432
1989,2,19,0.07839627
1989,2,20,0.06996292
1989,2,21,0.06231748
1989,2,22,0.05587926
1989,2,23,0.05067582
1989,2,24,0.04656485
1989,2,25,0.04335701
1989,2,26,0.040998906
1989,2,27,0.039165779
1989,2,28,0.03774285
1989,2,29,0.036640717
1989,2,30,0.03579026
1989,2,31,0.035138051
1989,2,32,0.034642619
1989,2,33,0.034271579
1989,2,34,0.033999451
1989,2,35,0.033806032
1989,2,36,0.033675186
1989,2,37,0.033593946
1989,2,38,0.033593946
1989,2,39,0.033593946
1989,2,40,0.033593946
1990,2,1,0.34590539
1990,2,2,0.7790889
1990,2,3,0.9888751
1990,2,4,0.4615724
1990,2,5,0.32897304
1990,2,6,0.17580553
1990,2,7,0.1838905
1990,2,8,0.07902119
1990,2,9,0.04960638
1990,2,10,0.05820228
1990,2,11,0.09827575
1990,2,12,0.11723321
1990,2,13,0.10315821
1990,2,14,0.11336276
1990,2,15,0.13332273
1990,2,16,0.14597901
1990,2,17,0.14693893
1990,2,18,0.13859877
1990,2,19,0.12589179
1990,2,20,0.11239771
1990,2,21,0.10004368
1990,2,22,0.08956864
1990,2,23,0.0810535
1990,2,24,0.07429048
1990,2,25,0.06898656
1990,2,26,0.06501285
1990,2,27,0.0619145
1990,2,28,0.0595035
1990,2,29,0.05763217
1990,2,30,0.0561856
1990,2,31,0.05507452
1990,2,32,0.05422939
1990,2,33,0.05359563
1990,2,34,0.05313023
1990,2,35,0.05279896
1990,2,36,0.05257443
1990,2,37,0.05243464
1990,2,38,0.05243464
1990,2,39,0.05243464
1990,2,40,0.05243464
1991,2,1,0.4785906
1991,2,2,1.074149
1991,2,3,1.4380109
1991,2,4,0.7672234
1991,2,5,0.5189546
1991,2,6,0.25796807
1991,2,7,0.24348107
1991,2,8,0.10697517
1991,2,9,0.07114205
1991,2,10,0.08482977
1991,2,11,0.14022225
1991,2,12,0.15898372
1991,2,13,0.12443425
1991,2,14,0.12495191
1991,2,15,0.14228514
1991,2,16,0.1540115
1991,2,17,0.15481324
1991,2,18,0.14661863
1991,2,19,0.13401167
1991,2,20,0.1204942
1991,2,21,0.10803356
1991,2,22,0.09742177
1991,2,23,0.08877361
1991,2,24,0.08189673
1991,2,25,0.07650257
1991,2,26,0.07250667
1991,2,27,0.06938885
1991,2,28,0.0669614
1991,2,29,0.06507659
1991,2,30,0.06361925
1991,2,31,0.06249979
1991,2,32,0.06164829
1991,2,33,0.06100989
1991,2,34,0.06054127
1991,2,35,0.06020796
1991,2,36,0.05998234
1991,2,37,0.0598422
1991,2,38,0.0598422
1991,2,39,0.0598422
1991,2,40,0.0598422
1992,2,1,0.30204265
1992,2,2,0.805229
1992,2,3,1.3587458
1992,2,4,0.561366
1992,2,5,0.31982642
1992,2,6,0.2394976
1992,2,7,0.27616463
1992,2,8,0.10802321
1992,2,9,0.06295374
1992,2,10,0.0790316
1992,2,11,0.14543524
1992,2,12,0.16981386
1992,2,13,0.13194762
1992,2,14,0.13432296
1992,2,15,0.15502324
1992,2,16,0.16792377
1992,2,17,0.16722072
1992,2,18,0.15595391
1992,2,19,0.14015954
1992,2,20,0.12395091
1992,2,21,0.10938551
1992,2,22,0.0971645
1992,2,23,0.0872862
1992,2,24,0.07946174
1992,2,25,0.07333045
1992,2,26,0.06862867
1992,2,27,0.06496531
1992,2,28,0.06211632
1992,2,29,0.05990618
1992,2,30,0.05819849
1992,2,31,0.05688746
1992,2,32,0.05589066
1992,2,33,0.05514359
1992,2,34,0.05459533
1992,2,35,0.05420543
1992,2,36,0.05394155
1992,2,37,0.05377761
1992,2,38,0.05377761
1992,2,39,0.05377761
1992,2,40,0.05377761
1993,2,1,0.22690091
1993,2,2,0.6093265
1993,2,3,1.029524
1993,2,4,0.35974469
1993,2,5,0.19259752
1993,2,6,0.15251627
1993,2,7,0.18766723
1993,2,8,0.07065202
1993,2,9,0.03983187
1993,2,10,0.05648951
1993,2,11,0.11863511
1993,2,12,0.14288281
1993,2,13,0.11092406
1993,2,14,0.11709419
1993,2,15,0.14034484
1993,2,16,0.15578157
1993,2,17,0.15748091
1993,2,18,0.14819061
1993,2,19,0.13381118
1993,2,20,0.11853221
1993,2,21,0.10454914
1993,2,22,0.09268419
1993,2,23,0.08302113
1993,2,24,0.07532568
1993,2,25,0.06927062
1993,2,26,0.06462877
1993,2,27,0.06100426
1993,2,28,0.05818061
1993,2,29,0.05598702
1993,2,30,0.05429015
1993,2,31,0.052986121
1993,2,32,0.051993746
1993,2,33,0.051249353
1993,2,34,0.050702568
1993,2,35,0.050313309
1993,2,36,0.050049483
1993,2,37,0.049885211
1993,2,38,0.049885211
1993,2,39,0.049885211
1993,2,40,0.049885211
1994,2,1,0.4437449
1994,2,2,1.057049
1994,2,3,1.4982159
1994,2,4,0.6185823
1994,2,5,0.40029527
1994,2,6,0.24268858
1994,2,7,0.27173124
1994,2,8,0.11143992
1994,2,9,0.06716717
1994,2,10,0.08498674
1994,2,11,0.15927532
1994,2,12,0.18990478
1994,2,13,0.15444951
1994,2,14,0.16444056
1994,2,15,0.19417884
1994,2,16,0.21338179
1994,2,17,0.21481648
1994,2,18,0.20217647
1994,2,19,0.18305131
1994,2,20,0.16284299
1994,2,21,0.14440017
1994,2,22,0.12878838
1994,2,23,0.11610503
1994,2,24,0.10603009
1994,2,25,0.09812367
1994,2,26,0.09214369
1994,2,27,0.08748018
1994,2,28,0.0838506
1994,2,29,0.08103301
1994,2,30,0.07885467
1994,2,31,0.07718129
1994,2,32,0.07590823
1994,2,33,0.07495342
1994,2,34,0.0742521
1994,2,35,0.07375278
1994,2,36,0.07341421
1994,2,37,0.07320322
1994,2,38,0.07320322
1994,2,39,0.07320322
1994,2,40,0.07320322
1995,2,1,0.6625227
1995,2,2,1.6038242
1995,2,3,2.4430647
1995,2,4,1.2507198
1995,2,5,0.7829954
1995,2,6,0.45910826
1995,2,7,0.46308306
1995,2,8,0.18826983
1995,2,9,0.11495988
1995,2,10,0.13432252
1995,2,11,0.22389545
1995,2,12,0.25119268
1995,2,13,0.18853869
1995,2,14,0.1852664
1995,2,15,0.21172651
1995,2,16,0.23026091
1995,2,17,0.23174501
1995,2,18,0.21915758
1995,2,19,0.19980459
1995,2,20,0.17913887
1995,2,21,0.16015058
1995,2,22,0.14401223
1995,2,23,0.13087404
1995,2,24,0.12043111
1995,2,25,0.11223992
1995,2,26,0.10611177
1995,2,27,0.10132986
1995,2,28,0.09760646
1995,2,29,0.09471504
1995,2,30,0.09247906
1995,2,31,0.09076108
1995,2,32,0.08945393
1995,2,33,0.08847349
1995,2,34,0.08775333
1995,2,35,0.08724062
1995,2,36,0.08689304
1995,2,37,0.08667651
1995,2,38,0.08667651
1995,2,39,0.08667651
1995,2,40,0.08667651
1996,2,1,0.45862152
1996,2,2,1.2229114
1996,2,3,2.0327813
1996,2,4,0.8208592
1996,2,5,0.4723285
1996,2,6,0.35595158
1996,2,7,0.41536754
1996,2,8,0.15904339
1996,2,9,0.0904891
1996,2,10,0.11499836
1996,2,11,0.21679921
1996,2,12,0.25804242
1996,2,13,0.20964106
1996,2,14,0.2251758
1996,2,15,0.26859092
1996,2,16,0.29729616
1996,2,17,0.30055
1996,2,18,0.28327636
1996,2,19,0.25629328
1996,2,20,0.22745436
1996,2,21,0.2009702
1996,2,22,0.1784607
1996,2,23,0.16012154
1996,2,24,0.14552358
1996,2,25,0.13404975
1996,2,26,0.12535172
1996,2,27,0.11856278
1996,2,28,0.11327584
1996,2,29,0.10916997
1996,2,30,0.10599478
1996,2,31,0.10355532
1996,2,32,0.10169941
1996,2,33,0.1003076
1996,2,34,0.09928554
1996,2,35,0.09855819
1996,2,36,0.09806544
1996,2,37,0.09775886
1996,2,38,0.09775886
1996,2,39,0.09775886
1996,2,40,0.09775886
1997,2,1,0.39974733
1997,2,2,0.9683364
1997,2,3,1.4538527
1997,2,4,0.6096806
1997,2,5,0.37304939
1997,2,6,0.23594191
1997,2,7,0.26257771
1997,2,8,0.10842271
1997,2,9,0.0670549
1997,2,10,0.08795402
1997,2,11,0.16920702
1997,2,12,0.21215992
1997,2,13,0.19541001
1997,2,14,0.22918467
1997,2,15,0.28198789
1997,2,16,0.31743457
1997,2,17,0.32480821
1997,2,18,0.30884048
1997,2,19,0.28083755
1997,2,20,0.24964512
1997,2,21,0.22036403
1997,2,22,0.19515877
1997,2,23,0.17446888
1997,2,24,0.15792819
1997,2,25,0.14489716
1997,2,26,0.13520454
1997,2,27,0.12762546
1997,2,28,0.12171436
1997,2,29,0.11711808
1997,2,30,0.11355995
1997,2,31,0.11082385
1997,2,32,0.10874067
1997,2,33,0.10717731
1997,2,34,0.10602854
1997,2,35,0.10521042
1997,2,36,0.10465569
1997,2,37,0.10431008
1997,2,38,0.10431008
1997,2,39,0.10431008
1997,2,40,0.10431008
1998,2,1,0.5762595
1998,2,2,1.4277551
1998,2,3,2.1905333
1998,2,4,0.8840157
1998,2,5,0.5286309
1998,2,6,0.34066819
1998,2,7,0.37921949
1998,2,8,0.13281763
1998,2,9,0.07012689
1998,2,10,0.09937231
1998,2,11,0.2103221
1998,2,12,0.25550678
1998,2,13,0.20385629
1998,2,14,0.22359357
1998,2,15,0.27567367
1998,2,16,0.3131418
1998,2,17,0.32319905
1998,2,18,0.3098345
1998,2,19,0.28406389
1998,2,20,0.25466703
1998,2,21,0.22676505
1998,2,22,0.20258472
1998,2,23,0.18264169
1998,2,24,0.16664059
1998,2,25,0.15399897
1998,2,26,0.1445058
1998,2,27,0.13707003
1998,2,28,0.13126328
1998,2,29,0.12674382
1998,2,30,0.12324262
1998,2,31,0.12054889
1998,2,32,0.11849714
1998,2,33,0.11695698
1998,2,34,0.11582507
1998,2,35,0.11501894
1998,2,36,0.11447239
1998,2,37,0.11413204
1998,2,38,0.11413204
1998,2,39,0.11413204
1998,2,40,0.11413204
1999,2,1,0.4845544
1999,2,2,1.2733116
1999,2,3,2.0367686
1999,2,4,0.7364254
1999,2,5,0.42673176
1999,2,6,0.32148975
1999,2,7,0.38607426
1999,2,8,0.1332276
1999,2,9,0.06892546
1999,2,10,0.09897738
1999,2,11,0.21099782
1999,2,12,0.26362086
1999,2,13,0.22717383
1999,2,14,0.26164297
1999,2,15,0.32546488
1999,2,16,0.36929653
1999,2,17,0.37890165
1999,2,18,0.36019257
1999,2,19,0.32753848
1999,2,20,0.29155265
1999,2,21,0.25800112
1999,2,22,0.2291968
1999,2,23,0.20554402
1999,2,24,0.18659083
1999,2,25,0.17160586
1999,2,26,0.16002534
1999,2,27,0.15095675
1999,2,28,0.14387589
1999,2,29,0.13836513
1999,2,30,0.13409606
1999,2,31,0.13081147
1999,2,32,0.12830953
1999,2,33,0.12643125
1999,2,34,0.12505062
1999,2,35,0.12406713
1999,2,36,0.12340009
1999,2,37,0.1229844
1999,2,38,0.1229844
1999,2,39,0.1229844
1999,2,40,0.1229844
2000,2,1,0.779607
2000,2,2,2.0333729
2000,2,3,3.1877838
2000,2,4,1.2313472
2000,2,5,0.7090587
2000,2,6,0.48355302
2000,2,7,0.5518431
2000,2,8,0.19362458
2000,2,9,0.10379864
2000,2,10,0.14975472
2000,2,11,0.31809266
2000,2,12,0.38713574
2000,2,13,0.30970888
2000,2,14,0.33876992
2000,2,15,0.41586705
2000,2,16,0.4708136
2000,2,17,0.4847212
2000,2,18,0.4637542
2000,2,19,0.42452815
2000,2,20,0.38014335
2000,2,21,0.33816643
2000,2,22,0.30184981
2000,2,23,0.27191726
2000,2,24,0.24790279
2000,2,25,0.2289242
2000,2,26,0.21460834
2000,2,27,0.20339351
2000,2,28,0.19463424
2000,2,29,0.1878157
2000,2,30,0.18253269
2000,2,31,0.17846751
2000,2,32,0.17537082
2000,2,33,0.17304605
2000,2,34,0.17133733
2000,2,35,0.17012033
2000,2,36,0.16929518
2000,2,37,0.16878127
2000,2,38,0.16878127
2000,2,39,0.16878127
2000,2,40,0.16878127
2001,2,1,0.5525914
2001,2,2,1.4691627
2001,2,3,2.2952377
2001,2,4,0.8635434
2001,2,5,0.4950215
2001,2,6,0.34680706
2001,2,7,0.40379745
2001,2,8,0.14735681
2001,2,9,0.08385957
2001,2,10,0.12200971
2001,2,11,0.25595482
2001,2,12,0.32412099
2001,2,13,0.2926465
2001,2,14,0.34530548
2001,2,15,0.4310826
2001,2,16,0.4901293
2001,2,17,0.5043648
2001,2,18,0.4810194
2001,2,19,0.4384398
2001,2,20,0.39072078
2001,2,21,0.34581893
2001,2,22,0.30707206
2001,2,23,0.27517007
2001,2,24,0.24957764
2001,2,25,0.22934029
2001,2,26,0.21391736
2001,2,27,0.20183546
2001,2,28,0.19239909
2001,2,29,0.18505351
2001,2,30,0.17936214
2001,2,31,0.17498273
2001,2,32,0.17164664
2001,2,33,0.16914214
2001,2,34,0.16730131
2001,2,35,0.16599018
2001,2,36,0.16510119
2001,2,37,0.16454753
2001,2,38,0.16454753
2001,2,39,0.16454753
2001,2,40,0.16454753
2002,2,1,0.4453483
2002,2,2,1.186585
2002,2,3,1.78446
2002,2,4,0.6654048
2002,2,5,0.40126892
2002,2,6,0.28488312
2002,2,7,0.3355221
2002,2,8,0.12173785
2002,2,9,0.06872429
2002,2,10,0.09678702
2002,2,11,0.19678209
2002,2,12,0.2544964
2002,2,13,0.24632568
2002,2,14,0.30077377
2002,2,15,0.37773853
2002,2,16,0.4305031
2002,2,17,0.4438811
2002,2,18,0.42406806
2002,2,19,0.38700241
2002,2,20,0.34512299
2002,2,21,0.30555392
2002,2,22,0.27133444
2002,2,23,0.24312954
2002,2,24,0.22049313
2002,2,25,0.2025926
2002,2,26,0.18902506
2002,2,27,0.17839668
2002,2,28,0.17009585
2002,2,29,0.16363459
2002,2,30,0.15862875
2002,2,31,0.15477718
2002,2,32,0.1518435
2002,2,33,0.14964137
2002,2,34,0.14802306
2002,2,35,0.14687068
2002,2,36,0.14608959
2002,2,37,0.14560344
2002,2,38,0.14560344
2002,2,39,0.14560344
2002,2,40,0.14560344
2003,2,1,0.625041
2003,2,2,1.5312618
2003,2,3,2.1338139
2003,2,4,0.9365229
2003,2,5,0.6043388
2003,2,6,0.34605855
2003,2,7,0.36537828
2003,2,8,0.14224173
2003,2,9,0.08792344
2003,2,10,0.11912018
2003,2,11,0.22828391
2003,2,12,0.28910033
2003,2,13,0.27550655
2003,2,14,0.33060482
2003,2,15,0.41147727
2003,2,16,0.46777717
2003,2,17,0.48318806
2003,2,18,0.46349057
2003,2,19,0.42477209
2003,2,20,0.38022231
2003,2,21,0.33772025
2003,2,22,0.30077386
2003,2,23,0.27024659
2003,2,24,0.24572742
2003,2,25,0.22634425
2003,2,26,0.2119041
2003,2,27,0.20058938
2003,2,28,0.19175082
2003,2,29,0.18486995
2003,2,30,0.17953846
2003,2,31,0.17543602
2003,2,32,0.17231116
2003,2,33,0.16996555
2003,2,34,0.16824191
2003,2,35,0.16701468
2003,2,36,0.1661831
2003,2,37,0.16566576
2003,2,38,0.16566576
2003,2,39,0.16566576
2003,2,40,0.16566576
2004,2,1,0.6297934
2004,2,2,1.7067602
2004,2,3,2.6191793
2004,2,4,0.9748742
2004,2,5,0.5821472
2004,2,6,0.42866061
2004,2,7,0.50576073
2004,2,8,0.17368757
2004,2,9,0.09085603
2004,2,10,0.12621821
2004,2,11,0.25688551
2004,2,12,0.31989878
2004,2,13,0.28118517
2004,2,14,0.32384588
2004,2,15,0.40007068
2004,2,16,0.45294521
2004,2,17,0.46573053
2004,2,18,0.44480767
2004,2,19,0.40663017
2004,2,20,0.36384887
2004,2,21,0.32359942
2004,2,22,0.28887243
2004,2,23,0.26028502
2004,2,24,0.23735654
2004,2,25,0.21923069
2004,2,26,0.20540228
2004,2,27,0.19457316
2004,2,28,0.18611842
2004,2,29,0.17953959
2004,2,30,0.17444444
2004,2,31,0.17052557
2004,2,32,0.16754177
2004,2,33,0.16530301
2004,2,34,0.16365867
2004,2,35,0.16248861
2004,2,36,0.16169641
2004,2,37,0.16120429
2004,2,38,0.16120429
2004,2,39,0.16120429
2004,2,40,0.16120429
2005,2,1,0.8181434
2005,2,2,1.8437457
2005,2,3,2.6390849
2005,2,4,1.350518
2005,2,5,0.7747818
2005,2,6,0.28938149
2005,2,7,0.21142118
2005,2,8,0.12257668
2005,2,9,0.10353693
2005,2,10,0.15785801
2005,2,11,0.33012746
2005,2,12,0.39280473
2005,2,13,0.29615612
2005,2,14,0.30970841
2005,2,15,0.37523781
2005,2,16,0.42353403
2005,2,17,0.43720741
2005,2,18,0.42050526
2005,2,19,0.38662261
2005,2,20,0.34704456
2005,2,21,0.30897163
2005,2,22,0.27574485
2005,2,23,0.24825912
2005,2,24,0.22619612
2005,2,25,0.20878605
2005,2,26,0.19615538
2005,2,27,0.18625793
2005,2,28,0.17852505
2005,2,29,0.17250338
2005,2,30,0.16783607
2005,2,31,0.16424331
2005,2,32,0.16150541
2005,2,33,0.1594491
2005,2,34,0.15793696
2005,2,35,0.15685926
2005,2,36,0.15612787
2005,2,37,0.15567161
2005,2,38,0.15567161
2005,2,39,0.15567161
2005,2,40,0.15567161
2006,2,1,0.6401298
2006,2,2,1.449616
2006,2,3,1.9713998
2006,2,4,1.0190828
2006,2,5,0.6202927
2006,2,6,0.25292573
2006,2,7,0.20720436
2006,2,8,0.12015554
2006,2,9,0.1004088
2006,2,10,0.14328334
2006,2,11,0.27997127
2006,2,12,0.36329428
2006,2,13,0.36194467
2006,2,14,0.44771722
2006,2,15,0.56299
2006,2,16,0.6416915
2006,2,17,0.6617152
2006,2,18,0.6320462
2006,2,19,0.5760843
2006,2,20,0.5124991
2006,2,21,0.45220822
2006,2,22,0.39996576
2006,2,23,0.35686624
2006,2,24,0.32226723
2006,2,25,0.29491229
2006,2,26,0.27438964
2006,2,27,0.25830379
2006,2,28,0.24573304
2006,2,29,0.23594205
2006,2,30,0.22835168
2006,2,31,0.22250772
2006,2,32,0.21805336
2006,2,33,0.2147072
2006,2,34,0.21224584
2006,2,35,0.21049102
2006,2,36,0.20929945
2006,2,37,0.20855543
2006,2,38,0.20855543
2006,2,39,0.20855543
2006,2,40,0.20855543
2007,2,1,0.8804569
2007,2,2,1.9632724
2007,2,3,2.6128357
2007,2,4,1.3399866
2007,2,5,0.8155685
2007,2,6,0.29141555
2007,2,7,0.21132586
2007,2,8,0.12273949
2007,2,9,0.10587078
2007,2,10,0.16231452
2007,2,11,0.33601979
2007,2,12,0.41503827
2007,2,13,0.35407323
2007,2,14,0.40432435
2007,2,15,0.5016532
2007,2,16,0.5710832
2007,2,17,0.5908969
2007,2,18,0.5677152
2007,2,19,0.5208648
2007,2,20,0.46648539
2007,2,21,0.41436622
2007,2,22,0.36893829
2007,2,23,0.33134249
2007,2,24,0.30111666
2007,2,25,0.27720941
2007,2,26,0.25948412
2007,2,27,0.2455824
2007,2,28,0.23471342
2007,2,29,0.22624486
2007,2,30,0.21967796
2007,2,31,0.21462102
2007,2,32,0.21076605
2007,2,33,0.20786996
2007,2,34,0.2057397
2007,2,35,0.20422105
2007,2,36,0.20319007
2007,2,37,0.20254664
2007,2,38,0.20254664
2007,2,39,0.20254664
2007,2,40,0.20254664
2008,2,1,0.9475127
2008,2,2,2.2243823
2008,2,3,3.3556887
2008,2,4,1.5866812
2008,2,5,0.8783458
2008,2,6,0.38459552
2008,2,7,0.33357328
2008,2,8,0.1756886
2008,2,9,0.13993772
2008,2,10,0.21413756
2008,2,11,0.45119167
2008,2,12,0.5590327
2008,2,13,0.47430864
2008,2,14,0.5401159
2008,2,15,0.6694242
2008,2,16,0.7603516
2008,2,17,0.7840106
2008,2,18,0.750101
2008,2,19,0.685109
2008,2,20,0.6107244
2008,2,21,0.5399164
2008,2,22,0.4784481
2008,2,23,0.42771227
2008,2,24,0.38699659
2008,2,25,0.3548343
2008,2,26,0.33099001
2008,2,27,0.31230625
2008,2,28,0.29770896
2008,2,29,0.28634199
2008,2,30,0.27753153
2008,2,31,0.27074937
2008,2,32,0.26558075
2008,2,33,0.26169865
2008,2,34,0.25884362
2008,2,35,0.25680856
2008,2,36,0.25542714
2008,2,37,0.25456502
2008,2,38,0.25456502
2008,2,39,0.25456502
2008,2,40,0.25456502
2009,2,1,0.5678549
2009,2,2,1.463809
2009,2,3,2.333091
2009,2,4,0.9339149
2009,2,5,0.4815546
2009,2,6,0.26630903
2009,2,7,0.28202132
2009,2,8,0.13546357
2009,2,9,0.1021486
2009,2,10,0.16087769
2009,2,11,0.34626961
2009,2,12,0.4537406
2009,2,13,0.438806
2009,2,14,0.5399927
2009,2,15,0.6825515
2009,2,16,0.7795638
2009,2,17,0.8029868
2009,2,18,0.7647893
2009,2,19,0.6949474
2009,2,20,0.6165699
2009,2,21,0.5427558
2009,2,22,0.4790268
2009,2,23,0.42653937
2009,2,24,0.38442323
2009,2,25,0.35111344
2009,2,26,0.32578832
2009,2,27,0.30594462
2009,2,28,0.29044191
2009,2,29,0.27837073
2009,2,30,0.26901522
2009,2,31,0.26181412
2009,2,32,0.25632673
2009,2,33,0.25220561
2009,2,34,0.24917515
2009,2,35,0.24701536
2009,2,36,0.24554959
2009,2,37,0.24463517
2009,2,38,0.24463517
2009,2,39,0.24463517
2009,2,40,0.24463517
2010,2,1,0.6926839
2010,2,2,1.8314609
2010,2,3,3.0821483
2010,2,4,1.1846437
2010,2,5,0.5494504
2010,2,6,0.28120544
2010,2,7,0.28471959
2010,2,8,0.1273558
2010,2,9,0.09533495
2010,2,10,0.17176111
2010,2,11,0.40596793
2010,2,12,0.4987255
2010,2,13,0.38255563
2010,2,14,0.41260438
2010,2,15,0.5109004
2010,2,16,0.5819603
2010,2,17,0.6006583
2010,2,18,0.5746525
2010,2,19,0.5251209
2010,2,20,0.46882432
2010,2,21,0.41547015
2010,2,22,0.36925093
2010,2,23,0.33112098
2010,2,24,0.30050635
2010,2,25,0.27629462
2010,2,26,0.25800862
2010,2,27,0.24368136
2010,2,28,0.23249013
2010,2,29,0.22377807
2010,2,30,0.21702789
2010,2,31,0.21183389
2010,2,32,0.20787753
2010,2,33,0.20490768
2010,2,34,0.20272518
2010,2,35,0.20117108
2010,2,36,0.20011778
2010,2,37,0.19946228
2010,2,38,0.19946228
2010,2,39,0.19946228
2010,2,40,0.19946228
2011,2,1,0.3432161
2011,2,2,1.2543359
2011,2,3,2.1678717
2011,2,4,0.6447053
2011,2,5,0.32009948
2011,2,6,0.37311828
2011,2,7,0.4971288
2011,2,8,0.17713369
2011,2,9,0.09874307
2011,2,10,0.1377705
2011,2,11,0.27261998
2011,2,12,0.37441409
2011,2,13,0.41639591
2011,2,14,0.53894887
2011,2,15,0.6823476
2011,2,16,0.7778909
2011,2,17,0.8002817
2011,2,18,0.7618067
2011,2,19,0.6924777
2011,2,20,0.6151264
2011,2,21,0.54252083
2011,2,22,0.4799572
2011,2,23,0.42848816
2011,2,24,0.38721691
2011,2,25,0.35458747
2011,2,26,0.32962968
2011,2,27,0.31009021
2011,2,28,0.29483847
2011,2,29,0.2829731
2011,2,30,0.27378529
2011,2,31,0.26671973
2011,2,32,0.26134093
2011,2,33,0.25730584
2011,2,34,0.25434266
2011,2,35,0.25223461
2011,2,36,0.25080782
2011,2,37,0.24992197
2011,2,38,0.24992197
2011,2,39,0.24992197
2011,2,40,0.24992197
2012,2,1,0.4314222
2012,2,2,1.8190376
2012,2,3,3.1246684
2012,2,4,0.7707159
2012,2,5,0.46576668
2012,2,6,0.7391
2012,2,7,1.0319688
2012,2,8,0.32419651
2012,2,9,0.14325826
2012,2,10,0.16446843
2012,2,11,0.27536483
2012,2,12,0.37943043
2012,2,13,0.45898962
2012,2,14,0.5972669
2012,2,15,0.7436944
2012,2,16,0.84098
2012,2,17,0.8658282
2012,2,18,0.8293897
2012,2,19,0.7599943
2012,2,20,0.6808127
2012,2,21,0.6056679
2012,2,22,0.5406462
2012,2,23,0.4871675
2012,2,24,0.44441465
2012,2,25,0.41077658
2012,2,26,0.38602289
2012,2,27,0.36671788
2012,2,28,0.35170477
2012,2,29,0.34006643
2012,2,30,0.33108533
2012,2,31,0.3242022
2012,2,32,0.31898056
2012,2,33,0.31507831
2012,2,34,0.31222554
2012,2,35,0.31020793
2012,2,36,0.30885419
2012,2,37,0.30802651
2012,2,38,0.30802651
2012,2,39,0.30802651
2012,2,40,0.30802651
2013,2,1,0.32967207
2013,2,2,1.6039039
2013,2,3,3.0442944
2013,2,4,0.6713317
2013,2,5,0.33896007
2013,2,6,0.6726777
2013,2,7,0.9637395
2013,2,8,0.29680668
2013,2,9,0.12699243
2013,2,10,0.15182507
2013,2,11,0.27702316
2013,2,12,0.38944917
2013,2,13,0.4646421
2013,2,14,0.6097606
2013,2,15,0.7696199
2013,2,16,0.8792217
2013,2,17,0.9121306
2013,2,18,0.8780517
2013,2,19,0.8053934
2013,2,20,0.71943
2013,2,21,0.6362748
2013,2,22,0.5635185
2013,2,23,0.5032732
2013,2,24,0.4549056
2013,2,25,0.4167457
2013,2,26,0.38928824
2013,2,27,0.36780366
2013,2,28,0.35104249
2013,2,29,0.33800962
2013,2,30,0.32792301
2013,2,31,0.32017042
2013,2,32,0.31427205
2013,2,33,0.30985013
2013,2,34,0.30660556
2013,2,35,0.30429994
2013,2,36,0.30274209
2013,2,37,0.3017778
2013,2,38,0.3017778
2013,2,39,0.3017778
2013,2,40,0.3017778
2014,2,1,0.34352848
2014,2,2,1.678823
2014,2,3,2.8684974
2014,2,4,0.6845191
2014,2,5,0.39825389
2014,2,6,0.6841279
2014,2,7,0.9639159
2014,2,8,0.33221188
2014,2,9,0.18448809
2014,2,10,0.23921143
2014,2,11,0.40761861
2014,2,12,0.6117639
2014,2,13,0.8415244
2014,2,14,1.1573355
2014,2,15,1.4692754
2014,2,16,1.6785149
2014,2,17,1.7383
2014,2,18,1.6702551
2014,2,19,1.5321081
2014,2,20,1.3719588
2014,2,21,1.2188979
2014,2,22,1.0859604
2014,2,23,0.9763973
2014,2,24,0.888712
2014,2,25,0.8196864
2014,2,26,0.7689824
2014,2,27,0.7294447
2014,2,28,0.6987066
2014,2,29,0.6748881
2014,2,30,0.6565171
2014,2,31,0.6424457
2014,2,32,0.6317784
2014,2,33,0.6238129
2014,2,34,0.6179959
2014,2,35,0.6138876
2014,2,36,0.6111376
2014,2,37,0.6094629
2014,2,38,0.6094629
2014,2,39,0.6094629
2014,2,40,0.6094629
2015,2,1,0.34414824
2015,2,2,1.5810119
2015,2,3,3.00837
2015,2,4,0.7816451
2015,2,5,0.34763505
2015,2,6,0.5725545
2015,2,7,0.7960854
2015,2,8,0.26897588
2015,2,9,0.15229929
2015,2,10,0.22340454
2015,2,11,0.42444306
2015,2,12,0.5808563
2015,2,13,0.6628878
2015,2,14,0.8527147
2015,2,15,1.0703708
2015,2,16,1.2251496
2015,2,17,1.2813509
2015,2,18,1.248795
2015,2,19,1.1618777
2015,2,20,1.0541119
2015,2,21,0.94809
2015,2,22,0.8548885
2015,2,23,0.7778763
2015,2,24,0.7164377
2015,2,25,0.6684071
2015,2,26,0.6353974
2015,2,27,0.609833
2015,2,28,0.5900951
2015,2,29,0.5749052
2015,2,30,0.5632696
2015,2,31,0.5544192
2015,2,32,0.5477585
2015,2,33,0.5428253
2015,2,34,0.5392577
2015,2,35,0.5367707
2015,2,36,0.5351386
2015,2,37,0.5341808
2015,2,38,0.5341808
2015,2,39,0.5341808
2015,2,40,0.5341808
2016,2,1,0.4837985
2016,2,2,2.9365156
2016,2,3,5.29869
2016,2,4,1.1035282
2016,2,5,0.5770529
2016,2,6,1.2421833
2016,2,7,1.7887375
2016,2,8,0.5371897
2016,2,9,0.22072818
2016,2,10,0.2457277
2016,2,11,0.39634699
2016,2,12,0.5024827
2016,2,13,0.5313231
2016,2,14,0.6295398
2016,2,15,0.7489918
2016,2,16,0.8335654
2016,2,17,0.8641071
2016,2,18,0.8443183
2016,2,19,0.790772
2016,2,20,0.7229256
2016,2,21,0.6553107
2016,2,22,0.5955173
2016,2,23,0.5460423
2016,2,24,0.5066318
2016,2,25,0.4759276
2016,2,26,0.45609974
2016,2,27,0.44077149
2016,2,28,0.42895381
2016,2,29,0.41987031
2016,2,30,0.41292003
2016,2,31,0.40763905
2016,2,32,0.40366918
2016,2,33,0.40073256
2016,2,34,0.39861236
2016,2,35,0.39713774
2016,2,36,0.39617349
2016,2,37,0.39561163
2016,2,38,0.39561163
2016,2,39,0.39561163
2016,2,40,0.39561163
2017,2,1,0.26225566
2017,2,2,1.2075628
2017,2,3,1.8146949
2017,2,4,0.5686352
2017,2,5,0.3786578
2017,2,6,0.48759714
2017,2,7,0.643693
2017,2,8,0.27237748
2017,2,9,0.17876186
2017,2,10,0.19315625
2017,2,11,0.25596203
2017,2,12,0.32226172
2017,2,13,0.37697836
2017,2,14,0.44015427
2017,2,15,0.4947987
2017,2,16,0.5280877
2017,2,17,0.5366591
2017,2,18,0.5205251
2017,2,19,0.4836131
2017,2,20,0.43629301
2017,2,21,0.38841479
2017,2,22,0.34573396
2017,2,23,0.31033524
2017,2,24,0.2821735
2017,2,25,0.26031516
2017,2,26,0.24784384
2017,2,27,0.23818541
2017,2,28,0.23071669
2017,2,29,0.22495454
2017,2,30,0.22052686
2017,2,31,0.2171471
2017,2,32,0.21459367
2017,2,33,0.21269409
2017,2,34,0.2113131
2017,2,35,0.21034375
2017,2,36,0.20970087
2017,2,37,0.20931615
2017,2,38,0.20931615
2017,2,39,0.20931615
2017,2,40,0.20931615
2018,2,1,0.31698154
2018,2,2,1.5464201
2018,2,3,2.7457777
2018,2,4,0.8237622
2018,2,5,0.41291058
2018,2,6,0.5822287
2018,2,7,0.7749659
2018,2,8,0.28953878
2018,2,9,0.17326634
2018,2,10,0.21828312
2018,2,11,0.36543543
2018,2,12,0.48753999
2018,2,13,0.5563092
2018,2,14,0.6935891
2018,2,15,0.8401162
2018,2,16,0.9321492
2018,2,17,0.9472632
2018,2,18,0.8986946
2018,2,19,0.817133
2018,2,20,0.7270379
2018,2,21,0.6426883
2018,2,22,0.570169
2018,2,23,0.5106966
2018,2,24,0.463197
2018,2,25,0.4258163
2018,2,26,0.39810322
2018,2,27,0.37646743
2018,2,28,0.35962143
2018,2,29,0.34654573
2018,2,30,0.33644267
2018,2,31,0.32869002
2018,2,32,0.3228015
2018,2,33,0.31839531
2018,2,34,0.31516966
2018,2,35,0.31288454
2018,2,36,0.31134771
2018,2,37,0.31040435
2018,2,38,0.31040435
2018,2,39,0.31040435
2018,2,40,0.31040435
2019,2,1,0.6263214
2019,2,2,2.6995584
2019,2,3,4.8780092
2019,2,4,1.3742089
2019,2,5,0.8327873
2019,2,6,1.2813736
2019,2,7,1.7383925
2019,2,8,0.52989438
2019,2,9,0.20766243
2019,2,10,0.19775608
2019,2,11,0.29042755
2019,2,12,0.39820377
2019,2,13,0.5068899
2019,2,14,0.669372
2019,2,15,0.8367527
2019,2,16,0.9530659
2019,2,17,0.9924223
2019,2,18,0.9624893
2019,2,19,0.8895287
2019,2,20,0.7998163
2019,2,21,0.7114694
2019,2,22,0.633551
2019,2,23,0.5688796
2019,2,24,0.517012
2019,2,25,0.4762233
2019,2,26,0.44818259
2019,2,27,0.42627306
2019,2,28,0.40920266
2019,2,29,0.39594492
2019,2,30,0.38569542
2019,2,31,0.3778255
2019,2,32,0.37184353
2019,2,33,0.36736334
2019,2,34,0.36407936
2019,2,35,0.36174872
2019,2,36,0.36017672
2019,2,37,0.35920655
2019,2,38,0.35920655
2019,2,39,0.35920655
2019,2,40,0.35920655
2020,2,1,0.4951697
2020,2,2,2.7715353
2020,2,3,5.1752432
2020,2,4,0.8996981
2020,2,5,0.58828033
2020,2,6,1.4389289
2020,2,7,2.106221
2020,2,8,0.58625773
2020,2,9,0.18349861
2020,2,10,0.1570621
2020,2,11,0.22271244
2020,2,12,0.30688391
2020,2,13,0.39963734
2020,2,14,0.52559142
2020,2,15,0.6529359
2020,2,16,0.7447286
2020,2,17,0.7825197
2020,2,18,0.7686032
2020,2,19,0.7183188
2020,2,20,0.651373
2020,2,21,0.5831537
2020,2,22,0.52202751
2020,2,23,0.47097201
2020,2,24,0.42998534
2020,2,25,0.39782724
2020,2,26,0.37720687
2020,2,27,0.3611225
2020,2,28,0.34861081
2020,2,29,0.33890901
2020,2,30,0.33141999
2020,2,31,0.32567847
2020,2,32,0.32132136
2020,2,33,0.31806375
2020,2,34,0.31568101
2020,2,35,0.31399467
2020,2,36,0.31286192
2020,2,37,0.31216798
2020,2,38,0.31216798
2020,2,39,0.31216798
2020,2,40,0.31216798
2021,2,1,0.27334354
2021,2,2,1.7888261
2021,2,3,3.3984754
2021,2,4,0.5539534
2021,2,5,0.34775636
2021,2,6,0.9541783
2021,2,7,1.4080236
2021,2,8,0.39770828
2021,2,9,0.13360785
2021,2,10,0.12555991
2021,2,11,0.18193225
2021,2,12,0.25003097
2021,2,13,0.32354524
2021,2,14,0.42082064
2021,2,15,0.515533
2021,2,16,0.5788683
2021,2,17,0.5975518
2021,2,18,0.5771694
2021,2,19,0.5336081
2021,2,20,0.4817861
2021,2,21,0.43157614
2021,2,22,0.38771875
2021,2,23,0.35155353
2021,2,24,0.32268746
2021,2,25,0.30007234
2021,2,26,0.28438259
2021,2,27,0.27218525
2021,2,28,0.26272815
2021,2,29,0.25541797
2021,2,30,0.24979247
2021,2,31,0.24549295
2021,2,32,0.24224055
2021,2,33,0.23981749
2021,2,34,0.23805267
2021,2,35,0.2368106
2021,2,36,0.23598331
2021,2,37,0.23548418
2021,2,38,0.23548418
2021,2,39,0.23548418
2021,2,40,0.23548418
2022,2,1,0.26225319
2022,2,2,1.6316533
2022,2,3,3.1257996
2022,2,4,0.50899112
2022,2,5,0.32584958
2022,2,6,0.8839806
2022,2,7,1.3046107
2022,2,8,0.36807861
2022,2,9,0.12213899
2022,2,10,0.11317139
2022,2,11,0.16485214
2022,2,12,0.23321273
2022,2,13,0.31318687
2022,2,14,0.41667631
2022,2,15,0.5172715
2022,2,16,0.5853524
2022,2,17,0.6065304
2022,2,18,0.5864502
2022,2,19,0.5417415
2022,2,20,0.488084
2022,2,21,0.43588769
2022,2,22,0.39018342
2022,2,23,0.35242567
2022,2,24,0.32224064
2022,2,25,0.2985575
2022,2,26,0.28209528
2022,2,27,0.2692786
2022,2,28,0.25932728
2022,2,29,0.25162458
2022,2,30,0.2456891
2022,2,31,0.24114656
2022,2,32,0.23770545
2022,2,33,0.23513775
2022,2,34,0.23326397
2022,2,35,0.23194183
2022,2,36,0.23105774
2022,2,37,0.23052052
2022,2,38,0.23052052
2022,2,39,0.23052052
2022,2,40,0.23052052
2023,2,1,0.46515992
2023,2,2,2.4270081
2023,2,3,4.4745307
2023,2,4,0.8103908
2023,2,5,0.5377881
2023,2,6,1.2299678
2023,2,7,1.7884167
2023,2,8,0.48422264
2023,2,9,0.13918121
2023,2,10,0.11301337
2023,2,11,0.15264697
2023,2,12,0.1824241
2023,2,13,0.19104131
2023,2,14,0.2151194
2023,2,15,0.24487806
2023,2,16,0.26774232
2023,2,17,0.27943307
2023,2,18,0.27866755
2023,2,19,0.26663795
2023,2,20,0.24832633
2023,2,21,0.22872252
2023,2,22,0.21085293
2023,2,23,0.19592372
2023,2,24,0.18405655
2023,2,25,0.17490071
2023,2,26,0.17009216
2023,2,27,0.16640904
2023,2,28,0.16359402
2023,2,29,0.16144812
2023,2,30,0.15981915
2023,2,31,0.15859112
2023,2,32,0.15767541
2023,2,33,0.15700404
2023,2,34,0.15652441
2023,2,35,0.15619557
2023,2,36,0.1559853
2023,2,37,0.15586808
2023,2,38,0.15586808
2023,2,39,0.15586808
2023,2,40,0.15586808
2024,2,1,0.56335631
2024,2,2,3.5301648
2024,2,3,7.0022247
2024,2,4,1.1072972
2024,2,5,0.6804831
2024,2,6,1.9529106
2024,2,7,2.8910303
2024,2,8,0.77689583
2024,2,9,0.25632179
2024,2,10,0.28494492
2024,2,11,0.40640147
2024,2,12,0.4730342
2024,2,13,0.4800776
2024,2,14,0.5070989
2024,2,15,0.5521326
2024,2,16,0.6057326
2024,2,17,0.6639653
2024,2,18,0.7126813
2024,2,19,0.7372761
2024,2,20,0.7421408
2024,2,21,0.7376876
2024,2,22,0.7314743
2024,2,23,0.7271533
2024,2,24,0.7257051
2024,2,25,0.7268502
2024,2,26,0.7371461
2024,2,27,0.7464723
2024,2,28,0.7547212
2024,2,29,0.7618724
2024,2,30,0.7679646
2024,2,31,0.7730733
2024,2,32,0.7772943
2024,2,33,0.7807315
2024,2,34,0.7834891
2024,2,35,0.7856664
2024,2,36,0.7873543
2024,2,37,0.7886347
2024,2,38,0.7886347
2024,2,39,0.7886347
2024,2,40,0.7886347
1952,3,1,2.3051693e-11
1952,3,2,2.3051693e-11
1952,3,3,9.464262e-05
1952,3,4,0.00019364587
1952,3,5,0.0007428599
1952,3,6,0.0023348007
1952,3,7,0.0043715219
1952,3,8,0.0060982739
1952,3,9,0.007784948
1952,3,10,0.010288553
1952,3,11,0.014600999
1952,3,12,0.020720566
1952,3,13,0.027790436
1952,3,14,0.03420721
1952,3,15,0.03820341
1952,3,16,0.038714972
1952,3,17,0.035871972
1952,3,18,0.03114809
1952,3,19,0.026174345
1952,3,20,0.021754887
1952,3,21,0.018133327
1952,3,22,0.015284149
1952,3,23,0.013086213
1952,3,24,0.011404241
1952,3,25,0.010119454
1952,3,26,0.009136935
1952,3,27,0.008384015
1952,3,28,0.00780609
1952,3,29,0.007362357
1952,3,30,0.007022268
1952,3,31,0.0067628034
1952,3,32,0.0065664636
1952,3,33,0.0064198078
1952,3,34,0.0063124052
1952,3,35,0.0062360779
1952,3,36,0.0061843551
1952,3,37,0.0061520744
1952,3,38,0.0061520744
1952,3,39,0.0061520744
1952,3,40,0.0061520744
1953,3,1,4.5409359e-11
1953,3,2,4.5409359e-11
1953,3,3,0.00018593329
1953,3,4,0.00038085559
1953,3,5,0.0014653765
1953,3,6,0.0046246475
1953,3,7,0.008691143
1953,3,8,0.012151735
1953,3,9,0.015519446
1953,3,10,0.020485228
1953,3,11,0.029004669
1953,3,12,0.041053727
1953,3,13,0.054927251
1953,3,14,0.06747057
1953,3,15,0.07522812
1953,3,16,0.0761371
1953,3,17,0.07047598
1953,3,18,0.0611488
1953,3,19,0.051354949
1953,3,20,0.042665177
1953,3,21,0.035550817
1953,3,22,0.029957296
1953,3,23,0.025644247
1953,3,24,0.022344785
1953,3,25,0.019825099
1953,3,26,0.017898581
1953,3,27,0.016422481
1953,3,28,0.015289589
1953,3,29,0.014419828
1953,3,30,0.013753264
1953,3,31,0.013244751
1953,3,32,0.012859968
1953,3,33,0.012572565
1953,3,34,0.012362092
1953,3,35,0.01221252
1953,3,36,0.012111165
1953,3,37,0.01204791
1953,3,38,0.01204791
1953,3,39,0.01204791
1953,3,40,0.01204791
1954,3,1,1.25062578e-11
1954,3,2,1.25062578e-11
1954,3,3,4.979087e-05
1954,3,4,0.000103182769
1954,3,5,0.00040928415
1954,3,6,0.00134514264
1954,3,7,0.0026184416
1954,3,8,0.0037381256
1954,3,9,0.0047929443
1954,3,10,0.006256313
1954,3,11,0.0086714264
1954,3,12,0.011973431
1954,3,13,0.015643869
1954,3,14,0.018824778
1954,3,15,0.020638238
1954,3,16,0.020610172
1954,3,17,0.018879799
1954,3,18,0.016249953
1954,3,19,0.0135636333
1954,3,20,0.0112157418
1954,3,21,0.0093119955
1954,3,22,0.0078251937
1954,3,23,0.0066842788
1954,3,24,0.0058146075
1954,3,25,0.0051522657
1954,3,26,0.0046468963
1954,3,27,0.0042602997
1954,3,28,0.0039639601
1954,3,29,0.003736671
1954,3,30,0.0035626136
1954,3,31,0.0034299059
1954,3,32,0.003329534
1954,3,33,0.0032545917
1954,3,34,0.0031997237
1954,3,35,0.0031607406
1954,3,36,0.0031343278
1954,3,37,0.0031178455
1954,3,38,0.0031178455
1954,3,39,0.0031178455
1954,3,40,0.0031178455
1955,3,1,2.5589249e-11
1955,3,2,2.5589249e-11
1955,3,3,0.00010554364
1955,3,4,0.00021554467
1955,3,5,0.0008226925
1955,3,6,0.0025674818
1955,3,7,0.0047761871
1955,3,8,0.0066362888
1955,3,9,0.008465277
1955,3,10,0.011211879
1955,3,11,0.015975629
1955,3,12,0.022774443
1955,3,13,0.030673817
1955,3,14,0.037890156
1955,3,15,0.042436285
1955,3,16,0.043098973
1955,3,17,0.040001319
1955,3,18,0.034778207
1955,3,19,0.029253199
1955,3,20,0.02433179
1955,3,21,0.020292622
1955,3,22,0.017111509
1955,3,23,0.014655633
1955,3,24,0.012775214
1955,3,25,0.011338231
1955,3,26,0.010238968
1955,3,27,0.009396376
1955,3,28,0.008749496
1955,3,29,0.008252744
1955,3,30,0.007871975
1955,3,31,0.007581447
1955,3,32,0.0073615872
1955,3,33,0.0071973527
1955,3,34,0.0070770732
1955,3,35,0.0069915907
1955,3,36,0.0069336621
1955,3,37,0.0068975088
1955,3,38,0.0068975088
1955,3,39,0.0068975088
1955,3,40,0.0068975088
1956,3,1,2.6889907e-11
1956,3,2,2.6889907e-11
1956,3,3,0.00010910476
1956,3,4,0.00022432549
1956,3,5,0.0008717655
1956,3,6,0.0027889183
1956,3,7,0.005305014
1956,3,8,0.007471656
1956,3,9,0.009555613
1956,3,10,0.012563646
1956,3,11,0.017657026
1956,3,12,0.024780491
1956,3,13,0.032889876
1956,3,14,0.040124772
1956,3,15,0.044490882
1956,3,16,0.044832972
1956,3,17,0.04135998
1956,3,18,0.035793724
1956,3,19,0.030001905
1956,3,20,0.024888081
1956,3,21,0.020714396
1956,3,22,0.017439953
1956,3,23,0.014918992
1956,3,24,0.012992669
1956,3,25,0.011522869
1956,3,26,0.010399818
1956,3,27,0.009539771
1956,3,28,0.008879953
1956,3,29,0.008373544
1956,3,30,0.007985538
1956,3,31,0.007689586
1956,3,32,0.007465679
1956,3,33,0.007298456
1956,3,34,0.007176005
1956,3,35,0.007088991
1956,3,36,0.00703003
1956,3,37,0.006993234
1956,3,38,0.006993234
1956,3,39,0.006993234
1956,3,40,0.006993234
1957,3,1,7.48625e-11
1957,3,2,7.48625e-11
1957,3,3,0.00030704602
1957,3,4,0.00062850346
1957,3,5,0.0024137716
1957,3,6,0.007598344
1957,3,7,0.014246819
1957,3,8,0.019891587
1957,3,9,0.025397475
1957,3,10,0.033549422
1957,3,11,0.047569744
1957,3,12,0.067439959
1957,3,13,0.0903666
1957,3,14,0.11114494
1957,3,15,0.12405126
1957,3,16,0.12565079
1957,3,17,0.11637988
1957,3,18,0.10102509
1957,3,19,0.08487484
1957,3,20,0.07053231
1957,3,21,0.05878331
1957,3,22,0.04954225
1957,3,23,0.042414684
1957,3,24,0.036960983
1957,3,25,0.032795538
1957,3,26,0.029610311
1957,3,27,0.027169561
1957,3,28,0.025296176
1957,3,29,0.023857835
1957,3,30,0.022755476
1957,3,31,0.02191447
1957,3,32,0.021278082
1957,3,33,0.020802739
1957,3,34,0.020454627
1957,3,35,0.020207238
1957,3,36,0.020039598
1957,3,37,0.019934973
1957,3,38,0.019934973
1957,3,39,0.019934973
1957,3,40,0.019934973
1958,3,1,6.6781769e-11
1958,3,2,6.6781769e-11
1958,3,3,0.000274987
1958,3,4,0.00056196915
1958,3,5,0.0021488657
1958,3,6,0.0067235237
1958,3,7,0.012537099
1958,3,8,0.017445168
1958,3,9,0.022259389
1958,3,10,0.029458192
1958,3,11,0.041912575
1958,3,12,0.059650538
1958,3,13,0.08021753
1958,3,14,0.09896231
1958,3,15,0.11072255
1958,3,16,0.11236233
1958,3,17,0.10422307
1958,3,18,0.09057236
1958,3,19,0.07615697
1958,3,20,0.063327879
1958,3,21,0.052804539
1958,3,22,0.044519898
1958,3,23,0.038125787
1958,3,24,0.033230916
1958,3,25,0.029490924
1958,3,26,0.026630228
1958,3,27,0.024437688
1958,3,28,0.022754534
1958,3,29,0.021462077
1958,3,30,0.02047143
1958,3,31,0.019715588
1958,3,32,0.019143607
1958,3,33,0.018716354
1958,3,34,0.018403447
1958,3,35,0.018181072
1958,3,36,0.018030377
1958,3,37,0.017936329
1958,3,38,0.017936329
1958,3,39,0.017936329
1958,3,40,0.017936329
1959,3,1,5.9795579e-11
1959,3,2,5.9795579e-11
1959,3,3,0.00024749134
1959,3,4,0.00050471352
1959,3,5,0.0019189522
1959,3,6,0.0059560565
1959,3,7,0.0110239067
1959,3,8,0.015269088
1959,3,9,0.019465476
1959,3,10,0.025825318
1959,3,11,0.036915129
1959,3,12,0.052812242
1959,3,13,0.07136266
1959,3,14,0.088391999
1959,3,15,0.09921176
1959,3,16,0.100929763
1959,3,17,0.093795562
1959,3,18,0.081627652
1959,3,19,0.068710386
1959,3,20,0.057182695
1959,3,21,0.047710321
1959,3,22,0.040244173
1959,3,23,0.034476838
1959,3,24,0.030059013
1959,3,25,0.026681914
1959,3,26,0.024097863
1959,3,27,0.022116799
1959,3,28,0.02059567
1959,3,29,0.01942743
1959,3,30,0.018531873
1959,3,31,0.017848516
1959,3,32,0.017331347
1959,3,33,0.016945011
1959,3,34,0.016662059
1959,3,35,0.016460965
1959,3,36,0.016324686
1959,3,37,0.016239634
1959,3,38,0.016239634
1959,3,39,0.016239634
1959,3,40,0.016239634
1960,3,1,5.845079e-11
1960,3,2,5.845079e-11
1960,3,3,0.00024050424
1960,3,4,0.00049164891
1960,3,5,0.0018815139
1960,3,6,0.005893762
1960,3,7,0.011001391
1960,3,8,0.015318144
1960,3,9,0.019547813
1960,3,10,0.025860619
1960,3,11,0.036769972
1960,3,12,0.052293086
1960,3,13,0.07027543
1960,3,14,0.08664737
1960,3,15,0.09689988
1960,3,16,0.09830007
1960,3,17,0.09115463
1960,3,18,0.07919916
1960,3,19,0.06658345
1960,3,20,0.05536049
1960,3,21,0.04615694
1960,3,22,0.038912556
1960,3,23,0.033322009
1960,3,24,0.029042688
1960,3,25,0.025773226
1960,3,26,0.023272576
1960,3,27,0.021356062
1960,3,28,0.019884851
1960,3,29,0.018755172
1960,3,30,0.017889302
1960,3,31,0.017228675
1960,3,32,0.016728754
1960,3,33,0.016355329
1960,3,34,0.016081848
1960,3,35,0.01588749
1960,3,36,0.015755786
1960,3,37,0.015673588
1960,3,38,0.015673588
1960,3,39,0.015673588
1960,3,40,0.015673588
1961,3,1,7.785302e-11
1961,3,2,7.785302e-11
1961,3,3,0.00032005576
1961,3,4,0.0006545076
1961,3,5,0.0025072
1961,3,6,0.007864351
1961,3,7,0.014697902
1961,3,8,0.020480688
1961,3,9,0.026139672
1961,3,10,0.034566992
1961,3,11,0.04911129
1961,3,12,0.06978388
1961,3,13,0.09370538
1961,3,14,0.11545745
1961,3,15,0.12904896
1961,3,16,0.13085858
1961,3,17,0.12130722
1961,3,18,0.10537109
1961,3,19,0.08856991
1961,3,20,0.07363061
1961,3,21,0.06138307
1961,3,22,0.05174467
1961,3,23,0.04430772
1961,3,24,0.038615676
1961,3,25,0.034267227
1961,3,26,0.030941521
1961,3,27,0.028392801
1961,3,28,0.026436352
1961,3,29,0.024934119
1961,3,30,0.023782726
1961,3,31,0.02290427
1961,3,32,0.022239518
1961,3,33,0.021742975
1961,3,34,0.02137933
1961,3,35,0.021120898
1961,3,36,0.020945772
1961,3,37,0.020836475
1961,3,38,0.020836475
1961,3,39,0.020836475
1961,3,40,0.020836475
1962,3,1,5.919618e-11
1962,3,2,5.919618e-11
1962,3,3,0.00023969721
1962,3,4,0.00049324667
1962,3,5,0.0019210966
1962,3,6,0.00616426
1962,3,7,0.011756175
1962,3,8,0.016583369
1962,3,9,0.021214983
1962,3,10,0.027869983
1962,3,11,0.03910642
1962,3,12,0.05478253
1962,3,13,0.07258284
1962,3,14,0.08841552
1962,3,15,0.09791571
1962,3,16,0.09857273
1962,3,17,0.0908681
1962,3,18,0.07859333
1962,3,19,0.06584686
1962,3,20,0.05460479
1962,3,21,0.045435926
1962,3,22,0.038246009
1962,3,23,0.032712492
1962,3,24,0.028485308
1962,3,25,0.025260556
1962,3,26,0.022796942
1962,3,27,0.020910491
1962,3,28,0.019463358
1962,3,29,0.018352762
1962,3,30,0.017501879
1962,3,31,0.016852899
1962,3,32,0.016361915
1962,3,33,0.015995239
1962,3,34,0.015726742
1962,3,35,0.015535948
1962,3,36,0.015406668
1962,3,37,0.015325989
1962,3,38,0.015325989
1962,3,39,0.015325989
1962,3,40,0.015325989
1963,3,1,7.9281203e-11
1963,3,2,7.9281203e-11
1963,3,3,0.00032785458
1963,3,4,0.00066883879
1963,3,5,0.0025454371
1963,3,6,0.0079114269
1963,3,7,0.014661784
1963,3,8,0.02032407
1963,3,9,0.025913713
1963,3,10,0.034365424
1963,3,11,0.049082996
1963,3,12,0.070157198
1963,3,13,0.09472219
1963,3,14,0.11724549
1963,3,15,0.1315257
1963,3,16,0.13374717
1963,3,17,0.12425349
1963,3,18,0.10810804
1963,3,19,0.090983658
1963,3,20,0.075708607
1963,3,21,0.06316072
1963,3,22,0.053272457
1963,3,23,0.045635224
1963,3,24,0.039785669
1963,3,25,0.035314457
1963,3,26,0.031893446
1963,3,27,0.029270856
1963,3,28,0.027257201
1963,3,29,0.025710748
1963,3,30,0.024525283
1963,3,31,0.023620726
1963,3,32,0.02293616
1963,3,33,0.022424781
1963,3,34,0.022050251
1963,3,35,0.021784073
1963,3,36,0.02160369
1963,3,37,0.021491111
1963,3,38,0.021491111
1963,3,39,0.021491111
1963,3,40,0.021491111
1964,3,1,5.073643e-11
1964,3,2,5.073643e-11
1964,3,3,0.00021027424
1964,3,4,0.00042858414
1964,3,5,0.0016271074
1964,3,6,0.0050396685
1964,3,7,0.009309616
1964,3,8,0.012878925
1964,3,9,0.016414552
1964,3,10,0.021792067
1964,3,11,0.031188249
1964,3,12,0.044680148
1964,3,13,0.060449694
1964,3,14,0.07495282
1964,3,15,0.0841968
1964,3,16,0.08570919
1964,3,17,0.07968947
1964,3,18,0.06937699
1964,3,19,0.058414565
1964,3,20,0.048624423
1964,3,21,0.040576207
1964,3,22,0.034230642
1964,3,23,0.029327854
1964,3,24,0.025571671
1964,3,25,0.022699999
1964,3,26,0.020502488
1964,3,27,0.018817647
1964,3,28,0.01752389
1964,3,29,0.016530234
1964,3,30,0.015768485
1964,3,31,0.015187216
1964,3,32,0.014747299
1964,3,33,0.014418666
1964,3,34,0.014177975
1964,3,35,0.014006911
1964,3,36,0.013890985
1964,3,37,0.013818634
1964,3,38,0.013818634
1964,3,39,0.013818634
1964,3,40,0.013818634
1965,3,1,7.752e-11
1965,3,2,7.752e-11
1965,3,3,0.00032149187
1965,3,4,0.00065509084
1965,3,5,0.0024851874
1965,3,6,0.007689265
1965,3,7,0.014190075
1965,3,8,0.019618376
1965,3,9,0.025001159
1965,3,10,0.033202936
1965,3,11,0.047548909
1965,3,12,0.068165623
1965,3,13,0.09228266
1965,3,14,0.11448336
1965,3,15,0.12865615
1965,3,16,0.13100908
1965,3,17,0.12183753
1965,3,18,0.10609037
1965,3,19,0.08933925
1965,3,20,0.07437406
1965,3,21,0.062068795
1965,3,22,0.052365299
1965,3,23,0.044867223
1965,3,24,0.039122262
1965,3,25,0.034729862
1965,3,26,0.03136847
1965,3,27,0.028791191
1965,3,28,0.026812088
1965,3,29,0.02529203
1965,3,30,0.024126717
1965,3,31,0.023237485
1965,3,32,0.022564488
1965,3,33,0.022061733
1965,3,34,0.02169351
1965,3,35,0.02143181
1965,3,36,0.02125446
1965,3,37,0.021143772
1965,3,38,0.021143772
1965,3,39,0.021143772
1965,3,40,0.021143772
1966,3,1,8.061959e-11
1966,3,2,8.061959e-11
1966,3,3,0.00033273857
1966,3,4,0.0006793451
1966,3,5,0.002591026
1966,3,6,0.008077792
1966,3,7,0.015012501
1966,3,8,0.02084686
1966,3,9,0.026589312
1966,3,10,0.035227644
1966,3,11,0.050225247
1966,3,12,0.07164765
1966,3,13,0.09655827
1966,3,14,0.11933616
1966,3,15,0.13370911
1966,3,16,0.13584027
1966,3,17,0.12610772
1966,3,18,0.10966169
1966,3,19,0.09225328
1966,3,20,0.07674118
1966,3,21,0.06400701
1966,3,22,0.053976482
1966,3,23,0.046231862
1966,3,24,0.040301482
1966,3,25,0.035769316
1966,3,26,0.032302127
1966,3,27,0.029644415
1966,3,28,0.027603962
1966,3,29,0.026037027
1966,3,30,0.024835921
1966,3,31,0.023919464
1966,3,32,0.023225913
1966,3,33,0.022707836
1966,3,34,0.022328404
1966,3,35,0.022058748
1966,3,36,0.02187601
1966,3,37,0.021761963
1966,3,38,0.021761963
1966,3,39,0.021761963
1966,3,40,0.021761963
1967,3,1,5.8060756246e-07
1967,3,2,1.98838806246e-06
1967,3,3,0.00025591987
1967,3,4,0.0005422831
1967,3,5,0.0019188384
1967,3,6,0.0058515021
1967,3,7,0.010829653
1967,3,8,0.015019589
1967,3,9,0.019151406
1967,3,10,0.025379894
1967,3,11,0.036205084
1967,3,12,0.051680618
1967,3,13,0.069690909
1967,3,14,0.08617474
1967,3,15,0.09659332
1967,3,16,0.09816456
1967,3,17,0.0911542
1967,3,18,0.07928185
1967,3,19,0.066705957
1967,3,20,0.05549581
1967,3,21,0.046291039
1967,3,22,0.039039397
1967,3,23,0.033439726
1967,3,24,0.029151449
1967,3,25,0.025874027
1967,3,26,0.023366623
1967,3,27,0.021444548
1967,3,28,0.019968841
1967,3,29,0.018835573
1967,3,30,0.017966878
1967,3,31,0.017304048
1967,3,32,0.01680243
1967,3,33,0.016427722
1967,3,34,0.016153289
1967,3,35,0.015958253
1967,3,36,0.015826084
1967,3,37,0.015743595
1967,3,38,0.015743595
1967,3,39,0.015743595
1967,3,40,0.015743595
1968,3,1,1.38963006777e-05
1968,3,2,7.55496306777e-05
1968,3,3,0.00070149979
1968,3,4,0.0010647405
1968,3,5,0.0023764414
1968,3,6,0.006451815
1968,3,7,0.011712311
1968,3,8,0.016157314
1968,3,9,0.02053491
1968,3,10,0.027124675
1968,3,11,0.038561132
1968,3,12,0.054868109
1968,3,13,0.07378755
1968,3,14,0.09103925
1968,3,15,0.10187097
1968,3,16,0.10339326
1968,3,17,0.09591581
1968,3,18,0.08336289
1968,3,19,0.07010242
1968,3,20,0.05829906
1968,3,21,0.048615962
1968,3,22,0.040992177
1968,3,23,0.035107731
1968,3,24,0.030602784
1968,3,25,0.027160536
1968,3,26,0.024527497
1968,3,27,0.022509414
1968,3,28,0.020960184
1968,3,29,0.019770574
1968,3,30,0.018858768
1968,3,31,0.018163088
1968,3,32,0.017636631
1968,3,33,0.017243379
1968,3,34,0.016955375
1968,3,35,0.016750696
1968,3,36,0.016611993
1968,3,37,0.016525428
1968,3,38,0.016525428
1968,3,39,0.016525428
1968,3,40,0.016525428
1969,3,1,1.02201144708e-06
1969,3,2,5.96972244708e-06
1969,3,3,0.00037740566
1969,3,4,0.00072868729
1969,3,5,0.0026587484
1969,3,6,0.0081426308
1969,3,7,0.014939329
1969,3,8,0.020583023
1969,3,9,0.026209035
1969,3,10,0.034860768
1969,3,11,0.050073303
1969,3,12,0.072026347
1969,3,13,0.09780932
1969,3,14,0.12164903
1969,3,15,0.13698375
1969,3,16,0.13970467
1969,3,17,0.13007737
1969,3,18,0.11336628
1969,3,19,0.09553062
1969,3,20,0.079568828
1969,3,21,0.066429844
1969,3,22,0.056061238
1969,3,23,0.048044985
1969,3,24,0.041900586
1969,3,25,0.037201423
1969,3,26,0.033604472
1969,3,27,0.030846112
1969,3,28,0.028727672
1969,3,29,0.027100428
1969,3,30,0.025852844
1969,3,31,0.024900772
1969,3,32,0.024180181
1969,3,33,0.023641853
1969,3,34,0.023247563
1969,3,35,0.022967329
1969,3,36,0.022777417
1969,3,37,0.022658889
1969,3,38,0.022658889
1969,3,39,0.022658889
1969,3,40,0.022658889
1970,3,1,2.259867005019e-06
1970,3,2,1.3200888005019e-05
1970,3,3,0.00025845913
1970,3,4,0.00043949733
1970,3,5,0.0014548309
1970,3,6,0.0044096688
1970,3,7,0.008105621
1970,3,8,0.011188617
1970,3,9,0.014245608
1970,3,10,0.018908666
1970,3,11,0.027069683
1970,3,12,0.038799306
1970,3,13,0.052519977
1970,3,14,0.065149252
1970,3,15,0.07321009
1970,3,16,0.07454574
1970,3,17,0.069324897
1970,3,18,0.060363654
1970,3,19,0.050831948
1970,3,20,0.042316892
1970,3,21,0.035315529
1970,3,22,0.02979462
1970,3,23,0.025528573
1970,3,24,0.02225998
1970,3,25,0.019760934
1970,3,26,0.017848485
1970,3,27,0.016382157
1970,3,28,0.015256165
1970,3,29,0.014391344
1970,3,30,0.013728353
1970,3,31,0.013222434
1970,3,32,0.012839543
1970,3,33,0.012553507
1970,3,34,0.012344012
1970,3,35,0.01219512
1970,3,36,0.01209422
1970,3,37,0.012031246
1970,3,38,0.012031246
1970,3,39,0.012031246
1970,3,40,0.012031246
1971,3,1,2.902017127747e-05
1971,3,2,0.00016952212327747
1971,3,3,0.00122365062
1971,3,4,0.0013768465
1971,3,5,0.0025224986
1971,3,6,0.006750297
1971,3,7,0.012255542
1971,3,8,0.016899125
1971,3,9,0.021415691
1971,3,10,0.02813982
1971,3,11,0.03973749
1971,3,12,0.056160041
1971,3,13,0.07506724
1971,3,14,0.09214997
1971,3,15,0.10269761
1971,3,16,0.10390442
1971,3,17,0.09615696
1971,3,18,0.083419
1971,3,19,0.07005286
1971,3,20,0.058197885
1971,3,21,0.048494488
1971,3,22,0.040866592
1971,3,23,0.034985504
1971,3,24,0.030486759
1971,3,25,0.027051253
1971,3,26,0.024424535
1971,3,27,0.022412014
1971,3,28,0.020867466
1971,3,29,0.01968169
1971,3,30,0.018772956
1971,3,31,0.018079702
1971,3,32,0.017555134
1971,3,33,0.017163327
1971,3,34,0.016876398
1971,3,35,0.016672493
1971,3,36,0.016534319
1971,3,37,0.016448087
1971,3,38,0.016448087
1971,3,39,0.016448087
1971,3,40,0.016448087
1972,3,1,0.00260227056
1972,3,2,0.0146403374
1972,3,3,0.140051116
1972,3,4,0.130009038
1972,3,5,0.015398233
1972,3,6,0.014107215
1972,3,7,0.024609017
1972,3,8,0.033711012
1972,3,9,0.042780713
1972,3,10,0.056685387
1972,3,11,0.08105401
1972,3,12,0.11608052
1972,3,13,0.15706697
1972,3,14,0.19480918
1972,3,15,0.21890272
1972,3,16,0.22289288
1972,3,17,0.20728239
1972,3,18,0.18049005
1972,3,19,0.15199291
1972,3,20,0.12653565
1972,3,21,0.10560409
1972,3,22,0.08909865
1972,3,23,0.07634478
1972,3,24,0.066572852
1972,3,25,0.059101446
1972,3,26,0.053383734
1972,3,27,0.048999797
1972,3,28,0.045633378
1972,3,29,0.0430478
1972,3,30,0.041065628
1972,3,31,0.039553072
1972,3,32,0.038408328
1972,3,33,0.037553156
1972,3,34,0.036926821
1972,3,35,0.036481685
1972,3,36,0.036180014
1972,3,37,0.035991743
1972,3,38,0.035991743
1972,3,39,0.035991743
1972,3,40,0.035991743
1973,3,1,0.00134989817
1973,3,2,0.0076114512
1973,3,3,0.070317897
1973,3,4,0.065309277
1973,3,5,0.0095940179
1973,3,6,0.008836803
1973,3,7,0.014240287
1973,3,8,0.018934838
1973,3,9,0.023477159
1973,3,10,0.030319398
1973,3,11,0.042160964
1973,3,12,0.05880231
1973,3,13,0.07774838
1973,3,14,0.09461649
1973,3,15,0.10473407
1973,3,16,0.10541587
1973,3,17,0.09717448
1973,3,18,0.08405783
1973,3,19,0.07044169
1973,3,20,0.05843495
1973,3,21,0.048643729
1973,3,22,0.040966373
1973,3,23,0.035057767
1973,3,24,0.030543654
1973,3,25,0.027099338
1973,3,26,0.024467619
1973,3,27,0.022452491
1973,3,28,0.020906688
1973,3,29,0.019720404
1973,3,30,0.018811571
1973,3,31,0.018118405
1973,3,32,0.017593997
1973,3,33,0.017202358
1973,3,34,0.016915582
1973,3,35,0.016711801
1973,3,36,0.016573719
1973,3,37,0.016487548
1973,3,38,0.016487548
1973,3,39,0.016487548
1973,3,40,0.016487548
1974,3,1,0.00127435592
1974,3,2,0.0072011697
1974,3,3,0.065533459
1974,3,4,0.060828974
1974,3,5,0.0107599907
1974,3,6,0.012856194
1974,3,7,0.0216445
1974,3,8,0.029244691
1974,3,9,0.036470558
1974,3,10,0.047030218
1974,3,11,0.06500118
1974,3,12,0.0899363
1974,3,13,0.11795819
1974,3,14,0.14252119
1974,3,15,0.1568205
1974,3,16,0.15708643
1974,3,17,0.14426012
1974,3,18,0.12442227
1974,3,19,0.10403198
1974,3,20,0.08614928
1974,3,21,0.07161732
1974,3,22,0.06025039
1974,3,23,0.051517638
1974,3,24,0.044854667
1974,3,25,0.039775835
1974,3,26,0.035898191
1974,3,27,0.032930743
1974,3,28,0.030655417
1974,3,29,0.028909864
1974,3,30,0.027572895
1974,3,31,0.026553397
1974,3,32,0.025782233
1974,3,33,0.025206387
1974,3,34,0.024784769
1974,3,35,0.024485193
1974,3,36,0.024282213
1974,3,37,0.024155547
1974,3,38,0.024155547
1974,3,39,0.024155547
1974,3,40,0.024155547
1975,3,1,0.00112340309
1975,3,2,0.0063836087
1975,3,3,0.0542243195
1975,3,4,0.050341338
1975,3,5,0.0129634502
1975,3,6,0.01631555
1975,3,7,0.024880615
1975,3,8,0.031653349
1975,3,9,0.038431747
1975,3,10,0.049655399
1975,3,11,0.07011074
1975,3,12,0.0998685
1975,3,13,0.13481712
1975,3,14,0.16702679
1975,3,15,0.18758055
1975,3,16,0.19095472
1975,3,17,0.17757742
1975,3,18,0.15464759
1975,3,19,0.1302689
1975,3,20,0.10849621
1975,3,21,0.09059725
1975,3,22,0.07648457
1975,3,23,0.06557969
1975,3,24,0.057223494
1975,3,25,0.050832875
1975,3,26,0.045941344
1975,3,27,0.042190938
1975,3,28,0.039311056
1975,3,29,0.037099204
1975,3,30,0.035403572
1975,3,31,0.03410969
1975,3,32,0.033130453
1975,3,33,0.032398924
1975,3,34,0.031863143
1975,3,35,0.031482357
1975,3,36,0.031224304
1975,3,37,0.031063257
1975,3,38,0.031063257
1975,3,39,0.031063257
1975,3,40,0.031063257
1976,3,1,0.0025593482
1976,3,2,0.0146207651
1976,3,3,0.116653926
1976,3,4,0.106933126
1976,3,5,0.028690423
1976,3,6,0.026669852
1976,3,7,0.03320055
1976,3,8,0.037242949
1976,3,9,0.04135574
1976,3,10,0.050391948
1976,3,11,0.06876799
1976,3,12,0.09623934
1976,3,13,0.1286897
1976,3,14,0.15854333
1976,3,15,0.17742128
1976,3,16,0.18020366
1976,3,17,0.16735607
1976,3,18,0.14565959
1976,3,19,0.12270052
1976,3,20,0.10224845
1976,3,21,0.08546322
1976,3,22,0.07224314
1976,3,23,0.06203425
1976,3,24,0.05421244
1976,3,25,0.048228285
1976,3,26,0.043646685
1976,3,27,0.040134709
1976,3,28,0.037438396
1976,3,29,0.035367788
1976,3,30,0.03378062
1976,3,31,0.032569581
1976,3,32,0.0316531
1976,3,33,0.030968491
1976,3,34,0.030467097
1976,3,35,0.030110761
1976,3,36,0.029869285
1976,3,37,0.029718577
1976,3,38,0.029718577
1976,3,39,0.029718577
1976,3,40,0.029718577
1977,3,1,0.0027499624
1977,3,2,0.015712866
1977,3,3,0.12396391
1977,3,4,0.11410115
1977,3,5,0.033786917
1977,3,6,0.034892254
1977,3,7,0.046111949
1977,3,8,0.05400164
1977,3,9,0.0618769
1977,3,10,0.07679717
1977,3,11,0.10557308
1977,3,12,0.14783822
1977,3,13,0.19729314
1977,3,14,0.24244209
1977,3,15,0.27067067
1977,3,16,0.27436812
1977,3,17,0.25438468
1977,3,18,0.22109536
1977,3,19,0.18601876
1977,3,20,0.15484158
1977,3,21,0.12928936
1977,3,22,0.10918372
1977,3,23,0.09366918
1977,3,24,0.08179019
1977,3,25,0.07270808
1977,3,26,0.06575809
1977,3,27,0.06043194
1977,3,28,0.05634356
1977,3,29,0.05320444
1977,3,30,0.05079852
1977,3,31,0.048962948
1977,3,32,0.047573915
1977,3,33,0.046536389
1977,3,34,0.045776535
1977,3,35,0.045236541
1977,3,36,0.044870609
1977,3,37,0.044642235
1977,3,38,0.044642235
1977,3,39,0.044642235
1977,3,40,0.044642235
1978,3,1,0.0030429087
1978,3,2,0.0174242761
1978,3,3,0.132371381
1978,3,4,0.12138318
1978,3,5,0.037843204
1978,3,6,0.033315206
1978,3,7,0.03810634
1978,3,8,0.040186678
1978,3,9,0.042306657
1978,3,10,0.04924126
1978,3,11,0.0647619
1978,3,12,0.08818031
1978,3,13,0.11552419
1978,3,14,0.14014092
1978,3,15,0.15501756
1978,3,16,0.15610457
1978,3,17,0.14408266
1978,3,18,0.12486934
1978,3,19,0.10489891
1978,3,20,0.08728014
1978,3,21,0.07290909
1978,3,22,0.06163777
1978,3,23,0.05295845
1978,3,24,0.046320376
1978,3,25,0.041246202
1978,3,26,0.037363998
1978,3,27,0.034391074
1978,3,28,0.032110385
1978,3,29,0.030360067
1978,3,30,0.029019114
1978,3,31,0.027996359
1978,3,32,0.027222573
1978,3,33,0.02664468
1978,3,34,0.02622151
1978,3,35,0.025920802
1978,3,36,0.025717044
1978,3,37,0.025589885
1978,3,38,0.025589885
1978,3,39,0.025589885
1978,3,40,0.025589885
1979,3,1,0.0027063043
1979,3,2,0.015446862
1979,3,3,0.11246607
1979,3,4,0.10588829
1979,3,5,0.042024686
1979,3,6,0.040911358
1979,3,7,0.049309166
1979,3,8,0.05476621
1979,3,9,0.06044603
1979,3,10,0.0729141
1979,3,11,0.09809227
1979,3,12,0.1352495
1979,3,13,0.17846577
1979,3,14,0.21747825
1979,3,15,0.24131255
1979,3,16,0.24353509
1979,3,17,0.22510763
1979,3,18,0.19525174
1979,3,19,0.16407039
1979,3,20,0.13648549
1979,3,21,0.11394461
1979,3,22,0.09624396
1979,3,23,0.0826037
1979,3,24,0.07216858
1979,3,25,0.06419357
1979,3,26,0.05809293
1979,3,27,0.05342018
1979,3,28,0.04983502
1979,3,29,0.047083494
1979,3,30,0.044975583
1979,3,31,0.043367885
1979,3,32,0.042151441
1979,3,33,0.041242898
1979,3,34,0.040577574
1979,3,35,0.040104778
1979,3,36,0.039784389
1979,3,37,0.039584454
1979,3,38,0.039584454
1979,3,39,0.039584454
1979,3,40,0.039584454
1980,3,1,0.0038008175
1980,3,2,0.021903511
1980,3,3,0.14856961
1980,3,4,0.13639113
1980,3,5,0.06191309
1980,3,6,0.06130126
1980,3,7,0.07251559
1980,3,8,0.07872262
1980,3,9,0.08465917
1980,3,10,0.09936334
1980,3,11,0.13016811
1980,3,12,0.17531325
1980,3,13,0.22676156
1980,3,14,0.27182437
1980,3,15,0.29767097
1980,3,16,0.29734127
1980,3,17,0.27269695
1980,3,18,0.23516086
1980,3,19,0.19679167
1980,3,20,0.1632489
1980,3,21,0.13604981
1980,3,22,0.1148045
1980,3,23,0.09849356
1980,3,24,0.08604689
1980,3,25,0.0765494
1980,3,26,0.06929278
1980,3,27,0.06374131
1980,3,28,0.05948584
1980,3,29,0.056222023
1980,3,30,0.053722806
1980,3,31,0.051817373
1980,3,32,0.050376201
1980,3,33,0.049300099
1980,3,34,0.048512243
1980,3,35,0.047952458
1980,3,36,0.047573193
1980,3,37,0.047336516
1980,3,38,0.047336516
1980,3,39,0.047336516
1980,3,40,0.047336516
1981,3,1,0.009773632
1981,3,2,0.056781369
1981,3,3,0.33378407
1981,3,4,0.3025265
1981,3,5,0.18048296
1981,3,6,0.1540874
1981,3,7,0.14335883
1981,3,8,0.12120129
1981,3,9,0.10026391
1981,3,10,0.09244454
1981,3,11,0.10098786
1981,3,12,0.12200006
1981,3,13,0.14846735
1981,3,14,0.17171854
1981,3,15,0.1839935
1981,3,16,0.18148593
1981,3,17,0.16551367
1981,3,18,0.14276214
1981,3,19,0.12009373
1981,3,20,0.10057994
1981,3,21,0.08492316
1981,3,22,0.07277783
1981,3,23,0.06348245
1981,3,24,0.05638038
1981,3,25,0.05092695
1981,3,26,0.046741861
1981,3,27,0.043545094
1981,3,28,0.041097863
1981,3,29,0.039223208
1981,3,30,0.037789427
1981,3,31,0.036697225
1981,3,32,0.03587144
1981,3,33,0.035255026
1981,3,34,0.034803827
1981,3,35,0.034483298
1981,3,36,0.034266152
1981,3,37,0.034130661
1981,3,38,0.034130661
1981,3,39,0.034130661
1981,3,40,0.034130661
1982,3,1,0.015555816
1982,3,2,0.09012275
1982,3,3,0.5336802
1982,3,4,0.48981405
1982,3,5,0.29060721
1982,3,6,0.24339346
1982,3,7,0.2212466
1982,3,8,0.18240232
1982,3,9,0.14674224
1982,3,10,0.13210976
1982,3,11,0.14302733
1982,3,12,0.1743155
1982,3,13,0.21606433
1982,3,14,0.25502084
1982,3,15,0.27837575
1982,3,16,0.27893965
1982,3,17,0.2576618
1982,3,18,0.22448266
1982,3,19,0.19028545
1982,3,20,0.16027477
1982,3,21,0.13588809
1982,3,22,0.11680062
1982,3,23,0.10209675
1982,3,24,0.09080876
1982,3,25,0.08211135
1982,3,26,0.07541973
1982,3,27,0.07029811
1982,3,28,0.06637158
1982,3,29,0.06336066
1982,3,30,0.06105637
1982,3,31,0.05930009
1982,3,32,0.05797138
1982,3,33,0.05697906
1982,3,34,0.05625242
1982,3,35,0.05573609
1982,3,36,0.05538621
1982,3,37,0.05516787
1982,3,38,0.05516787
1982,3,39,0.05516787
1982,3,40,0.05516787
1983,3,1,0.020021752
1983,3,2,0.11597378
1983,3,3,0.67986163
1983,3,4,0.62559293
1983,3,5,0.37817568
1983,3,6,0.31048233
1983,3,7,0.27307729
1983,3,8,0.21539661
1983,3,9,0.16229108
1983,3,10,0.13373989
1983,3,11,0.1319039
1983,3,12,0.15009253
1983,3,13,0.17860727
1983,3,14,0.20607293
1983,3,15,0.22221909
1983,3,16,0.22146962
1983,3,17,0.20447866
1983,3,18,0.17874936
1983,3,19,0.15250278
1983,3,20,0.12961385
1983,3,21,0.11109561
1983,3,22,0.09663843
1983,3,23,0.0855036
1983,3,24,0.07693072
1983,3,25,0.07028146
1983,3,26,0.06514224
1983,3,27,0.06121134
1983,3,28,0.05819993
1983,3,29,0.05589275
1983,3,30,0.054129
1983,3,31,0.05278566
1983,3,32,0.05176942
1983,3,33,0.05101051
1983,3,34,0.05045481
1983,3,35,0.05005995
1983,3,36,0.04979239
1983,3,37,0.04962542
1983,3,38,0.04962542
1983,3,39,0.04962542
1983,3,40,0.04962542
1984,3,1,0.024862061
1984,3,2,0.14409625
1984,3,3,0.8347113
1984,3,4,0.7675794
1984,3,5,0.47470234
1984,3,6,0.38713011
1984,3,7,0.33460801
1984,3,8,0.25690616
1984,3,9,0.18528843
1984,3,10,0.14313975
1984,3,11,0.13101602
1984,3,12,0.14080365
1984,3,13,0.16238228
1984,3,14,0.18478348
1984,3,15,0.19842487
1984,3,16,0.19801206
1984,3,17,0.18371999
1984,3,18,0.16181559
1984,3,19,0.13937462
1984,3,20,0.11977158
1984,3,21,0.10390012
1984,3,22,0.09149603
1984,3,23,0.08191721
1984,3,24,0.07450288
1984,3,25,0.06870128
1984,3,26,0.06418969
1984,3,27,0.06073805
1984,3,28,0.05809385
1984,3,29,0.05606863
1984,3,30,0.05452139
1984,3,31,0.05334336
1984,3,32,0.052452015
1984,3,33,0.051786281
1984,3,34,0.051298759
1984,3,35,0.0509523
1984,3,36,0.050717545
1984,3,37,0.050571031
1984,3,38,0.050571031
1984,3,39,0.050571031
1984,3,40,0.050571031
1985,3,1,0.014692587
1985,3,2,0.08490892
1985,3,3,0.5022081
1985,3,4,0.46683458
1985,3,5,0.2806541
1985,3,6,0.23133384
1985,3,7,0.20652992
1985,3,8,0.16753356
1985,3,9,0.13222412
1985,3,10,0.1163216
1985,3,11,0.12311747
1985,3,12,0.14775205
1985,3,13,0.18162289
1985,3,14,0.21351641
1985,3,15,0.2327065
1985,3,16,0.23316082
1985,3,17,0.21556465
1985,3,18,0.18809039
1985,3,19,0.1597497
1985,3,20,0.13486713
1985,3,21,0.11464204
1985,3,22,0.09880742
1985,3,23,0.08660333
1985,3,24,0.07722598
1985,3,25,0.06999018
1985,3,26,0.06441781
1985,3,27,0.06015335
1985,3,28,0.05688481
1985,3,29,0.05437943
1985,3,30,0.05246322
1985,3,31,0.05100324
1985,3,32,0.04989864
1985,3,33,0.04907367
1985,3,34,0.04846956
1985,3,35,0.04804029
1985,3,36,0.04774939
1985,3,37,0.04756786
1985,3,38,0.04756786
1985,3,39,0.04756786
1985,3,40,0.04756786
1986,3,1,0.025966769
1986,3,2,0.15025713
1986,3,3,0.8743759
1986,3,4,0.8097594
1986,3,5,0.4983432
1986,3,6,0.40230768
1986,3,7,0.34466678
1986,3,8,0.26266424
1986,3,9,0.1873604
1986,3,10,0.14172211
1986,3,11,0.12516125
1986,3,12,0.12890452
1986,3,13,0.14308147
1986,3,14,0.15806778
1986,3,15,0.1662145
1986,3,16,0.16368364
1986,3,17,0.15084794
1986,3,18,0.13267027
1986,3,19,0.11458108
1986,3,20,0.09904416
1986,3,21,0.08660712
1986,3,22,0.07695908
1986,3,23,0.06953436
1986,3,24,0.06378175
1986,3,25,0.05925434
1986,3,26,0.05572052
1986,3,27,0.05302222
1986,3,28,0.0509591
1986,3,29,0.049382216
1986,3,30,0.048180302
1986,3,31,0.047266666
1986,3,32,0.046575612
1986,3,33,0.046059604
1986,3,34,0.04568181
1986,3,35,0.04541339
1986,3,36,0.045231509
1986,3,37,0.045118021
1986,3,38,0.045118021
1986,3,39,0.045118021
1986,3,40,0.045118021
1987,3,1,0.035235408
1987,3,2,0.20340518
1987,3,3,1.178434
1987,3,4,1.106041
1987,3,5,0.6961611
1987,3,6,0.55847997
1987,3,7,0.47505211
1987,3,8,0.36116328
1987,3,9,0.25826612
1987,3,10,0.19735887
1987,3,11,0.17808211
1987,3,12,0.18901849
1987,3,13,0.21647032
1987,3,14,0.24576341
1987,3,15,0.2641008
1987,3,16,0.26425306
1987,3,17,0.24607246
1987,3,18,0.21758417
1987,3,19,0.18812261
1987,3,20,0.16224
1987,3,21,0.14120265
1987,3,22,0.1247132
1987,3,23,0.11194845
1987,3,24,0.10204538
1987,3,25,0.09427817
1987,3,26,0.08822932
1987,3,27,0.08360125
1987,3,28,0.08005719
1987,3,29,0.07734519
1987,3,30,0.07527637
1987,3,31,0.07370267
1987,3,32,0.07251161
1987,3,33,0.07162184
1987,3,34,0.07097016
1987,3,35,0.070507
1987,3,36,0.07019312
1987,3,37,0.06999722
1987,3,38,0.06999722
1987,3,39,0.06999722
1987,3,40,0.06999722
1988,3,1,0.021719835
1988,3,2,0.12562167
1988,3,3,0.7268354
1988,3,4,0.6758947
1988,3,5,0.42371311
1988,3,6,0.34385648
1988,3,7,0.29638328
1988,3,8,0.22839251
1988,3,9,0.16649347
1988,3,10,0.13107016
1988,3,11,0.12296474
1988,3,12,0.13511378
1988,3,13,0.15824741
1988,3,14,0.18185745
1988,3,15,0.19647875
1988,3,16,0.19675075
1988,3,17,0.18278533
1988,3,18,0.16089936
1988,3,19,0.13829163
1988,3,20,0.11844599
1988,3,21,0.10232542
1988,3,22,0.08970196
1988,3,23,0.07994891
1988,3,24,0.07240913
1988,3,25,0.06652831
1988,3,26,0.06196564
1988,3,27,0.058474617
1988,3,28,0.055800326
1988,3,29,0.053752332
1988,3,30,0.052188101
1988,3,31,0.05099734
1988,3,32,0.050096307
1988,3,33,0.049423291
1988,3,34,0.048930431
1988,3,35,0.048580166
1988,3,36,0.048342824
1988,3,37,0.048194682
1988,3,38,0.048194682
1988,3,39,0.048194682
1988,3,40,0.048194682
1989,3,1,0.026828315
1989,3,2,0.15429993
1989,3,3,0.8951787
1989,3,4,0.8559733
1989,3,5,0.54691961
1989,3,6,0.43570933
1989,3,7,0.37038708
1989,3,8,0.28513773
1989,3,9,0.20961123
1989,3,10,0.1673814
1989,3,11,0.15911548
1989,3,12,0.1758771
1989,3,13,0.20596411
1989,3,14,0.2361154
1989,3,15,0.25448111
1989,3,16,0.25441571
1989,3,17,0.23610369
1989,3,18,0.20764315
1989,3,19,0.17828134
1989,3,20,0.15250537
1989,3,21,0.13156036
1989,3,22,0.11515524
1989,3,23,0.10248242
1989,3,24,0.09269296
1989,3,25,0.08506914
1989,3,26,0.07916181
1989,3,27,0.0746445
1989,3,28,0.07118692
1989,3,29,0.06854225
1989,3,30,0.06652563
1989,3,31,0.06499209
1989,3,32,0.06383163
1989,3,33,0.06296481
1989,3,34,0.06232999
1989,3,35,0.06187883
1989,3,36,0.06157311
1989,3,37,0.0613823
1989,3,38,0.0613823
1989,3,39,0.0613823
1989,3,40,0.0613823
1990,3,1,0.04628485
1990,3,2,0.26750609
1990,3,3,1.5443297
1990,3,4,1.4420773
1990,3,5,0.9109906
1990,3,6,0.7355785
1990,3,7,0.6294268
1990,3,8,0.4810848
1990,3,9,0.34664912
1990,3,10,0.2684197
1990,3,11,0.24716586
1990,3,12,0.26814783
1990,3,13,0.3126133
1990,3,14,0.35939157
1990,3,15,0.38923937
1990,3,16,0.39095014
1990,3,17,0.36424843
1990,3,18,0.32147108
1990,3,19,0.2769731
1990,3,20,0.23779119
1990,3,21,0.20591807
1990,3,22,0.18094024
1990,3,23,0.16162881
1990,3,24,0.14668449
1990,3,25,0.13500933
1990,3,26,0.1259421
1990,3,27,0.11900648
1990,3,28,0.11369548
1990,3,29,0.10963033
1990,3,30,0.10652741
1990,3,31,0.1041663
1990,3,32,0.10237978
1990,3,33,0.10104539
1990,3,34,0.10006821
1990,3,35,0.09937378
1990,3,36,0.09890321
1990,3,37,0.09860953
1990,3,38,0.09860953
1990,3,39,0.09860953
1990,3,40,0.09860953
1991,3,1,0.048267208
1991,3,2,0.2769869
1991,3,3,1.6016492
1991,3,4,1.5491149
1991,3,5,1.0015104
1991,3,6,0.7812881
1991,3,7,0.6452044
1991,3,8,0.47941451
1991,3,9,0.33279374
1991,3,10,0.2408602
1991,3,11,0.19763006
1991,3,12,0.18623386
1991,3,13,0.1908473
1991,3,14,0.19859384
1991,3,15,0.20097981
1991,3,16,0.19429286
1991,3,17,0.17858521
1991,3,18,0.15846065
1991,3,19,0.13915115
1991,3,20,0.12292631
1991,3,21,0.11014055
1991,3,22,0.1003168
1991,3,23,0.0927659
1991,3,24,0.08685722
1991,3,25,0.08210195
1991,3,26,0.07834007
1991,3,27,0.07548371
1991,3,28,0.07331554
1991,3,29,0.07167415
1991,3,30,0.07043912
1991,3,31,0.06950814
1991,3,32,0.06880411
1991,3,33,0.06827849
1991,3,34,0.0678937
1991,3,35,0.06762032
1991,3,36,0.06743511
1991,3,37,0.06731954
1991,3,38,0.06731954
1991,3,39,0.06731954
1991,3,40,0.06731954
1992,3,1,0.05930141
1992,3,2,0.34064423
1992,3,3,1.9676162
1992,3,4,1.8946227
1992,3,5,1.2249102
1992,3,6,0.9630042
1992,3,7,0.8024059
1992,3,8,0.6022185
1992,3,9,0.42529088
1992,3,10,0.31851799
1992,3,11,0.27787807
1992,3,12,0.28367715
1992,3,13,0.31455464
1992,3,14,0.34930329
1992,3,15,0.37041388
1992,3,16,0.36820509
1992,3,17,0.34217263
1992,3,18,0.30285847
1992,3,19,0.26270399
1992,3,20,0.22771353
1992,3,21,0.19945714
1992,3,22,0.17741728
1992,3,23,0.16040107
1992,3,24,0.14719525
1992,3,25,0.13679773
1992,3,26,0.12868534
1992,3,27,0.12249738
1992,3,28,0.11777496
1992,3,29,0.11417579
1992,3,30,0.11144376
1992,3,31,0.10937243
1992,3,32,0.10780548
1992,3,33,0.1066353
1992,3,34,0.10577847
1992,3,35,0.10516961
1992,3,36,0.10475706
1992,3,37,0.10449959
1992,3,38,0.10449959
1992,3,39,0.10449959
1992,3,40,0.10449959
1993,3,1,0.05024585
1993,3,2,0.28692154
1993,3,3,1.6636487
1993,3,4,1.6477307
1993,3,5,1.0813591
1993,3,6,0.832689
1993,3,7,0.6812874
1993,3,8,0.5077991
1993,3,9,0.35857747
1993,3,10,0.26916933
1993,3,11,0.23464332
1993,3,12,0.23839257
1993,3,13,0.26294579
1993,3,14,0.29096963
1993,3,15,0.30800946
1993,3,16,0.30583059
1993,3,17,0.28369278
1993,3,18,0.25038932
1993,3,19,0.21647772
1993,3,20,0.1870546
1993,3,21,0.16341684
1993,3,22,0.14508087
1993,3,23,0.1310007
1993,3,24,0.12012746
1993,3,25,0.11160262
1993,3,26,0.1049775
1993,3,27,0.09994556
1993,3,28,0.09612216
1993,3,29,0.09322194
1993,3,30,0.09103243
1993,3,31,0.08937867
1993,3,32,0.08812885
1993,3,33,0.08719625
1993,3,34,0.08651376
1993,3,35,0.08602898
1993,3,36,0.08570059
1993,3,37,0.08549568
1993,3,38,0.08549568
1993,3,39,0.08549568
1993,3,40,0.08549568
1994,3,1,0.05916327
1994,3,2,0.33879203
1994,3,3,1.9640301
1994,3,4,1.9188569
1994,3,5,1.2463675
1994,3,6,0.9689963
1994,3,7,0.8005605
1994,3,8,0.6008267
1994,3,9,0.4285916
1994,3,10,0.32941341
1994,3,11,0.30150322
1994,3,12,0.32811437
1994,3,13,0.38798374
1994,3,14,0.45445873
1994,3,15,0.50034892
1994,3,16,0.50757861
1994,3,17,0.47367657
1994,3,18,0.41578435
1994,3,19,0.35486343
1994,3,20,0.30134847
1994,3,21,0.25817811
1994,3,22,0.2247194
1994,3,23,0.19916187
1994,3,24,0.17962222
1994,3,25,0.16453178
1994,3,26,0.15292927
1994,3,27,0.14413153
1994,3,28,0.13744924
1994,3,29,0.13237435
1994,3,30,0.12853113
1994,3,31,0.12562354
1994,3,32,0.12342935
1994,3,33,0.12179381
1994,3,34,0.12059791
1994,3,35,0.11974896
1994,3,36,0.11917408
1994,3,37,0.11881546
1994,3,38,0.11881546
1994,3,39,0.11881546
1994,3,40,0.11881546
1995,3,1,0.036288714
1995,3,2,0.20518421
1995,3,3,1.2006458
1995,3,4,1.2435988
1995,3,5,0.8333541
1995,3,6,0.628784
1995,3,7,0.51037121
1995,3,8,0.3887382
1995,3,9,0.29020591
1995,3,10,0.23930218
1995,3,11,0.23561524
1995,3,12,0.26799352
1995,3,13,0.3209323
1995,3,14,0.37450463
1995,3,15,0.40882575
1995,3,16,0.41134372
1995,3,17,0.38126582
1995,3,18,0.33266732
1995,3,19,0.28218398
1995,3,20,0.23798394
1995,3,21,0.20232031
1995,3,22,0.17464889
1995,3,23,0.15350654
1995,3,24,0.13737413
1995,3,25,0.12497943
1995,3,26,0.11548389
1995,3,27,0.10827923
1995,3,28,0.10280569
1995,3,29,0.09864986
1995,3,30,0.09550536
1995,3,31,0.09312738
1995,3,32,0.09133194
1995,3,33,0.08999313
1995,3,34,0.08901388
1995,3,35,0.08831862
1995,3,36,0.08784774
1995,3,37,0.08755397
1995,3,38,0.08755397
1995,3,39,0.08755397
1995,3,40,0.08755397
1996,3,1,0.030178852
1996,3,2,0.17384934
1996,3,3,1.0026117
1996,3,4,0.9521794
1996,3,5,0.6109953
1996,3,6,0.48602785
1996,3,7,0.40965649
1996,3,8,0.31035233
1996,3,9,0.22260622
1996,3,10,0.17268928
1996,3,11,0.16130889
1996,3,12,0.18029526
1996,3,13,0.21814915
1996,3,14,0.25958894
1996,3,15,0.2885619
1996,3,16,0.29431176
1996,3,17,0.2754766
1996,3,18,0.24218694
1996,3,19,0.20678551
1996,3,20,0.17547496
1996,3,21,0.15007535
1996,3,22,0.13029746
1996,3,23,0.1151362
1996,3,24,0.10352039
1996,3,25,0.09454611
1996,3,26,0.08763946
1996,3,27,0.08238658
1996,3,28,0.07838412
1996,3,29,0.07533376
1996,3,30,0.07301422
1996,3,31,0.07125442
1996,3,32,0.06992552
1996,3,33,0.06893449
1996,3,34,0.06820956
1996,3,35,0.0676948
1996,3,36,0.06734618
1996,3,37,0.06712867
1996,3,38,0.06712867
1996,3,39,0.06712867
1996,3,40,0.06712867
1997,3,1,0.043915526
1997,3,2,0.25330507
1997,3,3,1.4610655
1997,3,4,1.37841
1997,3,5,0.8787376
1997,3,6,0.70108372
1997,3,7,0.5919554
1997,3,8,0.44726337
1997,3,9,0.3177884
1997,3,10,0.24135984
1997,3,11,0.21746541
1997,3,12,0.23300418
1997,3,13,0.2717436
1997,3,14,0.31470311
1997,3,15,0.34362119
1997,3,16,0.34701025
1997,3,17,0.32375016
1997,3,18,0.28516493
1997,3,19,0.2448157
1997,3,20,0.20938488
1997,3,21,0.18073613
1997,3,22,0.15844499
1997,3,23,0.14133074
1997,3,24,0.12816526
1997,3,25,0.11792417
1997,3,26,0.11000269
1997,3,27,0.10397239
1997,3,28,0.09937441
1997,3,29,0.09586878
1997,3,30,0.09320288
1997,3,31,0.09117995
1997,3,32,0.08965163
1997,3,33,0.08851145
1997,3,34,0.08767721
1997,3,35,0.08708473
1997,3,36,0.0866834
1997,3,37,0.086433
1997,3,38,0.086433
1997,3,39,0.086433
1997,3,40,0.086433
1998,3,1,0.06401667
1998,3,2,0.36540449
1998,3,3,2.1177972
1998,3,4,2.1021869
1998,3,5,1.3836975
1998,3,6,1.0654678
1998,3,7,0.8723299
1998,3,8,0.6518048
1998,3,9,0.46267541
1998,3,10,0.35055911
1998,3,11,0.30979357
1998,3,12,0.31926927
1998,3,13,0.35614409
1998,3,14,0.3971019
1998,3,15,0.42227685
1998,3,16,0.42022426
1998,3,17,0.38999502
1998,3,18,0.34392926
1998,3,19,0.29680609
1998,3,20,0.25580011
1998,3,21,0.22278428
1998,3,22,0.19713535
1998,3,23,0.17742937
1998,3,24,0.16222369
1998,3,25,0.15032984
1998,3,26,0.1411
1998,3,27,0.13408512
1998,3,28,0.12875115
1998,3,29,0.1247016
1998,3,30,0.12164113
1998,3,31,0.11932787
1998,3,32,0.11757947
1998,3,33,0.11627469
1998,3,34,0.11531979
1998,3,35,0.11464151
1998,3,36,0.11418199
1998,3,37,0.11389527
1998,3,38,0.11389527
1998,3,39,0.11389527
1998,3,40,0.11389527
1999,3,1,0.12710749
1999,3,2,0.73957093
1999,3,3,4.2429377
1999,3,4,3.8286716
1999,3,5,2.3659231
1999,3,6,1.9280561
1999,3,7,1.639097
1999,3,8,1.2090387
1999,3,9,0.80628715
1999,3,10,0.54269152
1999,3,11,0.40709963
1999,3,12,0.36116995
1999,3,13,0.3687765
1999,3,14,0.39761476
1999,3,15,0.42115839
1999,3,16,0.42314711
1999,3,17,0.39971573
1999,3,18,0.36126437
1999,3,19,0.32148538
1999,3,20,0.2870372
1999,3,21,0.25955487
1999,3,22,0.23832479
1999,3,23,0.22192428
1999,3,24,0.20897518
1999,3,25,0.19839669
1999,3,26,0.18993849
1999,3,27,0.1834987
1999,3,28,0.17858724
1999,3,29,0.17484101
1999,3,30,0.17199023
1999,3,31,0.16982615
1999,3,32,0.16819134
1999,3,33,0.1669718
1999,3,34,0.16607953
1999,3,35,0.16544585
1999,3,36,0.16501664
1999,3,37,0.16474884
1999,3,38,0.16474884
1999,3,39,0.16474884
1999,3,40,0.16474884
2000,3,1,0.049691167
2000,3,2,0.28560643
2000,3,3,1.6485909
2000,3,4,1.5833115
2000,3,5,1.0239697
2000,3,6,0.8092538
2000,3,7,0.6791025
2000,3,8,0.51490396
2000,3,9,0.37082085
2000,3,10,0.28870468
2000,3,11,0.26876321
2000,3,12,0.2964241
2000,3,13,0.35236096
2000,3,14,0.41258397
2000,3,15,0.45321758
2000,3,16,0.45896223
2000,3,17,0.42831827
2000,3,18,0.37659624
2000,3,19,0.32218848
2000,3,20,0.27424199
2000,3,21,0.23537938
2000,3,22,0.20510102
2000,3,23,0.18185724
2000,3,24,0.1640123
2000,3,25,0.15018991
2000,3,26,0.13953115
2000,3,27,0.13141815
2000,3,28,0.12523351
2000,3,29,0.12051963
2000,3,30,0.11693641
2000,3,31,0.11421816
2000,3,32,0.11216453
2000,3,33,0.11063247
2000,3,34,0.10951149
2000,3,35,0.10871537
2000,3,36,0.1081761
2000,3,37,0.10783963
2000,3,38,0.10783963
2000,3,39,0.10783963
2000,3,40,0.10783963
2001,3,1,0.032070004
2001,3,2,0.18376578
2001,3,3,1.0626753
2001,3,4,1.0361633
2001,3,5,0.6783388
2001,3,6,0.5364843
2001,3,7,0.4543819
2001,3,8,0.35310158
2001,3,9,0.26656458
2001,3,10,0.22373667
2001,3,11,0.22835752
2001,3,12,0.27169503
2001,3,13,0.33846154
2001,3,14,0.40652802
2001,3,15,0.4522722
2001,3,16,0.4602244
2001,3,17,0.42928646
2001,3,18,0.37577467
2001,3,19,0.31905494
2001,3,20,0.26882286
2001,3,21,0.22795405
2001,3,22,0.19603965
2001,3,23,0.17154051
2001,3,24,0.15279381
2001,3,25,0.13837971
2001,3,26,0.12732042
2001,3,27,0.11889505
2001,3,28,0.1124655
2001,3,29,0.10755857
2001,3,30,0.10382239
2001,3,31,0.10098501
2001,3,32,0.09884114
2001,3,33,0.09724166
2001,3,34,0.09607126
2001,3,35,0.09524002
2001,3,36,0.09467694
2001,3,37,0.09432563
2001,3,38,0.09432563
2001,3,39,0.09432563
2001,3,40,0.09432563
2002,3,1,0.0640992
2002,3,2,0.36971315
2002,3,3,2.1316174
2002,3,4,2.0121275
2002,3,5,1.2874826
2002,3,6,1.0345466
2002,3,7,0.883025
2002,3,8,0.6781838
2002,3,9,0.49572134
2002,3,10,0.39465843
2002,3,11,0.3786554
2002,3,12,0.42896425
2002,3,13,0.5183588
2002,3,14,0.6118325
2002,3,15,0.6742575
2002,3,16,0.6834207
2002,3,17,0.6378363
2002,3,18,0.5606498
2002,3,19,0.47926793
2002,3,20,0.4073279
2002,3,21,0.34881318
2002,3,22,0.30307215
2002,3,23,0.26786853
2002,3,24,0.24080757
2002,3,25,0.21985538
2002,3,26,0.20369447
2002,3,27,0.1913646
2002,3,28,0.18194305
2002,3,29,0.17474389
2002,3,30,0.16925601
2002,3,31,0.16508468
2002,3,32,0.1619315
2002,3,33,0.15957807
2002,3,34,0.15785558
2002,3,35,0.15663196
2002,3,36,0.15580302
2002,3,37,0.15528574
2002,3,38,0.15528574
2002,3,39,0.15528574
2002,3,40,0.15528574
2003,3,1,0.067154172
2003,3,2,0.38424139
2003,3,3,2.225214
2003,3,4,2.1833139
2003,3,5,1.4261017
2003,3,6,1.106861
2003,3,7,0.9130916
2003,3,8,0.68490234
2003,3,9,0.48759367
2003,3,10,0.37158744
2003,3,11,0.33271772
2003,3,12,0.34971161
2003,3,13,0.39823627
2003,3,14,0.45173997
2003,3,15,0.4861194
2003,3,16,0.48678441
2003,3,17,0.45239342
2003,3,18,0.39811214
2003,3,19,0.34210403
2003,3,20,0.29323292
2003,3,21,0.25386714
2003,3,22,0.22331252
2003,3,23,0.19988585
2003,3,24,0.18186877
2003,3,25,0.16784065
2003,3,26,0.15698913
2003,3,27,0.14874492
2003,3,28,0.14247513
2003,3,29,0.13771116
2003,3,30,0.13410474
2003,3,31,0.13137622
2003,3,32,0.12931501
2003,3,33,0.12777737
2003,3,34,0.12665239
2003,3,35,0.12585344
2003,3,36,0.12531228
2003,3,37,0.12497462
2003,3,38,0.12497462
2003,3,39,0.12497462
2003,3,40,0.12497462
2004,3,1,0.13248383
2004,3,2,0.7679076
2004,3,3,4.417409
2004,3,4,4.0654274
2004,3,5,2.5452302
2004,3,6,2.0523165
2004,3,7,1.7363926
2004,3,8,1.2905069
2004,3,9,0.8799487
2004,3,10,0.6185743
2004,3,11,0.4965005
2004,3,12,0.47251119
2004,3,13,0.5051009
2004,3,14,0.5550596
2004,3,15,0.589839
2004,3,16,0.5902814
2004,3,17,0.5533887
2004,3,18,0.49502423
2004,3,19,0.4348551
2004,3,20,0.38244476
2004,3,21,0.34026785
2004,3,22,0.3074594
2004,3,23,0.28209623
2004,3,24,0.2622545
2004,3,25,0.24637725
2004,3,26,0.23385089
2004,3,27,0.22429624
2004,3,28,0.21700028
2004,3,29,0.21143224
2004,3,30,0.20719601
2004,3,31,0.20397986
2004,3,32,0.20154804
2004,3,33,0.19973268
2004,3,34,0.19840378
2004,3,35,0.19745965
2004,3,36,0.19682001
2004,3,37,0.19642085
2004,3,38,0.19642085
2004,3,39,0.19642085
2004,3,40,0.19642085
2005,3,1,0.10241591
2005,3,2,0.5893514
2005,3,3,3.399517
2005,3,4,3.2450767
2005,3,5,2.0865985
2005,3,6,1.6450532
2005,3,7,1.370069
2005,3,8,1.0209743
2005,3,9,0.7095703
2005,3,10,0.5165679
2005,3,11,0.43284578
2005,3,12,0.424642
2005,3,13,0.45761239
2005,3,14,0.4996648
2005,3,15,0.5253711
2005,3,16,0.5208075
2005,3,17,0.48468098
2005,3,18,0.4309564
2005,3,19,0.37641348
2005,3,20,0.3291007
2005,3,21,0.29103451
2005,3,22,0.26140703
2005,3,23,0.23852078
2005,3,24,0.22068236
2005,3,25,0.20651342
2005,3,26,0.19539398
2005,3,27,0.18691831
2005,3,28,0.18045547
2005,3,29,0.17553499
2005,3,30,0.17180503
2005,3,31,0.1689796
2005,3,32,0.16684234
2005,3,33,0.16524638
2005,3,34,0.16407781
2005,3,35,0.16324747
2005,3,36,0.16268485
2005,3,37,0.16233373
2005,3,38,0.16233373
2005,3,39,0.16233373
2005,3,40,0.16233373
2006,3,1,0.11185921
2006,3,2,0.644455
2006,3,3,3.7181045
2006,3,4,3.5275048
2006,3,5,2.2539252
2006,3,6,1.7798102
2006,3,7,1.482112
2006,3,8,1.0998293
2006,3,9,0.7572109
2006,3,10,0.54239735
2006,3,11,0.44473102
2006,3,12,0.42840156
2006,3,13,0.45776809
2006,3,14,0.49951488
2006,3,15,0.52658648
2006,3,16,0.52343539
2006,3,17,0.4878784
2006,3,18,0.43405659
2006,3,19,0.3793118
2006,3,20,0.33196648
2006,3,21,0.29406053
2006,3,22,0.26470856
2006,3,23,0.24212614
2006,3,24,0.22455688
2006,3,25,0.21058767
2006,3,26,0.19962322
2006,3,27,0.19128829
2006,3,28,0.18494761
2006,3,29,0.18012984
2006,3,30,0.17648422
2006,3,31,0.17372652
2006,3,32,0.17164247
2006,3,33,0.17008738
2006,3,34,0.16894936
2006,3,35,0.16814105
2006,3,36,0.16759348
2006,3,37,0.16725182
2006,3,38,0.16725182
2006,3,39,0.16725182
2006,3,40,0.16725182
2007,3,1,0.1201225
2007,3,2,0.6929068
2007,3,3,3.9918814
2007,3,4,3.7649153
2007,3,5,2.399322
2007,3,6,1.8991873
2007,3,7,1.5817709
2007,3,8,1.1689743
2007,3,9,0.7971894
2007,3,10,0.5614873
2007,3,11,0.4496431
2007,3,12,0.4240135
2007,3,13,0.4480202
2007,3,14,0.4877165
2007,3,15,0.5151426
2007,3,16,0.5136315
2007,3,17,0.4801026
2007,3,18,0.42823307
2007,3,19,0.3752448
2007,3,20,0.32945431
2007,3,21,0.29289466
2007,3,22,0.26467069
2007,3,23,0.24299632
2007,3,24,0.22612548
2007,3,25,0.2126648
2007,3,26,0.20207857
2007,3,27,0.19404514
2007,3,28,0.18794317
2007,3,29,0.18331312
2007,3,30,0.17981384
2007,3,31,0.17716939
2007,3,32,0.17517217
2007,3,33,0.17368259
2007,3,34,0.1725929
2007,3,35,0.1718191
2007,3,36,0.171295
2007,3,37,0.17096802
2007,3,38,0.17096802
2007,3,39,0.17096802
2007,3,40,0.17096802
2008,3,1,0.05759006
2008,3,2,0.33077689
2008,3,3,1.9106134
2008,3,4,1.8407267
2008,3,5,1.1904105
2008,3,6,0.9352243
2008,3,7,0.7793112
2008,3,8,0.5859818
2008,3,9,0.41590829
2008,3,10,0.31492261
2008,3,11,0.28024251
2008,3,12,0.29379726
2008,3,13,0.3347514
2008,3,14,0.38033346
2008,3,15,0.40977242
2008,3,16,0.41048718
2008,3,17,0.38141479
2008,3,18,0.33553619
2008,3,19,0.28827621
2008,3,20,0.24710906
2008,3,21,0.2139992
2008,3,22,0.18833112
2008,3,23,0.16866576
2008,3,24,0.15354386
2008,3,25,0.14176369
2008,3,26,0.13264629
2008,3,27,0.12571837
2008,3,28,0.12044711
2008,3,29,0.11643833
2008,3,30,0.1133995
2008,3,31,0.11109846
2008,3,32,0.10936045
2008,3,33,0.10806408
2008,3,34,0.10711569
2008,3,35,0.1064422
2008,3,36,0.10598605
2008,3,37,0.10570143
2008,3,38,0.10570143
2008,3,39,0.10570143
2008,3,40,0.10570143
2009,3,1,0.05737114
2009,3,2,0.33028742
2009,3,3,1.9064835
2009,3,4,1.8160279
2009,3,5,1.166766
2009,3,6,0.9280351
2009,3,7,0.7841475
2009,3,8,0.5978101
2009,3,9,0.43358979
2009,3,10,0.34172049
2009,3,11,0.32422788
2009,3,12,0.36507667
2009,3,13,0.441342
2009,3,14,0.5228376
2009,3,15,0.5783291
2009,3,16,0.5873526
2009,3,17,0.5479227
2009,3,18,0.4804426
2009,3,19,0.40932375
2009,3,20,0.34668126
2009,3,21,0.29597685
2009,3,22,0.25654806
2009,3,23,0.22635373
2009,3,24,0.20324415
2009,3,25,0.18541242
2009,3,26,0.17170082
2009,3,27,0.16127383
2009,3,28,0.15332961
2009,3,29,0.14727547
2009,3,30,0.14267195
2009,3,31,0.13917943
2009,3,32,0.13654212
2009,3,33,0.13457535
2009,3,34,0.13313673
2009,3,35,0.1321152
2009,3,36,0.13142336
2009,3,37,0.13099174
2009,3,38,0.13099174
2009,3,39,0.13099174
2009,3,40,0.13099174
2010,3,1,0.041654932
2010,3,2,0.235301084
2010,3,3,1.37058525
2010,3,4,1.428175
2010,3,5,0.9699379
2010,3,6,0.73238842
2010,3,7,0.59510528
2010,3,8,0.45520037
2010,3,9,0.34263673
2010,3,10,0.28608153
2010,3,11,0.28578112
2010,3,12,0.3288506
2010,3,13,0.39662539
2010,3,14,0.46461758
2010,3,15,0.50820875
2010,3,16,0.51186083
2010,3,17,0.47468781
2010,3,18,0.41426303
2010,3,19,0.35133104
2010,3,20,0.29611448
2010,3,21,0.25147629
2010,3,22,0.21678472
2010,3,23,0.19024715
2010,3,24,0.16998689
2010,3,25,0.15442457
2010,3,26,0.1425023
2010,3,27,0.13344849
2010,3,28,0.12656436
2010,3,29,0.12133316
2010,3,30,0.11737147
2010,3,31,0.11437362
2010,3,32,0.11210957
2010,3,33,0.11042101
2010,3,34,0.1091858
2010,3,35,0.10830866
2010,3,36,0.1077146
2010,3,37,0.10734396
2010,3,38,0.10734396
2010,3,39,0.10734396
2010,3,40,0.10734396
2011,3,1,0.101661264
2011,3,2,0.58872988
2011,3,3,3.38585663
2011,3,4,3.130869
2011,3,5,1.9703805
2011,3,6,1.58623536
2011,3,7,1.34265069
2011,3,8,1.00322612
2011,3,9,0.69327323
2011,3,10,0.50118647
2011,3,11,0.42249096
2011,3,12,0.42724074
2011,3,13,0.4820534
2011,3,14,0.5506574
2011,3,15,0.5990317
2011,3,16,0.6054885
2011,3,17,0.5668383
2011,3,18,0.5020044
2011,3,19,0.43420504
2011,3,20,0.37486322
2011,3,21,0.32708139
2011,3,22,0.29002899
2011,3,23,0.26160642
2011,3,24,0.23967139
2011,3,25,0.22246538
2011,3,26,0.20908144
2011,3,27,0.19890501
2011,3,28,0.19115316
2011,3,29,0.18524722
2011,3,30,0.1807581
2011,3,31,0.17735317
2011,3,32,0.17478202
2011,3,33,0.17286455
2011,3,34,0.17146199
2011,3,35,0.17046605
2011,3,36,0.16979157
2011,3,37,0.16937074
2011,3,38,0.16937074
2011,3,39,0.16937074
2011,3,40,0.16937074
2012,3,1,0.0581943
2012,3,2,0.33038373
2012,3,3,1.9197229
2012,3,4,1.9549936
2012,3,5,1.310326
2012,3,6,1.0024153
2012,3,7,0.82288599
2012,3,8,0.62906484
2012,3,9,0.46924322
2012,3,10,0.38649552
2012,3,11,0.38165416
2012,3,12,0.43705592
2012,3,13,0.52722434
2012,3,14,0.6188603
2012,3,15,0.6784223
2012,3,16,0.6846363
2012,3,17,0.6361046
2012,3,18,0.55621787
2012,3,19,0.472696
2012,3,20,0.39925666
2012,3,21,0.33979334
2012,3,22,0.29351627
2012,3,23,0.25806669
2012,3,24,0.23095972
2012,3,25,0.21009908
2012,3,26,0.19409272
2012,3,27,0.18192564
2012,3,28,0.17266489
2012,3,29,0.16561969
2012,3,30,0.16027708
2012,3,31,0.15623051
2012,3,32,0.15317387
2012,3,33,0.15089383
2012,3,34,0.14922574
2012,3,35,0.14804113
2012,3,36,0.14723876
2012,3,37,0.14673815
2012,3,38,0.14673815
2012,3,39,0.14673815
2012,3,40,0.14673815
2013,3,1,0.050301753
2013,3,2,0.28505355
2013,3,3,1.65841
2013,3,4,1.7027286
2013,3,5,1.1444986
2013,3,6,0.86764734
2013,3,7,0.70459686
2013,3,8,0.53322222
2013,3,9,0.39271133
2013,3,10,0.31766356
2013,3,11,0.30680671
2013,3,12,0.3449488
2013,3,13,0.41162175
2013,3,14,0.4806968
2013,3,15,0.5259522
2013,3,16,0.5305491
2013,3,17,0.4929517
2013,3,18,0.43110404
2013,3,19,0.36651498
2013,3,20,0.30983491
2013,3,21,0.2640513
2013,3,22,0.22850498
2013,3,23,0.20132814
2013,3,24,0.18057046
2013,3,25,0.16459671
2013,3,26,0.15234587
2013,3,27,0.14305072
2013,3,28,0.13598931
2013,3,29,0.13062827
2013,3,30,0.12657231
2013,3,31,0.12350527
2013,3,32,0.12118958
2013,3,33,0.11946285
2013,3,34,0.11819988
2013,3,35,0.11730315
2013,3,36,0.11669584
2013,3,37,0.11631695
2013,3,38,0.11631695
2013,3,39,0.11631695
2013,3,40,0.11631695
2014,3,1,0.040554447
2014,3,2,0.22923482
2014,3,3,1.3353372
2014,3,4,1.3877653
2014,3,5,0.943622
2014,3,6,0.72108039
2014,3,7,0.59658759
2014,3,8,0.46778974
2014,3,9,0.36650546
2014,3,10,0.32563843
2014,3,11,0.35197098
2014,3,12,0.43546503
2014,3,13,0.5544163
2014,3,14,0.6738015
2014,3,15,0.7543546
2014,3,16,0.769606
2014,3,17,0.7174242
2014,3,18,0.6258974
2014,3,19,0.52855
2014,3,20,0.44225718
2014,3,21,0.37206896
2014,3,22,0.31732769
2014,3,23,0.27540456
2014,3,24,0.24344573
2014,3,25,0.21900745
2014,3,26,0.20033875
2014,3,27,0.18614041
2014,3,28,0.1753236
2014,3,29,0.16708268
2014,3,30,0.16081981
2014,3,31,0.15606988
2014,3,32,0.15248262
2014,3,33,0.14980715
2014,3,34,0.14784997
2014,3,35,0.14646016
2014,3,36,0.14551885
2014,3,37,0.14493156
2014,3,38,0.14493156
2014,3,39,0.14493156
2014,3,40,0.14493156
2015,3,1,0.033051803
2015,3,2,0.18338026
2015,3,3,1.07844669
2015,3,4,1.2152423
2015,3,5,0.8625199
2015,3,6,0.63287198
2015,3,7,0.50776934
2015,3,8,0.40054647
2015,3,9,0.32377598
2015,3,10,0.29824688
2015,3,11,0.32819837
2015,3,12,0.40357543
2015,3,13,0.5047129
2015,3,14,0.6019762
2015,3,15,0.6639211
2015,3,16,0.6704811
2015,3,17,0.6211426
2015,3,18,0.5399607
2015,3,19,0.4550178
2015,3,20,0.38021782
2015,3,21,0.31956125
2015,3,22,0.27232285
2015,3,23,0.23617707
2015,3,24,0.20864593
2015,3,25,0.18761901
2015,3,26,0.17157348
2015,3,27,0.15937829
2015,3,28,0.15009731
2015,3,29,0.14303765
2015,3,30,0.13768484
2015,3,31,0.13363094
2015,3,32,0.13056887
2015,3,33,0.12828482
2015,3,34,0.12661381
2015,3,35,0.12542716
2015,3,36,0.12462341
2015,3,37,0.12412194
2015,3,38,0.12412194
2015,3,39,0.12412194
2015,3,40,0.12412194
2016,3,1,0.04935106
2016,3,2,0.27894912
2016,3,3,1.6242756
2016,3,4,1.6873427
2016,3,5,1.14172856
2016,3,6,0.85770654
2016,3,7,0.68979639
2016,3,8,0.5184487
2016,3,9,0.37877741
2016,3,10,0.30195958
2016,3,11,0.28442479
2016,3,12,0.31025848
2016,3,13,0.36022583
2016,3,14,0.41195613
2016,3,15,0.4444296
2016,3,16,0.4447279
2016,3,17,0.41183497
2016,3,18,0.36016845
2016,3,19,0.30692136
2016,3,20,0.26049606
2016,3,21,0.22314082
2016,3,22,0.19420448
2016,3,23,0.17209969
2016,3,24,0.15520283
2016,3,25,0.14216655
2016,3,26,0.13215344
2016,3,27,0.12456538
2016,3,28,0.11881002
2016,3,29,0.11444994
2016,3,30,0.11116093
2016,3,31,0.1086786
2016,3,32,0.1068044
2016,3,33,0.10540689
2016,3,34,0.10438473
2016,3,35,0.10365897
2016,3,36,0.10316747
2016,3,37,0.10286084
2016,3,38,0.10286084
2016,3,39,0.10286084
2016,3,40,0.10286084
2017,3,1,0.048110666
2017,3,2,0.26999612
2017,3,3,1.5774549
2017,3,4,1.6920171
2017,3,5,1.1656313
2017,3,6,0.8602671
2017,3,7,0.68175011
2017,3,8,0.51266529
2017,3,9,0.37985507
2017,3,10,0.31036711
2017,3,11,0.30075513
2017,3,12,0.33589977
2017,3,13,0.3964722
2017,3,14,0.45836411
2017,3,15,0.4977667
2017,3,16,0.4995008
2017,3,17,0.46219783
2017,3,18,0.40270767
2017,3,19,0.34120073
2017,3,20,0.28756681
2017,3,21,0.24446689
2017,3,22,0.21115685
2017,3,23,0.18579509
2017,3,24,0.16649649
2017,3,25,0.15169584
2017,3,26,0.14038107
2017,3,27,0.13182479
2017,3,28,0.12534769
2017,3,29,0.12044979
2017,3,30,0.11676165
2017,3,31,0.11398185
2017,3,32,0.11188458
2017,3,33,0.11032156
2017,3,34,0.10917883
2017,3,35,0.10836771
2017,3,36,0.10781849
2017,3,37,0.1074759
2017,3,38,0.1074759
2017,3,39,0.1074759
2017,3,40,0.1074759
2018,3,1,0.040197511
2018,3,2,0.22437443
2018,3,3,1.3148897
2018,3,4,1.4440355
2018,3,5,1.0091392
2018,3,6,0.7420237
2018,3,7,0.59171747
2018,3,8,0.45692447
2018,3,9,0.35635727
2018,3,10,0.31425789
2018,3,11,0.33291658
2018,3,12,0.40124754
2018,3,13,0.4993968
2018,3,14,0.5970781
2018,3,15,0.6610732
2018,3,16,0.6691941
2018,3,17,0.6198051
2018,3,18,0.5375322
2018,3,19,0.4515226
2018,3,20,0.37614549
2018,3,21,0.3154067
2018,3,22,0.26841631
2018,3,23,0.23267715
2018,3,24,0.20558725
2018,3,25,0.18496292
2018,3,26,0.16927372
2018,3,27,0.15739909
2018,3,28,0.14839564
2018,3,29,0.14157013
2018,3,30,0.13641107
2018,3,31,0.13251332
2018,3,32,0.12957334
2018,3,33,0.12738275
2018,3,34,0.12578145
2018,3,35,0.12464494
2018,3,36,0.12387546
2018,3,37,0.1233955
2018,3,38,0.1233955
2018,3,39,0.1233955
2018,3,40,0.1233955
2019,3,1,0.025943459
2019,3,2,0.14336162
2019,3,3,0.84560043
2019,3,4,0.9687938
2019,3,5,0.69344
2019,3,6,0.50797562
2019,3,7,0.41019407
2019,3,8,0.3301535
2019,3,9,0.27577637
2019,3,10,0.2643431
2019,3,11,0.30192078
2019,3,12,0.38125404
2019,3,13,0.4848389
2019,3,14,0.5841839
2019,3,15,0.6479126
2019,3,16,0.6556285
2019,3,17,0.6068787
2019,3,18,0.5260438
2019,3,19,0.4414336
2019,3,20,0.36700871
2019,3,21,0.30675351
2019,3,22,0.25991695
2019,3,23,0.2241583
2019,3,24,0.19699473
2019,3,25,0.17631614
2019,3,26,0.16057499
2019,3,27,0.14862104
2019,3,28,0.13952785
2019,3,29,0.13261153
2019,3,30,0.12736539
2019,3,31,0.12339177
2019,3,32,0.12039167
2019,3,33,0.11815462
2019,3,34,0.11651842
2019,3,35,0.11535671
2019,3,36,0.11456996
2019,3,37,0.11407912
2019,3,38,0.11407912
2019,3,39,0.11407912
2019,3,40,0.11407912
2020,3,1,0.056914898
2020,3,2,0.32604841
2020,3,3,1.8849221
2020,3,4,1.8393884
2020,3,5,1.2006474
2020,3,6,0.9364919
2020,3,7,0.7761532
2020,3,8,0.58427511
2020,3,9,0.41818516
2020,3,10,0.32239373
2020,3,11,0.29512713
2020,3,12,0.3194003
2020,3,13,0.37409087
2020,3,14,0.43389157
2020,3,15,0.47403377
2020,3,16,0.47866337
2020,3,17,0.44602383
2020,3,18,0.39187631
2020,3,19,0.33525497
2020,3,20,0.28557474
2020,3,21,0.24546101
2020,3,22,0.21431112
2020,3,23,0.19045835
2020,3,24,0.17217157
2020,3,25,0.15800758
2020,3,26,0.14709114
2020,3,27,0.13879973
2020,3,28,0.13249303
2020,3,29,0.12769768
2020,3,30,0.12406264
2020,3,31,0.12131036
2020,3,32,0.11923204
2020,3,33,0.11768211
2020,3,34,0.1165484
2020,3,35,0.11574337
2020,3,36,0.11519816
2020,3,37,0.114858
2020,3,38,0.114858
2020,3,39,0.114858
2020,3,40,0.114858
2021,3,1,0.11417996
2021,3,2,0.6555102
2021,3,3,3.7845752
2021,3,4,3.6537222
2021,3,5,2.3627806
2021,3,6,1.8374761
2021,3,7,1.5065011
2021,3,8,1.1054329
2021,3,9,0.7506703
2021,3,10,0.5237309
2021,3,11,0.40782674
2021,3,12,0.36528989
2021,3,13,0.36285731
2021,3,14,0.37378691
2021,3,15,0.37940351
2021,3,16,0.36984236
2021,3,17,0.34293558
2021,3,18,0.30673307
2021,3,19,0.27154052
2021,3,20,0.24202895
2021,3,21,0.21898048
2021,3,22,0.20145397
2021,3,23,0.18807231
2021,3,24,0.17758881
2021,3,25,0.16905735
2021,3,26,0.16227101
2021,3,27,0.15715688
2021,3,28,0.15330431
2021,3,29,0.15041101
2021,3,30,0.14825345
2021,3,31,0.14663758
2021,3,32,0.14541827
2021,3,33,0.14450949
2021,3,34,0.143845
2021,3,35,0.14337333
2021,3,36,0.14305396
2021,3,37,0.14285472
2021,3,38,0.14285472
2021,3,39,0.14285472
2021,3,40,0.14285472
2022,3,1,0.072028144
2022,3,2,0.4146079
2022,3,3,2.3907341
2022,3,4,2.2787738
2022,3,5,1.4637968
2022,3,6,1.1540721
2022,3,7,0.9617826
2022,3,8,0.7179238
2022,3,9,0.50077487
2022,3,10,0.36731893
2022,3,11,0.31208535
2022,3,12,0.3123428
2022,3,13,0.3440647
2022,3,14,0.38297713
2022,3,15,0.4079331
2022,3,16,0.40631575
2022,3,17,0.37680375
2022,3,18,0.33182629
2022,3,19,0.28618211
2022,3,20,0.24687499
2022,3,21,0.21556918
2022,3,22,0.19148585
2022,3,23,0.17311603
2022,3,24,0.15898775
2022,3,25,0.14791845
2022,3,26,0.13932175
2022,3,27,0.13280966
2022,3,28,0.12786893
2022,3,29,0.12412186
2022,3,30,0.12128942
2022,3,31,0.11914904
2022,3,32,0.11753386
2022,3,33,0.11632995
2022,3,34,0.11544967
2022,3,35,0.11482479
2022,3,36,0.11440166
2022,3,37,0.11413773
2022,3,38,0.11413773
2022,3,39,0.11413773
2022,3,40,0.11413773
2023,3,1,0.037046956
2023,3,2,0.21102875
2023,3,3,1.223741
2023,3,4,1.2270955
2023,3,5,0.815522
2023,3,6,0.6300152
2023,3,7,0.52219977
2023,3,8,0.40127729
2023,3,9,0.30028759
2023,3,10,0.24825663
2023,3,11,0.2466512
2023,3,12,0.28457627
2023,3,13,0.34563921
2023,3,14,0.40777888
2023,3,15,0.44826554
2023,3,16,0.45250809
2023,3,17,0.41964605
2023,3,18,0.36572264
2023,3,19,0.3095688
2023,3,20,0.26039918
2023,3,21,0.22075023
2023,3,22,0.19001416
2023,3,23,0.16655501
2023,3,24,0.14867615
2023,3,25,0.13495803
2023,3,26,0.12445644
2023,3,27,0.11648626
2023,3,28,0.11042643
2023,3,29,0.10581901
2023,3,30,0.10232518
2023,3,31,0.09967945
2023,3,32,0.09768236
2023,3,33,0.09619348
2023,3,34,0.09510464
2023,3,35,0.09433163
2023,3,36,0.09380815
2023,3,37,0.09348158
2023,3,38,0.09348158
2023,3,39,0.09348158
2023,3,40,0.09348158
2024,3,1,0.034079923
2024,3,2,0.19309274
2024,3,3,1.1232761
2024,3,4,1.155026
2024,3,5,0.7812797
2024,3,6,0.60191488
2024,3,7,0.50283709
2024,3,8,0.39771594
2024,3,9,0.31491566
2024,3,10,0.28387129
2024,3,11,0.31211841
2024,3,12,0.39205106
2024,3,13,0.50476244
2024,3,14,0.6180925
2024,3,15,0.6949982
2024,3,16,0.7101414
2024,3,17,0.6614697
2024,3,18,0.575677
2024,3,19,0.48450213
2024,3,20,0.40384134
2024,3,21,0.33838942
2024,3,22,0.28746924
2024,3,23,0.24857111
2024,3,24,0.21899447
2024,3,25,0.19643727
2024,3,26,0.179241
2024,3,27,0.16617754
2024,3,28,0.15623327
2024,3,29,0.14866037
2024,3,30,0.14290533
2024,3,31,0.13854123
2024,3,32,0.13524707
2024,3,33,0.1327912
2024,3,34,0.1309952
2024,3,35,0.12972012
2024,3,36,0.12885665
2024,3,37,0.12831798
2024,3,38,0.12831798
2024,3,39,0.12831798
2024,3,40,0.12831798
1952,4,1,2.26441058e-11
1952,4,2,2.26441058e-11
1952,4,3,0.000236266728
1952,4,4,0.000333126115
1952,4,5,0.000650816652
1952,4,6,0.00121189126
1952,4,7,0.00186113802
1952,4,8,0.00259849329
1952,4,9,0.00359840176
1952,4,10,0.00518739798
1952,4,11,0.00781519137
1952,4,12,0.0116538777
1952,4,13,0.0165222694
1952,4,14,0.0218231716
1952,4,15,0.0266591372
1952,4,16,0.0301466061
1952,4,17,0.0317491769
1952,4,18,0.0316655184
1952,4,19,0.0305549824
1952,4,20,0.0289553037
1952,4,21,0.0272186464
1952,4,22,0.0255452284
1952,4,23,0.0240327438
1952,4,24,0.022717331
1952,4,25,0.0216015672
1952,4,26,0.0206715127
1952,4,27,0.0199064507
1952,4,28,0.0192840475
1952,4,29,0.0187829374
1952,4,30,0.0183837638
1952,4,31,0.0180696006
1952,4,32,0.0178258667
1952,4,33,0.0176401857
1952,4,34,0.0175020687
1952,4,35,0.0174027259
1952,4,36,0.0173347901
1952,4,37,0.0172920937
1952,4,38,0.0172920937
1952,4,39,0.0172920937
1952,4,40,0.0172920937
1953,4,1,1.3131684e-11
1953,4,2,1.3131684e-11
1953,4,3,0.00013701492
1953,4,4,0.00019318526
1953,4,5,0.00037741908
1953,4,6,0.0007027955
1953,4,7,0.001079304
1953,4,8,0.0015069087
1953,4,9,0.0020867715
1953,4,10,0.0030082566
1953,4,11,0.0045321556
1953,4,12,0.006758273
1953,4,13,0.009581531
1953,4,14,0.012655608
1953,4,15,0.015460064
1953,4,16,0.017482507
1953,4,17,0.01841186
1953,4,18,0.018363348
1953,4,19,0.01771933
1953,4,20,0.016791652
1953,4,21,0.015784536
1953,4,22,0.014814095
1953,4,23,0.013936976
1953,4,24,0.013174148
1953,4,25,0.012527098
1953,4,26,0.011987745
1953,4,27,0.011544072
1953,4,28,0.011183134
1953,4,29,0.010892527
1953,4,30,0.010661043
1953,4,31,0.010478854
1953,4,32,0.010337511
1953,4,33,0.010229828
1953,4,34,0.010149732
1953,4,35,0.010092123
1953,4,36,0.010052725
1953,4,37,0.010027969
1953,4,38,0.010027969
1953,4,39,0.010027969
1953,4,40,0.010027969
1954,4,1,5.6703526e-12
1954,4,2,5.6703526e-12
1954,4,3,5.9163992e-05
1954,4,4,8.341873e-05
1954,4,5,0.00016297221
1954,4,6,0.00030347197
1954,4,7,0.00046605097
1954,4,8,0.00065069365
1954,4,9,0.0009010825
1954,4,10,0.0012989861
1954,4,11,0.0019570165
1954,4,12,0.0029182694
1954,4,13,0.0041373719
1954,4,14,0.0054647801
1954,4,15,0.0066757632
1954,4,16,0.0075490691
1954,4,17,0.007950369
1954,4,18,0.007929422
1954,4,19,0.007651331
1954,4,20,0.0072507523
1954,4,21,0.0068158728
1954,4,22,0.0063968297
1954,4,23,0.0060180834
1954,4,24,0.0056886887
1954,4,25,0.005409288
1954,4,26,0.0051763911
1954,4,27,0.0049848112
1954,4,28,0.0048289549
1954,4,29,0.0047034689
1954,4,30,0.0046035123
1954,4,31,0.0045248424
1954,4,32,0.0044638092
1954,4,33,0.0044173109
1954,4,34,0.0043827256
1954,4,35,0.0043578495
1954,4,36,0.0043408366
1954,4,37,0.0043301465
1954,4,38,0.0043301465
1954,4,39,0.0043301465
1954,4,40,0.0043301465
1955,4,1,1.4186861e-11
1955,4,2,1.4186861e-11
1955,4,3,0.00014802453
1955,4,4,0.00020870838
1955,4,5,0.00040774608
1955,4,6,0.0007592675
1955,4,7,0.0011660298
1955,4,8,0.001627994
1955,4,9,0.0022544509
1955,4,10,0.0032499804
1955,4,11,0.0048963303
1955,4,12,0.007301323
1955,4,13,0.01035144
1955,4,14,0.01367253
1955,4,15,0.016702335
1955,4,16,0.018887287
1955,4,17,0.019891317
1955,4,18,0.019838907
1955,4,19,0.019143141
1955,4,20,0.01814092
1955,4,21,0.017052879
1955,4,22,0.016004459
1955,4,23,0.01505686
1955,4,24,0.014232736
1955,4,25,0.013533694
1955,4,26,0.012951002
1955,4,27,0.012471679
1955,4,28,0.012081737
1955,4,29,0.011767781
1955,4,30,0.011517695
1955,4,31,0.011320866
1955,4,32,0.011168168
1955,4,33,0.011051831
1955,4,34,0.0109653
1955,4,35,0.010903061
1955,4,36,0.010860496
1955,4,37,0.01083375
1955,4,38,0.01083375
1955,4,39,0.01083375
1955,4,40,0.01083375
1956,4,1,2.3898004e-11
1956,4,2,2.3898004e-11
1956,4,3,0.00024934972
1956,4,4,0.00035157272
1956,4,5,0.00068685487
1956,4,6,0.00127899855
1956,4,7,0.001964196
1956,4,8,0.0027423827
1956,4,9,0.0037976599
1956,4,10,0.0054746446
1956,4,11,0.008247949
1956,4,12,0.0122991976
1956,4,13,0.017437168
1956,4,14,0.023031601
1956,4,15,0.028135354
1956,4,16,0.031815942
1956,4,17,0.033507249
1956,4,18,0.033418959
1956,4,19,0.032246938
1956,4,20,0.030558678
1956,4,21,0.028725855
1956,4,22,0.026959769
1956,4,23,0.025363526
1956,4,24,0.023975273
1956,4,25,0.022797732
1956,4,26,0.021816174
1956,4,27,0.021008741
1956,4,28,0.020351881
1956,4,29,0.019823022
1956,4,30,0.019401748
1956,4,31,0.019070184
1956,4,32,0.018812964
1956,4,33,0.018616988
1956,4,34,0.018471226
1956,4,35,0.018366388
1956,4,36,0.018294684
1956,4,37,0.01824963
1956,4,38,0.01824963
1956,4,39,0.01824963
1956,4,40,0.01824963
1957,4,1,2.1124795e-11
1957,4,2,2.1124795e-11
1957,4,3,0.00022041437
1957,4,4,0.00031077499
1957,4,5,0.00060714993
1957,4,6,0.0011305792
1957,4,7,0.0017362643
1957,4,8,0.002424147
1957,4,9,0.0033569666
1957,4,10,0.0048393487
1957,4,11,0.007290829
1957,4,12,0.010871957
1957,4,13,0.015413702
1957,4,14,0.020358937
1957,4,15,0.024870435
1957,4,16,0.028123916
1957,4,17,0.029618956
1957,4,18,0.029540914
1957,4,19,0.028504896
1957,4,20,0.027012543
1957,4,21,0.02539241
1957,4,22,0.023831274
1957,4,23,0.022420257
1957,4,24,0.021193105
1957,4,25,0.020152203
1957,4,26,0.01928455
1957,4,27,0.01857082
1957,4,28,0.017990183
1957,4,29,0.017522689
1957,4,30,0.017150303
1957,4,31,0.016857217
1957,4,32,0.016629841
1957,4,33,0.01645661
1957,4,34,0.016327763
1957,4,35,0.016235086
1957,4,36,0.016171708
1957,4,37,0.016131882
1957,4,38,0.016131882
1957,4,39,0.016131882
1957,4,40,0.016131882
1958,4,1,5.3098422e-11
1958,4,2,5.3098422e-11
1958,4,3,0.00055402453
1958,4,4,0.00078115133
1958,4,5,0.0015261073
1958,4,6,0.0028417784
1958,4,7,0.0043642029
1958,4,8,0.0060932376
1958,4,9,0.0084379331
1958,4,10,0.0121639893
1958,4,11,0.018325931
1958,4,12,0.027327309
1958,4,13,0.038743259
1958,4,14,0.0511734
1958,4,15,0.06251331
1958,4,16,0.070691128
1958,4,17,0.074449006
1958,4,18,0.074252843
1958,4,19,0.071648737
1958,4,20,0.067897631
1958,4,21,0.063825322
1958,4,22,0.05990131
1958,4,23,0.056354648
1958,4,24,0.053270119
1958,4,25,0.050653763
1958,4,26,0.048472866
1958,4,27,0.046678857
1958,4,28,0.045219395
1958,4,29,0.044044321
1958,4,30,0.0431083
1958,4,31,0.04237161
1958,4,32,0.041800092
1958,4,33,0.041364664
1958,4,34,0.041040793
1958,4,35,0.040807851
1958,4,36,0.040648551
1958,4,37,0.040548443
1958,4,38,0.040548443
1958,4,39,0.040548443
1958,4,40,0.040548443
1959,4,1,2.802374e-11
1959,4,2,2.802374e-11
1959,4,3,0.00029239737
1959,4,4,0.00041226801
1959,4,5,0.00080543313
1959,4,6,0.00149980405
1959,4,7,0.0023032939
1959,4,8,0.0032158256
1959,4,9,0.0044532849
1959,4,10,0.0064197846
1959,4,11,0.0096718693
1959,4,12,0.0144225251
1959,4,13,0.0204475143
1959,4,14,0.027007762
1959,4,15,0.032992633
1959,4,16,0.037308635
1959,4,17,0.039291922
1959,4,18,0.039188397
1959,4,19,0.037814032
1959,4,20,0.035834308
1959,4,21,0.033685066
1959,4,22,0.031614097
1959,4,23,0.029742273
1959,4,24,0.028114358
1959,4,25,0.026733515
1959,4,26,0.025582501
1959,4,27,0.024635684
1959,4,28,0.023865421
1959,4,29,0.023245254
1959,4,30,0.022751252
1959,4,31,0.022362451
1959,4,32,0.022060818
1959,4,33,0.021831016
1959,4,34,0.021660087
1959,4,35,0.021537146
1959,4,36,0.021453068
1959,4,37,0.021400237
1959,4,38,0.021400237
1959,4,39,0.021400237
1959,4,40,0.021400237
1960,4,1,4.4894309e-11
1960,4,2,4.4894309e-11
1960,4,3,0.00046842349
1960,4,4,0.00066045743
1960,4,5,0.001290312
1960,4,6,0.0024027015
1960,4,7,0.0036899001
1960,4,8,0.0051517855
1960,4,9,0.0071342079
1960,4,10,0.01028456
1960,4,11,0.015494434
1960,4,12,0.02310503
1960,4,13,0.032757119
1960,4,14,0.043266712
1960,4,15,0.052854523
1960,4,16,0.059768806
1960,4,17,0.062946059
1960,4,18,0.062780205
1960,4,19,0.060578454
1960,4,20,0.057406923
1960,4,21,0.053963824
1960,4,22,0.050646104
1960,4,23,0.047647428
1960,4,24,0.045039477
1960,4,25,0.042827359
1960,4,26,0.040983424
1960,4,27,0.039466614
1960,4,28,0.038232641
1960,4,29,0.037239137
1960,4,30,0.036447737
1960,4,31,0.035824874
1960,4,32,0.035341649
1960,4,33,0.03497351
1960,4,34,0.034699681
1960,4,35,0.034502729
1960,4,36,0.03436803
1960,4,37,0.034283398
1960,4,38,0.034283398
1960,4,39,0.034283398
1960,4,40,0.034283398
1961,4,1,9.0819953e-11
1961,4,2,9.0819953e-11
1961,4,3,0.0009476078
1961,4,4,0.0013360873
1961,4,5,0.0026102657
1961,4,6,0.004860598
1961,4,7,0.007464567
1961,4,8,0.010421919
1961,4,9,0.014432305
1961,4,10,0.020805379
1961,4,11,0.031344812
1961,4,12,0.04674083
1961,4,13,0.066266756
1961,4,14,0.087527356
1961,4,15,0.10692324
1961,4,16,0.12091065
1961,4,17,0.12733813
1961,4,18,0.12700261
1961,4,19,0.12254854
1961,4,20,0.11613262
1961,4,21,0.10916732
1961,4,22,0.10245567
1961,4,23,0.09638942
1961,4,24,0.091113627
1961,4,25,0.086638566
1961,4,26,0.082908354
1961,4,27,0.07983987
1961,4,28,0.077343591
1961,4,29,0.075333738
1961,4,30,0.073732751
1961,4,31,0.072472724
1961,4,32,0.071495196
1961,4,33,0.070750437
1961,4,34,0.070196501
1961,4,35,0.069798062
1961,4,36,0.069525583
1961,4,37,0.069354362
1961,4,38,0.069354362
1961,4,39,0.069354362
1961,4,40,0.069354362
1962,4,1,6.1099787e-11
1962,4,2,6.1099787e-11
1962,4,3,0.00063751015
1962,4,4,0.0008988624
1962,4,5,0.0017560753
1962,4,6,0.0032700032
1962,4,7,0.0050218415
1962,4,8,0.0070114229
1962,4,9,0.009709439
1962,4,10,0.013996971
1962,4,11,0.021087451
1962,4,12,0.031445238
1962,4,13,0.044581445
1962,4,14,0.058884677
1962,4,15,0.07193339
1962,4,16,0.08134352
1962,4,17,0.08566766
1962,4,18,0.08544194
1962,4,19,0.08244542
1962,4,20,0.07812906
1962,4,21,0.073443109
1962,4,22,0.068927788
1962,4,23,0.06484668
1962,4,24,0.061297348
1962,4,25,0.058286736
1962,4,26,0.055777197
1962,4,27,0.053712855
1962,4,28,0.052033463
1962,4,29,0.050681319
1962,4,30,0.049604248
1962,4,31,0.048756553
1962,4,32,0.048098909
1962,4,33,0.047597874
1962,4,34,0.047225202
1962,4,35,0.046957157
1962,4,36,0.046773841
1962,4,37,0.046658649
1962,4,38,0.046658649
1962,4,39,0.046658649
1962,4,40,0.046658649
1963,4,1,9.394511e-11
1963,4,2,9.394511e-11
1963,4,3,0.0009802157
1963,4,4,0.0013820627
1963,4,5,0.0027000867
1963,4,6,0.0050278551
1963,4,7,0.007721425
1963,4,8,0.010780544
1963,4,9,0.014928929
1963,4,10,0.021521304
1963,4,11,0.032423404
1963,4,12,0.048349217
1963,4,13,0.06854703
1963,4,14,0.09053924
1963,4,15,0.11060253
1963,4,16,0.12507124
1963,4,17,0.13171991
1963,4,18,0.13137286
1963,4,19,0.12676549
1963,4,20,0.12012881
1963,4,21,0.11292383
1963,4,22,0.10598121
1963,4,23,0.09970623
1963,4,24,0.0942489
1963,4,25,0.08961985
1963,4,26,0.08576128
1963,4,27,0.0825872
1963,4,28,0.08000503
1963,4,29,0.07792601
1963,4,30,0.07626995
1963,4,31,0.07496656
1963,4,32,0.07395537
1963,4,33,0.073185
1963,4,34,0.07261201
1963,4,35,0.07219985
1963,4,36,0.07191799
1963,4,37,0.07174087
1963,4,38,0.07174087
1963,4,39,0.07174087
1963,4,40,0.07174087
1964,4,1,8.9638396e-11
1964,4,2,8.9638396e-11
1964,4,3,0.00093527978
1964,4,4,0.00131870503
1964,4,5,0.0025763073
1964,4,6,0.0047973627
1964,4,7,0.007367454
1964,4,8,0.0102863324
1964,4,9,0.014244546
1964,4,10,0.020534711
1964,4,11,0.030937025
1964,4,12,0.046132754
1964,4,13,0.065404644
1964,4,14,0.086388646
1964,4,15,0.105532203
1964,4,16,0.119337625
1964,4,17,0.125681497
1964,4,18,0.125350349
1964,4,19,0.120954221
1964,4,20,0.114621759
1964,4,21,0.10774708
1964,4,22,0.101122728
1964,4,23,0.095135407
1964,4,24,0.08992826
1964,4,25,0.085511425
1964,4,26,0.081829734
1964,4,27,0.078801178
1964,4,28,0.076337376
1964,4,29,0.074353672
1964,4,30,0.072773512
1964,4,31,0.071529873
1964,4,32,0.070565056
1964,4,33,0.06982999
1964,4,34,0.069283249
1964,4,35,0.068890005
1964,4,36,0.068621073
1964,4,37,0.068452084
1964,4,38,0.068452084
1964,4,39,0.068452084
1964,4,40,0.068452084
1965,4,1,6.5817218e-11
1965,4,2,6.5817218e-11
1965,4,3,0.00068673132
1965,4,4,0.0009682624
1965,4,5,0.0018916596
1965,4,6,0.0035224762
1965,4,7,0.0054095712
1965,4,8,0.0075527661
1965,4,9,0.010459092
1965,4,10,0.015077658
1965,4,11,0.022715584
1965,4,12,0.033873089
1965,4,13,0.048023521
1965,4,14,0.063431076
1965,4,15,0.077487278
1965,4,16,0.08762394
1965,4,17,0.09228194
1965,4,18,0.09203881
1965,4,19,0.08881092
1965,4,20,0.08416132
1965,4,21,0.079113557
1965,4,22,0.074249608
1965,4,23,0.069853402
1965,4,24,0.066030039
1965,4,25,0.062786973
1965,4,26,0.060083682
1965,4,27,0.057859958
1965,4,28,0.056050902
1965,4,29,0.054594361
1965,4,30,0.053434121
1965,4,31,0.052520983
1965,4,32,0.051812564
1965,4,33,0.051272846
1965,4,34,0.0508714
1965,4,35,0.050582656
1965,4,36,0.050385188
1965,4,37,0.050261106
1965,4,38,0.050261106
1965,4,39,0.050261106
1965,4,40,0.050261106
1966,4,1,5.2012927e-11
1966,4,2,5.2012927e-11
1966,4,3,0.00054269863
1966,4,4,0.00076518225
1966,4,5,0.0014949093
1966,4,6,0.0027836836
1966,4,7,0.0042749857
1966,4,8,0.0059686737
1966,4,9,0.008265436
1966,4,10,0.011915321
1966,4,11,0.017951295
1966,4,12,0.026768657
1966,4,13,0.037951233
1966,4,14,0.05012725
1966,4,15,0.061235343
1966,4,16,0.069245979
1966,4,17,0.072927039
1966,4,18,0.072734884
1966,4,19,0.070184021
1966,4,20,0.066509592
1966,4,21,0.062520549
1966,4,22,0.058676744
1966,4,23,0.05520258
1966,4,24,0.052181119
1966,4,25,0.049618239
1966,4,26,0.047481928
1966,4,27,0.045724598
1966,4,28,0.044294962
1966,4,29,0.043143911
1966,4,30,0.042227034
1966,4,31,0.041505415
1966,4,32,0.040945572
1966,4,33,0.040519044
1966,4,34,0.040201803
1966,4,35,0.039973621
1966,4,36,0.03981757
1966,4,37,0.039719511
1966,4,38,0.039719511
1966,4,39,0.039719511
1966,4,40,0.039719511
1967,4,1,5.7040805e-11
1967,4,2,5.7040805e-11
1967,4,3,0.0005951591
1967,4,4,0.00083914928
1967,4,5,0.0016394159
1967,4,6,0.0030527705
1967,4,7,0.0046882315
1967,4,8,0.0065456407
1967,4,9,0.0090644223
1967,4,10,0.013067125
1967,4,11,0.019686571
1967,4,12,0.029356271
1967,4,13,0.041619807
1967,4,14,0.054972848
1967,4,15,0.067154714
1967,4,16,0.075939719
1967,4,17,0.079976595
1967,4,18,0.079765871
1967,4,19,0.076968412
1967,4,20,0.072938798
1967,4,21,0.068564135
1967,4,22,0.06434879
1967,4,23,0.06053879
1967,4,24,0.057225245
1967,4,25,0.054414629
1967,4,26,0.052071816
1967,4,27,0.050144604
1967,4,28,0.048576773
1967,4,29,0.04731447
1967,4,30,0.046308945
1967,4,31,0.045517566
1967,4,32,0.044903609
1967,4,33,0.044435863
1967,4,34,0.044087942
1967,4,35,0.0438377
1967,4,36,0.043666572
1967,4,37,0.043559028
1967,4,38,0.043559028
1967,4,39,0.043559028
1967,4,40,0.043559028
1968,4,1,4.3785086e-11
1968,4,2,4.3785086e-11
1968,4,3,0.00045684998
1968,4,4,0.00064413919
1968,4,5,0.00125843183
1968,4,6,0.0023433367
1968,4,7,0.003598732
1968,4,8,0.0050244971
1968,4,9,0.0069579398
1968,4,10,0.0100304539
1968,4,11,0.015111605
1968,4,12,0.022534163
1968,4,13,0.031947774
1968,4,14,0.042197708
1968,4,15,0.051548611
1968,4,16,0.058292076
1968,4,17,0.061390808
1968,4,18,0.061229063
1968,4,19,0.059081706
1968,4,20,0.05598854
1968,4,21,0.052630516
1968,4,22,0.049394756
1968,4,23,0.046470166
1968,4,24,0.043926678
1968,4,25,0.041769207
1968,4,26,0.039970839
1968,4,27,0.038491491
1968,4,28,0.037288017
1968,4,29,0.036319048
1968,4,30,0.035547209
1968,4,31,0.034939727
1968,4,32,0.034468452
1968,4,33,0.034109401
1968,4,34,0.033842339
1968,4,35,0.03365025
1968,4,36,0.033518881
1968,4,37,0.033436334
1968,4,38,0.033436334
1968,4,39,0.033436334
1968,4,40,0.033436334
1969,4,1,6.4329386e-11
1969,4,2,6.4329386e-11
1969,4,3,0.00067120749
1969,4,4,0.00094637429
1969,4,5,0.0018488976
1969,4,6,0.0034428487
1969,4,7,0.0052872841
1969,4,8,0.0073820312
1969,4,9,0.0102226574
1969,4,10,0.014736821
1969,4,11,0.022202088
1969,4,12,0.033107367
1969,4,13,0.046937928
1969,4,14,0.061997191
1969,4,15,0.075735625
1969,4,16,0.085643156
1969,4,17,0.090195861
1969,4,18,0.089958223
1969,4,19,0.086803316
1969,4,20,0.0822588
1969,4,21,0.07732515
1969,4,22,0.072571162
1969,4,23,0.068274331
1969,4,24,0.0645374
1969,4,25,0.061367645
1969,4,26,0.058725466
1969,4,27,0.056551996
1969,4,28,0.054783829
1969,4,29,0.053360219
1969,4,30,0.05222622
1969,4,31,0.051333724
1969,4,32,0.050641317
1969,4,33,0.050113794
1969,4,34,0.049721429
1969,4,35,0.049439215
1969,4,36,0.049246198
1969,4,37,0.049124923
1969,4,38,0.049124923
1969,4,39,0.049124923
1969,4,40,0.049124923
1970,4,1,4.8485817e-11
1970,4,2,4.8485817e-11
1970,4,3,0.00050589708
1970,4,4,0.00071329341
1970,4,5,0.00139353594
1970,4,6,0.0025949155
1970,4,7,0.0039850889
1970,4,8,0.0055639242
1970,4,9,0.0077049389
1970,4,10,0.0111073154
1970,4,11,0.016733976
1970,4,12,0.024953414
1970,4,13,0.035377661
1970,4,14,0.046728009
1970,4,15,0.05708285
1970,4,16,0.064550264
1970,4,17,0.067981695
1970,4,18,0.06780257
1970,4,19,0.065424681
1970,4,20,0.061999434
1970,4,21,0.058280876
1970,4,22,0.054697742
1970,4,23,0.051459178
1970,4,24,0.048642595
1970,4,25,0.046253511
1970,4,26,0.044262074
1970,4,27,0.042623907
1970,4,28,0.041291236
1970,4,29,0.040218228
1970,4,30,0.039363519
1970,4,31,0.03869083
1970,4,32,0.038168962
1970,4,33,0.037771358
1970,4,34,0.037475627
1970,4,35,0.037262915
1970,4,36,0.037117455
1970,4,37,0.037026034
1970,4,38,0.037026034
1970,4,39,0.037026034
1970,4,40,0.037026034
1971,4,1,6.0683242e-11
1971,4,2,6.0683242e-11
1971,4,3,0.00063316398
1971,4,4,0.00089273452
1971,4,5,0.0017441035
1971,4,6,0.0032477105
1971,4,7,0.0049876051
1971,4,8,0.0069636232
1971,4,9,0.0096432466
1971,4,10,0.013901549
1971,4,11,0.02094369
1971,4,12,0.031230866
1971,4,13,0.044277517
1971,4,14,0.058483227
1971,4,15,0.071442991
1971,4,16,0.080788974
1971,4,17,0.085083634
1971,4,18,0.084859453
1971,4,19,0.081883359
1971,4,20,0.077596431
1971,4,21,0.072942426
1971,4,22,0.068457881
1971,4,23,0.0644046
1971,4,24,0.060879474
1971,4,25,0.057889368
1971,4,26,0.055396952
1971,4,27,0.053346674
1971,4,28,0.051678725
1971,4,29,0.050335812
1971,4,30,0.049266092
1971,4,31,0.048424166
1971,4,32,0.047771006
1971,4,33,0.047273378
1971,4,34,0.046903245
1971,4,35,0.046637029
1971,4,36,0.046454964
1971,4,37,0.046340562
1971,4,38,0.046340562
1971,4,39,0.046340562
1971,4,40,0.046340562
1972,4,1,7.9886885e-11
1972,4,2,7.9886885e-11
1972,4,3,0.00083353325
1972,4,4,0.00117524678
1972,4,5,0.0022960376
1972,4,6,0.0042754709
1972,4,7,0.0065659694
1972,4,8,0.0091673125
1972,4,9,0.0126949204
1972,4,10,0.018300795
1972,4,11,0.027571475
1972,4,12,0.041114089
1972,4,13,0.058289452
1972,4,14,0.076990675
1972,4,15,0.094051641
1972,4,16,0.106355219
1972,4,17,0.112008959
1972,4,18,0.11171383
1972,4,19,0.107795938
1972,4,20,0.102152384
1972,4,21,0.09602558
1972,4,22,0.090121869
1972,4,23,0.084785887
1972,4,24,0.080145218
1972,4,25,0.076208865
1972,4,26,0.072927706
1972,4,27,0.070228606
1972,4,28,0.068032836
1972,4,29,0.06626494
1972,4,30,0.064856691
1972,4,31,0.063748339
1972,4,32,0.062888482
1972,4,33,0.062233383
1972,4,34,0.06174612
1972,4,35,0.061395653
1972,4,36,0.061155968
1972,4,37,0.061005368
1972,4,38,0.061005368
1972,4,39,0.061005368
1972,4,40,0.061005368
1973,4,1,4.7441789e-11
1973,4,2,4.7441789e-11
1973,4,3,0.00049500372
1973,4,4,0.00069793448
1973,4,5,0.00136352947
1973,4,6,0.00253903972
1973,4,7,0.00389928
1973,4,8,0.0054441185
1973,4,9,0.0075390317
1973,4,10,0.0108681469
1973,4,11,0.0163736486
1973,4,12,0.0244161035
1973,4,13,0.034615896
1973,4,14,0.045721837
1973,4,15,0.055853693
1973,4,16,0.063160325
1973,4,17,0.066517865
1973,4,18,0.066342604
1973,4,19,0.064015918
1973,4,20,0.060664417
1973,4,21,0.057025939
1973,4,22,0.053519956
1973,4,23,0.050351119
1973,4,24,0.047595208
1973,4,25,0.045257553
1973,4,26,0.043308992
1973,4,27,0.041706102
1973,4,28,0.040402112
1973,4,29,0.039352232
1973,4,30,0.03851592
1973,4,31,0.037857721
1973,4,32,0.037347075
1973,4,33,0.036958045
1973,4,34,0.036668672
1973,4,35,0.036460544
1973,4,36,0.036318211
1973,4,37,0.036228767
1973,4,38,0.036228767
1973,4,39,0.036228767
1973,4,40,0.036228767
1974,4,1,4.8696455e-11
1974,4,2,4.8696455e-11
1974,4,3,0.00050809477
1974,4,4,0.00071639229
1974,4,5,0.0013995898
1974,4,6,0.0026061884
1974,4,7,0.0040024012
1974,4,8,0.0055880942
1974,4,9,0.0077384112
1974,4,10,0.0111555694
1974,4,11,0.0168066718
1974,4,12,0.025061817
1974,4,13,0.035531354
1974,4,14,0.046931011
1974,4,15,0.05733082
1974,4,16,0.064830681
1974,4,17,0.068277019
1974,4,18,0.068097121
1974,4,19,0.065708898
1974,4,20,0.06226877
1974,4,21,0.05853407
1974,4,22,0.054935358
1974,4,23,0.051682726
1974,4,24,0.048853924
1974,4,25,0.046454458
1974,4,26,0.044454363
1974,4,27,0.042809089
1974,4,28,0.041470604
1974,4,29,0.040392949
1974,4,30,0.039534533
1974,4,31,0.038858919
1974,4,32,0.038334779
1974,4,33,0.037935444
1974,4,34,0.037638432
1974,4,35,0.037424792
1974,4,36,0.037278696
1974,4,37,0.037186881
1974,4,38,0.037186881
1974,4,39,0.037186881
1974,4,40,0.037186881
1975,4,1,1.4281103e-10
1975,4,2,1.4281103e-10
1975,4,3,0.0014900786
1975,4,4,0.002100948
1975,4,5,0.004104547
1975,4,6,0.007643113
1975,4,7,0.011737756
1975,4,8,0.016388087
1975,4,9,0.022694272
1975,4,10,0.032715693
1975,4,11,0.049288562
1975,4,12,0.073498256
1975,4,13,0.10420204
1975,4,14,0.13763357
1975,4,15,0.16813286
1975,4,16,0.19012755
1975,4,17,0.20023454
1975,4,18,0.19970695
1975,4,19,0.19270307
1975,4,20,0.18261427
1975,4,21,0.17166159
1975,4,22,0.16110774
1975,4,23,0.15156881
1975,4,24,0.14327283
1975,4,25,0.13623596
1975,4,26,0.13037033
1975,4,27,0.12554526
1975,4,28,0.12161995
1975,4,29,0.11845953
1975,4,30,0.11594206
1975,4,31,0.11396071
1975,4,32,0.11242356
1975,4,33,0.11125247
1975,4,34,0.1103814
1975,4,35,0.10975488
1975,4,36,0.10932642
1975,4,37,0.10905719
1975,4,38,0.10905719
1975,4,39,0.10905719
1975,4,40,0.10905719
1976,4,1,1.5311468e-10
1976,4,2,1.5311468e-10
1976,4,3,0.001597586
1976,4,4,0.0022525291
1976,4,5,0.0044006856
1976,4,6,0.008194554
1976,4,7,0.012584623
1976,4,8,0.017570467
1976,4,9,0.024331635
1976,4,10,0.035076095
1976,4,11,0.05284468
1976,4,12,0.07880106
1976,4,13,0.11172009
1976,4,14,0.14756367
1976,4,15,0.18026345
1976,4,16,0.20384502
1976,4,17,0.21468122
1976,4,18,0.21411557
1976,4,19,0.20660639
1976,4,20,0.19578969
1976,4,21,0.18404678
1976,4,22,0.17273149
1976,4,23,0.16250433
1976,4,24,0.1536098
1976,4,25,0.14606524
1976,4,26,0.1397764
1976,4,27,0.13460321
1976,4,28,0.13039469
1976,4,29,0.12700624
1976,4,30,0.12430714
1976,4,31,0.12218283
1976,4,32,0.12053478
1976,4,33,0.1192792
1976,4,34,0.1183453
1976,4,35,0.11767358
1976,4,36,0.11721419
1976,4,37,0.11692553
1976,4,38,0.11692553
1976,4,39,0.11692553
1976,4,40,0.11692553
1977,4,1,1.6432181e-10
1977,4,2,1.6432181e-10
1977,4,3,0.0017145202
1977,4,4,0.0024174013
1977,4,5,0.0047227907
1977,4,6,0.008794349
1977,4,7,0.013505746
1977,4,8,0.018856526
1977,4,9,0.026112573
1977,4,10,0.037643466
1977,4,11,0.056712608
1977,4,12,0.08456886
1977,4,13,0.11989737
1977,4,14,0.15836449
1977,4,15,0.19345771
1977,4,16,0.21876533
1977,4,17,0.23039467
1977,4,18,0.22978763
1977,4,19,0.22172879
1977,4,20,0.21012038
1977,4,21,0.19751796
1977,4,22,0.18537445
1977,4,23,0.17439871
1977,4,24,0.16485317
1977,4,25,0.15675638
1977,4,26,0.15000724
1977,4,27,0.1444554
1977,4,28,0.13993883
1977,4,29,0.13630237
1977,4,30,0.13340571
1977,4,31,0.13112592
1977,4,32,0.12935724
1977,4,33,0.12800975
1977,4,34,0.12700749
1977,4,35,0.12628662
1977,4,36,0.12579361
1977,4,37,0.12548382
1977,4,38,0.12548382
1977,4,39,0.12548382
1977,4,40,0.12548382
1978,4,1,8.5960146e-11
1978,4,2,8.5960146e-11
1978,4,3,0.00089690098
1978,4,4,0.0012645927
1978,4,5,0.0024705895
1978,4,6,0.0046005058
1978,4,7,0.0070651349
1978,4,8,0.0098642403
1978,4,9,0.013660027
1978,4,10,0.019692075
1978,4,11,0.02966754
1978,4,12,0.044239716
1978,4,13,0.062720796
1978,4,14,0.082843736
1978,4,15,0.101201733
1978,4,16,0.114440669
1978,4,17,0.120524219
1978,4,18,0.120206663
1978,4,19,0.115990916
1978,4,20,0.109918316
1978,4,21,0.103325741
1978,4,22,0.096973217
1978,4,23,0.091231584
1978,4,24,0.0862381
1978,4,25,0.082002502
1978,4,26,0.078471896
1978,4,27,0.075567611
1978,4,28,0.073204904
1978,4,29,0.071302597
1978,4,30,0.069787291
1978,4,31,0.068594683
1978,4,32,0.067669459
1978,4,33,0.066964544
1978,4,34,0.066440254
1978,4,35,0.066063146
1978,4,36,0.065805241
1978,4,37,0.065643178
1978,4,38,0.065643178
1978,4,39,0.065643178
1978,4,40,0.065643178
1979,4,1,1.7495658e-10
1979,4,2,1.7495658e-10
1979,4,3,0.0018254825
1979,4,4,0.0025738536
1979,4,5,0.0050284451
1979,4,6,0.009363512
1979,4,7,0.014379825
1979,4,8,0.020076905
1979,4,9,0.027802563
1979,4,10,0.040079718
1979,4,11,0.060382994
1979,4,12,0.09004209
1979,4,13,0.12765704
1979,4,14,0.16861371
1979,4,15,0.20597814
1979,4,16,0.23292364
1979,4,17,0.24530563
1979,4,18,0.24465929
1979,4,19,0.2360789
1979,4,20,0.22371919
1979,4,21,0.21030118
1979,4,22,0.19737174
1979,4,23,0.18568566
1979,4,24,0.17552232
1979,4,25,0.16690154
1979,4,26,0.15971558
1979,4,27,0.15380444
1979,4,28,0.14899557
1979,4,29,0.14512377
1979,4,30,0.14203963
1979,4,31,0.13961229
1979,4,32,0.13772915
1979,4,33,0.13629446
1979,4,34,0.13522733
1979,4,35,0.13445978
1979,4,36,0.13393486
1979,4,37,0.13360501
1979,4,38,0.13360501
1979,4,39,0.13360501
1979,4,40,0.13360501
1980,4,1,1.7031738e-10
1980,4,2,1.7031738e-10
1980,4,3,0.0017770774
1980,4,4,0.0025056045
1980,4,5,0.0048951094
1980,4,6,0.009115227
1980,4,7,0.013998526
1980,4,8,0.019544539
1980,4,9,0.027065334
1980,4,10,0.039016948
1980,4,11,0.058781861
1980,4,12,0.0876545
1980,4,13,0.12427203
1980,4,14,0.16414269
1980,4,15,0.20051636
1980,4,16,0.22674736
1980,4,17,0.23880103
1980,4,18,0.23817182
1980,4,19,0.22981896
1980,4,20,0.21778698
1980,4,21,0.20472476
1980,4,22,0.19213816
1980,4,23,0.18076197
1980,4,24,0.17086813
1980,4,25,0.16247591
1980,4,26,0.15548051
1980,4,27,0.14972611
1980,4,28,0.14504474
1980,4,29,0.14127561
1980,4,30,0.13827326
1980,4,31,0.13591028
1980,4,32,0.13407708
1980,4,33,0.13268042
1980,4,34,0.13164159
1980,4,35,0.13089441
1980,4,36,0.13038341
1980,4,37,0.13006231
1980,4,38,0.13006231
1980,4,39,0.13006231
1980,4,40,0.13006231
1981,4,1,8.347805e-11
1981,4,2,8.347805e-11
1981,4,3,0.0008710031
1981,4,4,0.0012280778
1981,4,5,0.0023992515
1981,4,6,0.0044676674
1981,4,7,0.00686113
1981,4,8,0.009579411
1981,4,9,0.013265596
1981,4,10,0.01912347
1981,4,11,0.028810896
1981,4,12,0.042962307
1981,4,13,0.060909743
1981,4,14,0.08045164
1981,4,15,0.09827955
1981,4,16,0.11113621
1981,4,17,0.1170441
1981,4,18,0.11673572
1981,4,19,0.11264171
1981,4,20,0.10674445
1981,4,21,0.10034222
1981,4,22,0.09417313
1981,4,23,0.08859728
1981,4,24,0.08374799
1981,4,25,0.0796347
1981,4,26,0.07620602
1981,4,27,0.07338561
1981,4,28,0.07109112
1981,4,29,0.06924374
1981,4,30,0.0677722
1981,4,31,0.06661402
1981,4,32,0.06571551
1981,4,33,0.06503096
1981,4,34,0.0645218
1981,4,35,0.06415558
1981,4,36,0.06390513
1981,4,37,0.06374774
1981,4,38,0.06374774
1981,4,39,0.06374774
1981,4,40,0.06374774
1982,4,1,0.00035022408171185
1982,4,2,0.00202937692831185
1982,4,3,0.012450392
1982,4,4,0.0111836522
1982,4,5,0.011108359
1982,4,6,0.016315909
1982,4,7,0.021230099
1982,4,8,0.023951783
1982,4,9,0.029236924
1982,4,10,0.040321814
1982,4,11,0.05993263
1982,4,12,0.08897071
1982,4,13,0.12590087
1982,4,14,0.16613566
1982,4,15,0.20283713
1982,4,16,0.22928631
1982,4,17,0.24141574
1982,4,18,0.24074374
1982,4,19,0.23228068
1982,4,20,0.22011042
1982,4,21,0.20690647
1982,4,22,0.19418817
1982,4,23,0.18269631
1982,4,24,0.17270465
1982,4,25,0.16423198
1982,4,26,0.15717073
1982,4,27,0.15136212
1982,4,28,0.14663668
1982,4,29,0.14283206
1982,4,30,0.13980143
1982,4,31,0.13741619
1982,4,32,0.13556573
1982,4,33,0.13415593
1982,4,34,0.13310731
1982,4,35,0.13235308
1982,4,36,0.13183729
1982,4,37,0.13151316
1982,4,38,0.13151316
1982,4,39,0.13151316
1982,4,40,0.13151316
1983,4,1,0.0005607198
1983,4,2,0.0032261013
1983,4,3,0.018385411
1983,4,4,0.015981127
1983,4,5,0.013898436
1983,4,6,0.018701491
1983,4,7,0.022593492
1983,4,8,0.022538382
1983,4,9,0.025000172
1983,4,10,0.033163464
1983,4,11,0.048690023
1983,4,12,0.07199492
1983,4,13,0.10171704
1983,4,14,0.13411039
1983,4,15,0.16363564
1983,4,16,0.18487633
1983,4,17,0.19457981
1983,4,18,0.19398627
1983,4,19,0.18713326
1983,4,20,0.17730775
1983,4,21,0.16665976
1983,4,22,0.15641007
1983,4,23,0.14715307
1983,4,24,0.13910772
1983,4,25,0.1322881
1983,4,26,0.12660588
1983,4,27,0.121932
1983,4,28,0.11812992
1983,4,29,0.11506888
1983,4,30,0.11263073
1983,4,31,0.11071192
1983,4,32,0.10922341
1983,4,33,0.10808946
1983,4,34,0.10724615
1983,4,35,0.10663968
1983,4,36,0.10622504
1983,4,37,0.10596462
1983,4,38,0.10596462
1983,4,39,0.10596462
1983,4,40,0.10596462
1984,4,1,1.8509357e-10
1984,4,2,1.8509357e-10
1984,4,3,0.0019312511
1984,4,4,0.0027229828
1984,4,5,0.0053197943
1984,4,6,0.009906034
1984,4,7,0.015212993
1984,4,8,0.021240162
1984,4,9,0.029413438
1984,4,10,0.042401938
1984,4,11,0.0638816
1984,4,12,0.09525913
1984,4,13,0.13505349
1984,4,14,0.17838319
1984,4,15,0.21791252
1984,4,16,0.24641924
1984,4,17,0.25951865
1984,4,18,0.25883487
1984,4,19,0.24975732
1984,4,20,0.2366815
1984,4,21,0.22248603
1984,4,22,0.20880747
1984,4,23,0.1964443
1984,4,24,0.1856921
1984,4,25,0.1765718
1984,4,26,0.16896951
1984,4,27,0.16271588
1984,4,28,0.15762837
1984,4,29,0.15353224
1984,4,30,0.15026941
1984,4,31,0.14770143
1984,4,32,0.14570918
1984,4,33,0.14419136
1984,4,34,0.1430624
1984,4,35,0.14225038
1984,4,36,0.14169506
1984,4,37,0.1413461
1984,4,38,0.1413461
1984,4,39,0.1413461
1984,4,40,0.1413461
1985,4,1,0.00010911518
1985,4,2,0.0006149902
1985,4,3,0.0055427179
1985,4,4,0.0060242962
1985,4,5,0.008327625
1985,4,6,0.014007548
1985,4,7,0.020319393
1985,4,8,0.026674131
1985,4,9,0.03577626
1985,4,10,0.05104067
1985,4,11,0.076666461
1985,4,12,0.11422113
1985,4,13,0.16188259
1985,4,14,0.21378021
1985,4,15,0.26110965
1985,4,16,0.29521903
1985,4,17,0.31087187
1985,4,18,0.31002405
1985,4,19,0.29913171
1985,4,20,0.28345802
1985,4,21,0.26644893
1985,4,22,0.2500628
1985,4,23,0.23525474
1985,4,24,0.22237782
1985,4,25,0.21145653
1985,4,26,0.20235371
1985,4,27,0.19486596
1985,4,28,0.18877465
1985,4,29,0.18387044
1985,4,30,0.17996406
1985,4,31,0.17688963
1985,4,32,0.17450458
1985,4,33,0.17268758
1985,4,34,0.17133616
1985,4,35,0.17036422
1985,4,36,0.16969961
1985,4,37,0.16928208
1985,4,38,0.16928208
1985,4,39,0.16928208
1985,4,40,0.16928208
1986,4,1,4.173916774152e-05
1986,4,2,0.00023879160654152
1986,4,3,0.0023468412
1986,4,4,0.002584137
1986,4,5,0.0037515339
1986,4,6,0.006440546
1986,4,7,0.009434846
1986,4,8,0.01250842
1986,4,9,0.016864277
1986,4,10,0.024099898
1986,4,11,0.036215349
1986,4,12,0.05395996
1986,4,13,0.07647686
1986,4,14,0.10099604
1986,4,15,0.12336151
1986,4,16,0.13948527
1986,4,17,0.14688918
1986,4,18,0.14649476
1986,4,19,0.14135232
1986,4,20,0.13394906
1986,4,21,0.12591359
1986,4,22,0.11817169
1986,4,23,0.11117489
1986,4,24,0.10509026
1986,4,25,0.09992952
1986,4,26,0.09562792
1986,4,27,0.09208948
1986,4,28,0.0892109
1986,4,29,0.08689327
1986,4,30,0.08504715
1986,4,31,0.0835942
1986,4,32,0.08246699
1986,4,33,0.08160824
1986,4,34,0.08096952
1986,4,35,0.08051011
1986,4,36,0.08019596
1986,4,37,0.07999856
1986,4,38,0.07999856
1986,4,39,0.07999856
1986,4,40,0.07999856
1987,4,1,0.00127620542708078
1987,4,2,0.00733546527708078
1987,4,3,0.0410562045
1987,4,4,0.035341204
1987,4,5,0.029577037
1987,4,6,0.038678933
1987,4,7,0.045455326
1987,4,8,0.042997589
1987,4,9,0.045432875
1987,4,10,0.058963159
1987,4,11,0.08594452
1987,4,12,0.12677799
1987,4,13,0.17894254
1987,4,14,0.235809
1987,4,15,0.28762035
1987,4,16,0.32485992
1987,4,17,0.3418368
1987,4,18,0.34074487
1987,4,19,0.32867582
1987,4,20,0.31139976
1987,4,21,0.29268888
1987,4,22,0.2746843
1987,4,23,0.25842766
1987,4,24,0.24430197
1987,4,25,0.23233097
1987,4,26,0.2223579
1987,4,27,0.21415486
1987,4,28,0.20748207
1987,4,29,0.20211002
1987,4,30,0.19783122
1987,4,31,0.19446391
1987,4,32,0.19185184
1987,4,33,0.18986208
1987,4,34,0.18838234
1987,4,35,0.1873183
1987,4,36,0.18659091
1987,4,37,0.18613416
1987,4,38,0.18613416
1987,4,39,0.18613416
1987,4,40,0.18613416
1988,4,1,4.2953952459e-07
1988,4,2,1.22838682459e-06
1988,4,3,0.0014586835
1988,4,4,0.0020630319
1988,4,5,0.0040103417
1988,4,6,0.007452259
1988,4,7,0.011439952
1988,4,8,0.015970939
1988,4,9,0.022116361
1988,4,10,0.031882908
1988,4,11,0.04803465
1988,4,12,0.07162955
1988,4,13,0.10155382
1988,4,14,0.13413623
1988,4,15,0.16385978
1988,4,16,0.18529377
1988,4,17,0.19514212
1988,4,18,0.19462662
1988,4,19,0.18779992
1988,4,20,0.17796709
1988,4,21,0.1672926
1988,4,22,0.15700695
1988,4,23,0.14771054
1988,4,24,0.13962552
1988,4,25,0.13276766
1988,4,26,0.12705124
1988,4,27,0.12234895
1988,4,28,0.11852352
1988,4,29,0.11544352
1988,4,30,0.11299014
1988,4,31,0.11105923
1988,4,32,0.10956121
1988,4,33,0.10841994
1988,4,34,0.10757106
1988,4,35,0.1069605
1988,4,36,0.10654296
1988,4,37,0.10628059
1988,4,38,0.10628059
1988,4,39,0.10628059
1988,4,40,0.10628059
1989,4,1,1.233909e-10
1989,4,2,1.233909e-10
1989,4,3,0.0012874507
1989,4,4,0.0018152511
1989,4,5,0.0035463914
1989,4,6,0.0066037654
1989,4,7,0.0101416
1989,4,8,0.014159557
1989,4,9,0.019608195
1989,4,10,0.028266864
1989,4,11,0.042586075
1989,4,12,0.063503603
1989,4,13,0.09003215
1989,4,14,0.1189175
1989,4,15,0.14526935
1989,4,16,0.16427311
1989,4,17,0.1730057
1989,4,18,0.17254984
1989,4,19,0.1664984
1989,4,20,0.15778153
1989,4,21,0.14831823
1989,4,22,0.13919956
1989,4,23,0.13095776
1989,4,24,0.1237899
1989,4,25,0.11770995
1989,4,26,0.11264195
1989,4,27,0.10847302
1989,4,28,0.10508148
1989,4,29,0.10235083
1989,4,30,0.10017572
1989,4,31,0.09846379
1989,4,32,0.09713568
1989,4,33,0.09612382
1989,4,34,0.09537122
1989,4,35,0.0948299
1989,4,36,0.09445969
1989,4,37,0.09422707
1989,4,38,0.09422707
1989,4,39,0.09422707
1989,4,40,0.09422707
1990,4,1,0.00028089909936459
1990,4,2,0.00143391329936459
1990,4,3,0.009509865
1990,4,4,0.0104764237
1990,4,5,0.010782204
1990,4,6,0.015023845
1990,4,7,0.020001407
1990,4,8,0.024226565
1990,4,9,0.031099534
1990,4,10,0.043760704
1990,4,11,0.065543349
1990,4,12,0.09766318
1990,4,13,0.13849187
1990,4,14,0.18290539
1990,4,15,0.22325231
1990,4,16,0.2521454
1990,4,17,0.26525253
1990,4,18,0.26432783
1990,4,19,0.25489204
1990,4,20,0.24142824
1990,4,21,0.22686357
1990,4,22,0.21285681
1990,4,23,0.20021342
1990,4,24,0.18922801
1990,4,25,0.17991717
1990,4,26,0.17216057
1990,4,27,0.16578264
1990,4,28,0.16059596
1990,4,29,0.15642146
1990,4,30,0.1530974
1990,4,31,0.15048226
1990,4,32,0.14845435
1990,4,33,0.14691023
1990,4,34,0.14576257
1990,4,35,0.14493799
1990,4,36,0.14437499
1990,4,37,0.14402226
1990,4,38,0.14402226
1990,4,39,0.14402226
1990,4,40,0.14402226
1991,4,1,2.71361808e-05
1991,4,2,0.000145108534
1991,4,3,0.0017365502
1991,4,4,0.0020911874
1991,4,5,0.0031862323
1991,4,6,0.0054975632
1991,4,7,0.008146148
1991,4,8,0.010986815
1991,4,9,0.014954017
1991,4,10,0.021440585
1991,4,11,0.032255446
1991,4,12,0.048083235
1991,4,13,0.068165348
1991,4,14,0.09002955
1991,4,15,0.10996525
1991,4,16,0.12432873
1991,4,17,0.13091774
1991,4,18,0.13055767
1991,4,19,0.12596799
1991,4,20,0.11936533
1991,4,21,0.11220079
1991,4,22,0.10529899
1991,4,23,0.09906203
1991,4,24,0.09363849
1991,4,25,0.08903864
1991,4,26,0.08520471
1991,4,27,0.08205108
1991,4,28,0.07948564
1991,4,29,0.07742021
1991,4,30,0.07577503
1991,4,31,0.07448028
1991,4,32,0.07347586
1991,4,33,0.0727107
1991,4,34,0.07214161
1991,4,35,0.07173234
1991,4,36,0.0714525
1991,4,37,0.07127674
1991,4,38,0.07127674
1991,4,39,0.07127674
1991,4,40,0.07127674
1992,4,1,0.00200260185950492
1992,4,2,0.0115224771285049
1992,4,3,0.0625089733
1992,4,4,0.052623311
1992,4,5,0.0409410685
1992,4,6,0.050601425
1992,4,7,0.05582785
1992,4,8,0.045777827
1992,4,9,0.041208778
1992,4,10,0.049131953
1992,4,11,0.069473113
1992,4,12,0.10141507
1992,4,13,0.1425174
1992,4,14,0.18738111
1992,4,15,0.22821416
1992,4,16,0.25747739
1992,4,17,0.27072113
1992,4,18,0.26971958
1992,4,19,0.26008295
1992,4,20,0.24636572
1992,4,21,0.23154113
1992,4,22,0.21729398
1992,4,23,0.20444206
1992,4,24,0.19328411
1992,4,25,0.18383627
1992,4,26,0.17596926
1992,4,27,0.16949898
1992,4,28,0.16423605
1992,4,29,0.15999929
1992,4,30,0.15662495
1992,4,31,0.15396964
1992,4,32,0.15191003
1992,4,33,0.15034126
1992,4,34,0.14917476
1992,4,35,0.14833611
1992,4,36,0.14776298
1992,4,37,0.14740327
1992,4,38,0.14740327
1992,4,39,0.14740327
1992,4,40,0.14740327
1993,4,1,0.00015565088491849
1993,4,2,0.00085883083891849
1993,4,3,0.0065528745
1993,4,4,0.0068921472
1993,4,5,0.008453335
1993,4,6,0.013454678
1993,4,7,0.018961604
1993,4,8,0.02413754
1993,4,9,0.031834938
1993,4,10,0.045168623
1993,4,11,0.06774725
1993,4,12,0.1009007
1993,4,13,0.14299538
1993,4,14,0.18882665
1993,4,15,0.23059891
1993,4,16,0.26067309
1993,4,17,0.27444849
1993,4,18,0.27366563
1993,4,19,0.26402578
1993,4,20,0.25017395
1993,4,21,0.2351498
1993,4,22,0.22068017
1993,4,23,0.20760657
1993,4,24,0.19623957
1993,4,25,0.18660008
1993,4,26,0.17856633
1993,4,27,0.17195835
1993,4,28,0.16658303
1993,4,29,0.16225548
1993,4,30,0.15880858
1993,4,31,0.15609595
1993,4,32,0.1539917
1993,4,33,0.15238873
1993,4,34,0.15119665
1993,4,35,0.15033941
1993,4,36,0.14975337
1993,4,37,0.14938536
1993,4,38,0.14938536
1993,4,39,0.14938536
1993,4,40,0.14938536
1994,4,1,0.00045006611722011
1994,4,2,0.00203618524722011
1994,4,3,0.0144335248
1994,4,4,0.0185893752
1994,4,5,0.019355822
1994,4,6,0.025855737
1994,4,7,0.03478413
1994,4,8,0.043803453
1994,4,9,0.057683649
1994,4,10,0.081967579
1994,4,11,0.12323467
1994,4,12,0.18397962
1994,4,13,0.26118202
1994,4,14,0.34509246
1994,4,15,0.42114274
1994,4,16,0.47540681
1994,4,17,0.49986774
1994,4,18,0.49792302
1994,4,19,0.47999344
1994,4,20,0.4545225
1994,4,21,0.42701472
1994,4,22,0.40058477
1994,4,23,0.37674112
1994,4,24,0.35603249
1994,4,25,0.33848553
1994,4,26,0.32387127
1994,4,27,0.31185722
1994,4,28,0.3020893
1994,4,29,0.29422914
1994,4,30,0.28797161
1994,4,31,0.28304965
1994,4,32,0.27923392
1994,4,33,0.27632945
1994,4,34,0.27417159
1994,4,35,0.27262217
1994,4,36,0.27156525
1994,4,37,0.27090427
1994,4,38,0.27090427
1994,4,39,0.27090427
1994,4,40,0.27090427
1995,4,1,3.74041971314e-06
1995,4,2,2.060488661314e-05
1995,4,3,0.0022208834
1995,4,4,0.0030753183
1995,4,5,0.0058875326
1995,4,6,0.010908024
1995,4,7,0.016710902
1995,4,8,0.023275523
1995,4,9,0.032193908
1995,4,10,0.046392883
1995,4,11,0.06988702
1995,4,12,0.10421139
1995,4,13,0.14774423
1995,4,14,0.19514447
1995,4,15,0.23838631
1995,4,16,0.26956911
1995,4,17,0.28389715
1995,4,18,0.28314762
1995,4,19,0.27321639
1995,4,20,0.25891168
1995,4,21,0.24338242
1995,4,22,0.22841884
1995,4,23,0.21489432
1995,4,24,0.20313217
1995,4,25,0.19315528
1995,4,26,0.184839
1995,4,27,0.17799803
1995,4,28,0.17243275
1995,4,29,0.16795193
1995,4,30,0.16438269
1995,4,31,0.16157355
1995,4,32,0.15939422
1995,4,33,0.15773388
1995,4,34,0.15649891
1995,4,35,0.15561065
1995,4,36,0.1550032
1995,4,37,0.15462148
1995,4,38,0.15462148
1995,4,39,0.15462148
1995,4,40,0.15462148
1996,4,1,0.00070408300449127
1996,4,2,0.00407981683449127
1996,4,3,0.0228707011
1996,4,4,0.0194388424
1996,4,5,0.0163840012
1996,4,6,0.021725321
1996,4,7,0.025671042
1996,4,8,0.024403738
1996,4,9,0.025890409
1996,4,10,0.033652913
1996,4,11,0.04906188
1996,4,12,0.07235653
1996,4,13,0.10210645
1996,4,14,0.13454706
1996,4,15,0.16413356
1996,4,16,0.18543333
1996,4,17,0.19517176
1996,4,18,0.19458535
1996,4,19,0.18772089
1996,4,20,0.177874
1996,4,21,0.16720089
1996,4,22,0.15692616
1996,4,23,0.1476463
1996,4,24,0.13958119
1996,4,25,0.13274524
1996,4,26,0.12704948
1996,4,27,0.12236414
1996,4,28,0.1185525
1996,4,29,0.1154836
1996,4,30,0.11303904
1996,4,31,0.11111506
1996,4,32,0.10962243
1996,4,33,0.10848524
1996,4,34,0.10763941
1996,4,35,0.10703104
1996,4,36,0.10661499
1996,4,37,0.10635355
1996,4,38,0.10635355
1996,4,39,0.10635355
1996,4,40,0.10635355
1997,4,1,0.0046965917
1997,4,2,0.026873503
1997,4,3,0.14326429
1997,4,4,0.120393548
1997,4,5,0.089288654
1997,4,6,0.10494823
1997,4,7,0.10985137
1997,4,8,0.078597411
1997,4,9,0.057357053
1997,4,10,0.05889285
1997,4,11,0.07826796
1997,4,12,0.11178482
1997,4,13,0.15568917
1997,4,14,0.20370413
1997,4,15,0.24715394
1997,4,16,0.27791166
1997,4,17,0.29145272
1997,4,18,0.28985671
1997,4,19,0.27915989
1997,4,20,0.26422207
1997,4,21,0.24819781
1997,4,22,0.23286355
1997,4,23,0.21907344
1997,4,24,0.20713197
1997,4,25,0.19704591
1997,4,26,0.18866084
1997,4,27,0.18176793
1997,4,28,0.17616381
1997,4,29,0.1716543
1997,4,30,0.16806432
1997,4,31,0.16524065
1997,4,32,0.16305168
1997,4,33,0.16138551
1997,4,34,0.16014772
1997,4,35,0.15925896
1997,4,36,0.15865281
1997,4,37,0.15827377
1997,4,38,0.15827377
1997,4,39,0.15827377
1997,4,40,0.15827377
1998,4,1,0.0015234325
1998,4,2,0.0087943108
1998,4,3,0.049813647
1998,4,4,0.042896134
1998,4,5,0.036900045
1998,4,6,0.049441188
1998,4,7,0.059282157
1998,4,8,0.058169014
1998,4,9,0.063571479
1998,4,10,0.0837695
1998,4,11,0.12270526
1998,4,12,0.18127928
1998,4,13,0.25601435
1998,4,14,0.33748155
1998,4,15,0.41175559
1998,4,16,0.46520688
1998,4,17,0.48963652
1998,4,18,0.48815661
1998,4,19,0.47092381
1998,4,20,0.44620889
1998,4,21,0.41942211
1998,4,22,0.39363593
1998,4,23,0.37034656
1998,4,24,0.35010529
1998,4,25,0.33294795
1998,4,26,0.31865214
1998,4,27,0.30689284
1998,4,28,0.29732675
1998,4,29,0.28962489
1998,4,30,0.28349016
1998,4,31,0.278662
1998,4,32,0.27491646
1998,4,33,0.2720631
1998,4,34,0.26994078
1998,4,35,0.26841455
1998,4,36,0.26737089
1998,4,37,0.26671527
1998,4,38,0.26671527
1998,4,39,0.26671527
1998,4,40,0.26671527
1999,4,1,0.00495619772
1999,4,2,0.0287170177
1999,4,3,0.152969897
1999,4,4,0.125542972
1999,4,5,0.093261455
1999,4,6,0.111820308
1999,4,7,0.117571756
1999,4,8,0.083646423
1999,4,9,0.060202344
1999,4,10,0.06095429
1999,4,11,0.08029953
1999,4,12,0.114086
1999,4,13,0.15839012
1999,4,14,0.20696549
1999,4,15,0.25121683
1999,4,16,0.2828693
1999,4,17,0.29706626
1999,4,18,0.29577381
1999,4,19,0.28511651
1999,4,20,0.27005524
1999,4,21,0.253824
1999,4,22,0.23825244
1999,4,23,0.22422639
1999,4,24,0.21206723
1999,4,25,0.20178927
1999,4,26,0.19323886
1999,4,27,0.1862053
1999,4,28,0.18048334
1999,4,29,0.17587641
1999,4,30,0.1722067
1999,4,31,0.16931849
1999,4,32,0.16707782
1999,4,33,0.16537074
1999,4,34,0.16410103
1999,4,35,0.16318777
1999,4,36,0.16256322
1999,4,37,0.16217078
1999,4,38,0.16217078
1999,4,39,0.16217078
1999,4,40,0.16217078
2000,4,1,0.016103576
2000,4,2,0.093302679
2000,4,3,0.49286048
2000,4,4,0.40208298
2000,4,5,0.29161367
2000,4,6,0.34204612
2000,4,7,0.34933423
2000,4,8,0.22617641
2000,4,9,0.13246789
2000,4,10,0.10703751
2000,4,11,0.12379415
2000,4,12,0.16622987
2000,4,13,0.2247753
2000,4,14,0.28960996
2000,4,15,0.34854812
2000,4,16,0.39020424
2000,4,17,0.40821238
2000,4,18,0.40547637
2000,4,19,0.39032921
2000,4,20,0.3694553
2000,4,21,0.3471839
2000,4,22,0.32594695
2000,4,23,0.30690882
2000,4,24,0.29047908
2000,4,25,0.27665918
2000,4,26,0.26519439
2000,4,27,0.25576359
2000,4,28,0.24809149
2000,4,29,0.24191446
2000,4,30,0.23699413
2000,4,31,0.23312168
2000,4,32,0.23011747
2000,4,33,0.2278287
2000,4,34,0.22612637
2000,4,35,0.22490199
2000,4,36,0.2240647
2000,4,37,0.22353862
2000,4,38,0.22353862
2000,4,39,0.22353862
2000,4,40,0.22353862
2001,4,1,0.0032059806
2001,4,2,0.018566287
2001,4,3,0.099434242
2001,4,4,0.081999908
2001,4,5,0.061818904
2001,4,6,0.075032369
2001,4,7,0.080199123
2001,4,8,0.059939994
2001,4,9,0.047054333
2001,4,10,0.051142317
2001,4,11,0.069603072
2001,4,12,0.10014502
2001,4,13,0.13982116
2001,4,14,0.18323594
2001,4,15,0.22279338
2001,4,16,0.25114305
2001,4,17,0.26393766
2001,4,18,0.26290268
2001,4,19,0.25349112
2001,4,20,0.2401274
2001,4,21,0.22569906
2001,4,22,0.21184169
2001,4,23,0.1993487
2001,4,24,0.18850939
2001,4,25,0.17933858
2001,4,26,0.17170529
2001,4,27,0.16542628
2001,4,28,0.16031827
2001,4,29,0.15620568
2001,4,30,0.15292983
2001,4,31,0.15035164
2001,4,32,0.14835153
2001,4,33,0.14682777
2001,4,34,0.14569445
2001,4,35,0.14487934
2001,4,36,0.14432194
2001,4,37,0.14397176
2001,4,38,0.14397176
2001,4,39,0.14397176
2001,4,40,0.14397176
2002,4,1,0.0041040533
2002,4,2,0.023177837
2002,4,3,0.12678647
2002,4,4,0.1108862
2002,4,5,0.08743793
2002,4,6,0.10679707
2002,4,7,0.11916246
2002,4,8,0.10239248
2002,4,9,0.09791275
2002,4,10,0.12097713
2002,4,11,0.17354474
2002,4,12,0.25487013
2002,4,13,0.35924761
2002,4,14,0.47298504
2002,4,15,0.57617337
2002,4,16,0.6497872
2002,4,17,0.6828598
2002,4,18,0.6800265
2002,4,19,0.6554777
2002,4,20,0.6207029
2002,4,21,0.58319018
2002,4,22,0.54717378
2002,4,23,0.51470315
2002,4,24,0.48652196
2002,4,25,0.46266365
2002,4,26,0.44280147
2002,4,27,0.4264711
2002,4,28,0.413192
2002,4,29,0.40250499
2002,4,30,0.39399591
2002,4,31,0.3873021
2002,4,32,0.38211206
2002,4,33,0.37816046
2002,4,34,0.37522394
2002,4,35,0.3731146
2002,4,36,0.37167498
2002,4,37,0.37077364
2002,4,38,0.37077364
2002,4,39,0.37077364
2002,4,40,0.37077364
2003,4,1,0.0019917772952382
2003,4,2,0.0115413771952382
2003,4,3,0.0633572678
2003,4,4,0.0530989115
2003,4,5,0.042653197
2003,4,6,0.054577367
2003,4,7,0.062052896
2003,4,8,0.054281004
2003,4,9,0.052809033
2003,4,10,0.065745808
2003,4,11,0.094415189
2003,4,12,0.138516696
2003,4,13,0.19503271
2003,4,14,0.25670457
2003,4,15,0.31294236
2003,4,16,0.35339485
2003,4,17,0.37184426
2003,4,18,0.37066037
2003,4,19,0.35754729
2003,4,20,0.33877467
2003,4,21,0.31844252
2003,4,22,0.2988782
2003,4,23,0.28121467
2003,4,24,0.26586839
2003,4,25,0.25286572
2003,4,26,0.242034
2003,4,27,0.2331237
2003,4,28,0.22587505
2003,4,29,0.22003892
2003,4,30,0.21539007
2003,4,31,0.21173111
2003,4,32,0.20889259
2003,4,33,0.20673
2003,4,34,0.20512146
2003,4,35,0.20396453
2003,4,36,0.20317328
2003,4,37,0.20267607
2003,4,38,0.20267607
2003,4,39,0.20267607
2003,4,40,0.20267607
2004,4,1,0.0041043421
2004,4,2,0.023764712
2004,4,3,0.13438375
2004,4,4,0.11501552
2004,4,5,0.09872973
2004,4,6,0.13250012
2004,4,7,0.15863804
2004,4,8,0.15489325
2004,4,9,0.16848693
2004,4,10,0.22152904
2004,4,11,0.32422211
2004,4,12,0.47881204
2004,4,13,0.67607543
2004,4,14,0.8911362
2004,4,15,1.0872674
2004,4,16,1.228477
2004,4,17,1.2930647
2004,4,18,1.2892188
2004,4,19,1.2437567
2004,4,20,1.1785203
2004,4,21,1.1078007
2004,4,22,1.0397153
2004,4,23,0.9782182
2004,4,24,0.9247675
2004,4,25,0.8794594
2004,4,26,0.84170674
2004,4,27,0.81065162
2004,4,28,0.78538772
2004,4,29,0.76504698
2004,4,30,0.74884449
2004,4,31,0.73609233
2004,4,32,0.72619933
2004,4,33,0.71866229
2004,4,34,0.7130563
2004,4,35,0.7090242
2004,4,36,0.70626698
2004,4,37,0.7045343
2004,4,38,0.7045343
2004,4,39,0.7045343
2004,4,40,0.7045343
2005,4,1,0.0040360759
2005,4,2,0.022808156
2005,4,3,0.124245389
2005,4,4,0.10826776
2005,4,5,0.084540932
2005,4,6,0.10244425
2005,4,7,0.11322071
2005,4,8,0.09509298
2005,4,9,0.08847954
2005,4,10,0.10768365
2005,4,11,0.1536418
2005,4,12,0.22523796
2005,4,13,0.31725518
2005,4,14,0.41753719
2005,4,15,0.50847207
2005,4,16,0.5732765
2005,4,17,0.6023247
2005,4,18,0.5997352
2005,4,19,0.5780247
2005,4,20,0.5473208
2005,4,21,0.51422006
2005,4,22,0.48245119
2005,4,23,0.45381721
2005,4,24,0.42897113
2005,4,25,0.40794066
2005,4,26,0.39043497
2005,4,27,0.37604266
2005,4,28,0.3643399
2005,4,29,0.35492209
2005,4,30,0.34742376
2005,4,31,0.34152537
2005,4,32,0.33695212
2005,4,33,0.33347056
2005,4,34,0.33088347
2005,4,35,0.32902534
2005,4,36,0.32775728
2005,4,37,0.32696369
2005,4,38,0.32696369
2005,4,39,0.32696369
2005,4,40,0.32696369
2006,4,1,0.0027948889
2006,4,2,0.0161488551
2006,4,3,0.090056813
2006,4,4,0.07665364
2006,4,5,0.063786182
2006,4,6,0.08354128
2006,4,7,0.09775797
2006,4,8,0.09129125
2006,4,9,0.09521297
2006,4,10,0.12278161
2006,4,11,0.17853858
2006,4,12,0.26310205
2006,4,13,0.37117191
2006,4,14,0.4890174
2006,4,15,0.596452
2006,4,16,0.6737385
2006,4,17,0.7090219
2006,4,18,0.7068205
2006,4,19,0.6818365
2006,4,20,0.6460379
2006,4,21,0.6072518
2006,4,22,0.5699224
2006,4,23,0.5362131
2006,4,24,0.5069203
2006,4,25,0.4820948
2006,4,26,0.46141155
2006,4,27,0.44439819
2006,4,28,0.43055792
2006,4,29,0.41941488
2006,4,30,0.41053909
2006,4,31,0.40355357
2006,4,32,0.39813449
2006,4,33,0.39400618
2006,4,34,0.3909357
2006,4,35,0.38872739
2006,4,36,0.38721743
2006,4,37,0.38626878
2006,4,38,0.38626878
2006,4,39,0.38626878
2006,4,40,0.38626878
2007,4,1,0.0064577321
2007,4,2,0.036923193
2007,4,3,0.19897889
2007,4,4,0.16865711
2007,4,5,0.12871058
2007,4,6,0.15514418
2007,4,7,0.1676941
2007,4,8,0.13143931
2007,4,9,0.11132629
2007,4,10,0.12782789
2007,4,11,0.17823987
2007,4,12,0.25904857
2007,4,13,0.3634558
2007,4,14,0.47741873
2007,4,15,0.5808759
2007,4,16,0.6546655
2007,4,17,0.687737
2007,4,18,0.6847585
2007,4,19,0.6599917
2007,4,20,0.6249791
2007,4,21,0.5872396
2007,4,22,0.5510242
2007,4,23,0.5183889
2007,4,24,0.49007843
2007,4,25,0.46612465
2007,4,26,0.44618881
2007,4,27,0.42979643
2007,4,28,0.41646578
2007,4,29,0.40573663
2007,4,30,0.39719313
2007,4,31,0.39047176
2007,4,32,0.38525968
2007,4,33,0.38129096
2007,4,34,0.37834124
2007,4,35,0.3762219
2007,4,36,0.37477482
2007,4,37,0.37386825
2007,4,38,0.37386825
2007,4,39,0.37386825
2007,4,40,0.37386825
2008,4,1,0.030764516
2008,4,2,0.17825753
2008,4,3,0.94055327
2008,4,4,0.76659488
2008,4,5,0.55413266
2008,4,6,0.64800355
2008,4,7,0.65900927
2008,4,8,0.4203655
2008,4,9,0.23679268
2008,4,10,0.18100124
2008,4,11,0.20110187
2008,4,12,0.2647721
2008,4,13,0.35455058
2008,4,14,0.45438711
2008,4,15,0.54507508
2008,4,16,0.60886671
2008,4,17,0.63602263
2008,4,18,0.63118562
2008,4,19,0.60728712
2008,4,20,0.57466133
2008,4,21,0.53998441
2008,4,22,0.50699579
2008,4,23,0.4774778
2008,4,24,0.45204954
2008,4,25,0.43070246
2008,4,26,0.41301299
2008,4,27,0.39846187
2008,4,28,0.38662419
2008,4,29,0.3770933
2008,4,30,0.3695014
2008,4,31,0.36352627
2008,4,32,0.35889079
2008,4,33,0.3553592
2008,4,34,0.35273251
2008,4,35,0.3508432
2008,4,36,0.34955122
2008,4,37,0.34873941
2008,4,38,0.34873941
2008,4,39,0.34873941
2008,4,40,0.34873941
2009,4,1,0.027097932
2009,4,2,0.1567195
2009,4,3,0.8280043
2009,4,4,0.6778855
2009,4,5,0.49165871
2009,4,6,0.57507644
2009,4,7,0.58707317
2009,4,8,0.38079484
2009,4,9,0.22421632
2009,4,10,0.18257608
2009,4,11,0.21241243
2009,4,12,0.28619531
2009,4,13,0.38773889
2009,4,14,0.50004462
2009,4,15,0.6019015
2009,4,16,0.6736544
2009,4,17,0.7044986
2009,4,18,0.6995601
2009,4,19,0.6732475
2009,4,20,0.637099
2009,4,21,0.5985775
2009,4,22,0.5618692
2009,4,23,0.52897457
2009,4,24,0.5005931
2009,4,25,0.47672249
2009,4,26,0.45692256
2009,4,27,0.44063914
2009,4,28,0.42739526
2009,4,29,0.41673433
2009,4,30,0.40824417
2009,4,31,0.40156355
2009,4,32,0.39638222
2009,4,33,0.39243611
2009,4,34,0.38950227
2009,4,35,0.38739344
2009,4,36,0.38595266
2009,4,37,0.38504896
2009,4,38,0.38504896
2009,4,39,0.38504896
2009,4,40,0.38504896
2010,4,1,0.012457201311
2010,4,2,0.07195784922
2010,4,3,0.383861668
2010,4,4,0.317156476
2010,4,5,0.236330758
2010,4,6,0.282865485
2010,4,7,0.29828897
2010,4,8,0.21510571
2010,4,9,0.15885516
2010,4,10,0.16452221
2010,4,11,0.21918455
2010,4,12,0.31291156
2010,4,13,0.43544846
2010,4,14,0.569644
2010,4,15,0.6917184
2010,4,16,0.7788851
2010,4,17,0.8178939
2010,4,18,0.8142327
2010,4,19,0.7847916
2010,4,20,0.7432396
2010,4,21,0.6984823
2010,4,22,0.6555542
2010,4,23,0.6168909
2010,4,24,0.5833735
2010,4,25,0.555039
2010,4,26,0.531467
2010,4,27,0.5120799
2010,4,28,0.4963102
2010,4,29,0.4836151
2010,4,30,0.4735041
2010,4,31,0.46554739
2010,4,32,0.45937577
2010,4,33,0.45467479
2010,4,34,0.45117923
2010,4,35,0.44866602
2010,4,36,0.44694838
2010,4,37,0.44587018
2010,4,38,0.44587018
2010,4,39,0.44587018
2010,4,40,0.44587018
2011,4,1,0.014670023841
2011,4,2,0.084655652916
2011,4,3,0.449720119
2011,4,4,0.37115949
2011,4,5,0.273283595
2011,4,6,0.32307547
2011,4,7,0.335860812
2011,4,8,0.23217081
2011,4,9,0.15809808
2011,4,10,0.15214772
2011,4,11,0.19556379
2011,4,12,0.27532125
2011,4,13,0.38079745
2011,4,14,0.49652715
2011,4,15,0.6016198
2011,4,16,0.6763038
2011,4,17,0.7093255
2011,4,18,0.705597
2011,4,19,0.6797435
2011,4,20,0.64356
2011,4,21,0.6047131
2011,4,22,0.5675262
2011,4,23,0.534082
2011,4,24,0.50512667
2011,4,25,0.48068087
2011,4,26,0.46036034
2011,4,27,0.44364943
2011,4,28,0.43005823
2011,4,29,0.4191181
2011,4,30,0.4104057
2011,4,31,0.40355059
2011,4,32,0.398234
2011,4,33,0.39418517
2011,4,34,0.39117514
2011,4,35,0.38901166
2011,4,36,0.38753378
2011,4,37,0.38660712
2011,4,38,0.38660712
2011,4,39,0.38660712
2011,4,40,0.38660712
2012,4,1,0.0209729942
2012,4,2,0.1209560949
2012,4,3,0.639847468
2012,4,4,0.527071933
2012,4,5,0.383355569
2012,4,6,0.447634596
2012,4,7,0.45827843
2012,4,8,0.30168767
2012,4,9,0.18441593
2012,4,10,0.15768061
2012,4,11,0.18953796
2012,4,12,0.25942372
2012,4,13,0.35424206
2012,4,14,0.4587236
2012,4,15,0.5532835
2012,4,16,0.6198275
2012,4,17,0.6484957
2012,4,18,0.6440557
2012,4,19,0.619829
2012,4,20,0.586485
2012,4,21,0.5509241
2012,4,22,0.5170176
2012,4,23,0.4866152
2012,4,24,0.46036453
2012,4,25,0.43826439
2012,4,26,0.41992465
2012,4,27,0.40484602
2012,4,28,0.39258496
2012,4,29,0.38271758
2012,4,30,0.37486108
2012,4,31,0.36868064
2012,4,32,0.36388867
2012,4,33,0.36024043
2012,4,34,0.35752934
2012,4,35,0.35558196
2012,4,36,0.3542529
2012,4,37,0.35342095
2012,4,38,0.35342095
2012,4,39,0.35342095
2012,4,40,0.35342095
2013,4,1,0.0254520719
2013,4,2,0.1471389541
2013,4,3,0.776554972
2013,4,4,0.635773669
2013,4,5,0.459621202
2013,4,6,0.535602614
2013,4,7,0.54443491
2013,4,8,0.34819537
2013,4,9,0.1977072
2013,4,10,0.15302889
2013,4,11,0.17178839
2013,4,12,0.22755172
2013,4,13,0.30576145
2013,4,14,0.39253501
2013,4,15,0.47108204
2013,4,16,0.52606795
2013,4,17,0.5492888
2013,4,18,0.54488369
2013,4,19,0.52405603
2013,4,20,0.49573743
2013,4,21,0.46568663
2013,4,22,0.43712365
2013,4,23,0.41157788
2013,4,24,0.38957671
2013,4,25,0.37110728
2013,4,26,0.35580469
2013,4,27,0.34322158
2013,4,28,0.3329883
2013,4,29,0.32475176
2013,4,30,0.31819291
2013,4,31,0.31303265
2013,4,32,0.30903095
2013,4,33,0.30598377
2013,4,34,0.30371876
2013,4,35,0.3020912
2013,4,36,0.30097977
2013,4,37,0.30028325
2013,4,38,0.30028325
2013,4,39,0.30028325
2013,4,40,0.30028325
2014,4,1,0.0235439066
2014,4,2,0.135139885
2014,4,3,0.71523436
2014,4,4,0.59461481
2014,4,5,0.43252499
2014,4,6,0.50141607
2014,4,7,0.51277396
2014,4,8,0.33919059
2014,4,9,0.21008071
2014,4,10,0.1827215
2014,4,11,0.22226869
2014,4,12,0.30620488
2014,4,13,0.41963555
2014,4,14,0.54433123
2014,4,15,0.6566828
2014,4,16,0.7352291
2014,4,17,0.7686797
2014,4,18,0.762934
2014,4,19,0.733841
2014,4,20,0.6940478
2014,4,21,0.6517142
2014,4,22,0.6114043
2014,4,23,0.5752893
2014,4,24,0.5441217
2014,4,25,0.51788833
2014,4,26,0.49612517
2014,4,27,0.47824032
2014,4,28,0.46370345
2014,4,29,0.45200909
2014,4,30,0.44270188
2014,4,31,0.43538334
2014,4,32,0.42971182
2014,4,33,0.42539666
2014,4,34,0.42219269
2014,4,35,0.41989412
2014,4,36,0.41832826
2014,4,37,0.41735129
2014,4,38,0.41735129
2014,4,39,0.41735129
2014,4,40,0.41735129
2015,4,1,0.0224889626
2015,4,2,0.128792264
2015,4,3,0.68147856
2015,4,4,0.56884923
2015,4,5,0.413244
2015,4,6,0.47679589
2015,4,7,0.48648855
2015,4,8,0.32067572
2015,4,9,0.19713663
2015,4,10,0.1700362
2015,4,11,0.20593782
2015,4,12,0.28335566
2015,4,13,0.38822267
2015,4,14,0.5034479
2015,4,15,0.60696962
2015,4,16,0.6789747
2015,4,17,0.7093115
2015,4,18,0.7035916
2015,4,19,0.6764586
2015,4,20,0.63956301
2015,4,21,0.6004042
2015,4,22,0.56316756
2015,4,23,0.52983696
2015,4,24,0.50109226
2015,4,25,0.47691308
2015,4,26,0.45686297
2015,4,27,0.44039042
2015,4,28,0.42700471
2015,4,29,0.41623907
2015,4,30,0.40767291
2015,4,31,0.4009392
2015,4,32,0.39572238
2015,4,33,0.39175459
2015,4,34,0.38881015
2015,4,35,0.38669922
2015,4,36,0.38526286
2015,4,37,0.38436868
2015,4,38,0.38436868
2015,4,39,0.38436868
2015,4,40,0.38436868
2016,4,1,0.011360102658
2016,4,2,0.065510498293
2016,4,3,0.3479276698
2016,4,4,0.2874619014
2016,4,5,0.21146535
2016,4,6,0.249528419
2016,4,7,0.259078745
2016,4,8,0.178585622
2016,4,9,0.120925539
2016,4,10,0.11574517
2016,4,11,0.14837673
2016,4,12,0.20869135
2016,4,13,0.28853603
2016,4,14,0.3761437
2016,4,15,0.45565207
2016,4,16,0.5120914
2016,4,17,0.53698717
2016,4,18,0.53408683
2016,4,19,0.51446374
2016,4,20,0.48704214
2016,4,21,0.4576197
2016,4,22,0.42946394
2016,4,23,0.40414809
2016,4,24,0.38223431
2016,4,25,0.36373677
2016,4,26,0.3483624
2016,4,27,0.33571979
2016,4,28,0.32543787
2016,4,29,0.31716184
2016,4,30,0.31057149
2016,4,31,0.3053863
2016,4,32,0.30136509
2016,4,33,0.2983029
2016,4,34,0.29602669
2016,4,35,0.29439086
2016,4,36,0.29327366
2016,4,37,0.29257334
2016,4,38,0.29257334
2016,4,39,0.29257334
2016,4,40,0.29257334
2017,4,1,0.0291669297
2017,4,2,0.168924243
2017,4,3,0.88887971
2017,4,4,0.72365402
2017,4,5,0.5188153
2017,4,6,0.60156027
2017,4,7,0.60514022
2017,4,8,0.37144623
2017,4,9,0.18725981
2017,4,10,0.1180776
2017,4,11,0.11012643
2017,4,12,0.13103159
2017,4,13,0.16610886
2017,4,14,0.20625201
2017,4,15,0.24243641
2017,4,16,0.26693178
2017,4,17,0.27608291
2017,4,18,0.27228069
2017,4,19,0.26100169
2017,4,20,0.24650466
2017,4,21,0.23148786
2017,4,22,0.21743078
2017,4,23,0.20501369
2017,4,24,0.19444871
2017,4,25,0.1856995
2017,4,26,0.17850719
2017,4,27,0.17259194
2017,4,28,0.16778058
2017,4,29,0.1639074
2017,4,30,0.1608227
2017,4,31,0.15839536
2017,4,32,0.1565126
2017,4,33,0.1550786
2017,4,34,0.15401234
2017,4,35,0.15324581
2017,4,36,0.152722
2017,4,37,0.15239329
2017,4,38,0.15239329
2017,4,39,0.15239329
2017,4,40,0.15239329
2018,4,1,0.0483464799
2018,4,2,0.279461832
2018,4,3,1.47066961
2018,4,4,1.20178739
2018,4,5,0.86141779
2018,4,6,0.99547081
2018,4,7,1.00050863
2018,4,8,0.61455189
2018,4,9,0.31078
2018,4,10,0.1973741
2018,4,11,0.18578356
2018,4,12,0.22271898
2018,4,13,0.28378772
2018,4,14,0.35334116
2018,4,15,0.41559819
2018,4,16,0.4573154
2018,4,17,0.47257513
2018,4,18,0.46568066
2018,4,19,0.446062
2018,4,20,0.42101596
2018,4,21,0.39514806
2018,4,22,0.3709731
2018,4,23,0.3496389
2018,4,24,0.33149606
2018,4,25,0.31647324
2018,4,26,0.30412773
2018,4,27,0.29398171
2018,4,28,0.28573448
2018,4,29,0.27909947
2018,4,30,0.27381861
2018,4,31,0.26966585
2018,4,32,0.26644743
2018,4,33,0.26399857
2018,4,34,0.26218007
2018,4,35,0.26087511
2018,4,36,0.25998606
2018,4,37,0.25943109
2018,4,38,0.25943109
2018,4,39,0.25943109
2018,4,40,0.25943109
2019,4,1,0.02279035
2019,4,2,0.130942691
2019,4,3,0.691988688
2019,4,4,0.57364456
2019,4,5,0.4156019
2019,4,6,0.48065779
2019,4,7,0.48913041
2019,4,8,0.31766616
2019,4,9,0.18811811
2019,4,10,0.15464589
2019,4,11,0.18149003
2019,4,12,0.24604106
2019,4,13,0.33465638
2019,4,14,0.43233466
2019,4,15,0.52019433
2019,4,16,0.58128221
2019,4,17,0.6068943
2019,4,18,0.6018242
2019,4,19,0.57855505
2019,4,20,0.54700972
2019,4,21,0.51357223
2019,4,22,0.48180351
2019,4,23,0.45338912
2019,4,24,0.42890515
2019,4,25,0.40833146
2019,4,26,0.39128012
2019,4,27,0.37726892
2019,4,28,0.36588169
2019,4,29,0.3567218
2019,4,30,0.34943244
2019,4,31,0.34370125
2019,4,32,0.33926021
2019,4,33,0.33588197
2019,4,34,0.333374
2019,4,35,0.33157525
2019,4,36,0.33035041
2019,4,37,0.32958689
2019,4,38,0.32958689
2019,4,39,0.32958689
2019,4,40,0.32958689
2020,4,1,0.0269689677
2020,4,2,0.156119409
2020,4,3,0.8222074
2020,4,4,0.670403634
2020,4,5,0.481810417
2020,4,6,0.55952387
2020,4,7,0.56459905
2020,4,8,0.350855607
2020,4,9,0.183669389
2020,4,10,0.12449846
2020,4,11,0.12501051
2020,4,12,0.15582288
2020,4,13,0.20282358
2020,4,14,0.25577872
2020,4,15,0.30361951
2020,4,16,0.33656842
2020,4,17,0.34970465
2020,4,18,0.34586392
2020,4,19,0.33207674
2020,4,20,0.3138782
2020,4,21,0.29480604
2020,4,22,0.27681936
2020,4,23,0.2608341
2020,4,24,0.24715148
2020,4,25,0.23574383
2020,4,26,0.22632935
2020,4,27,0.21858708
2020,4,28,0.21229008
2020,4,29,0.2072213
2020,4,30,0.20318464
2020,4,31,0.20000842
2020,4,32,0.19754504
2020,4,33,0.19566896
2020,4,34,0.1942742
2020,4,35,0.1932717
2020,4,36,0.19258683
2020,4,37,0.19215731
2020,4,38,0.19215731
2020,4,39,0.19215731
2020,4,40,0.19215731
2021,4,1,0.02354124133
2021,4,2,0.13634194779
2021,4,3,0.7181422304
2021,4,4,0.585079321
2021,4,5,0.420704456
2021,4,6,0.489175012
2021,4,7,0.494016061
2021,4,8,0.307614849
2021,4,9,0.161961678
2021,4,10,0.11090202
2021,4,11,0.11238698
2021,4,12,0.140804
2021,4,13,0.18375626
2021,4,14,0.23209787
2021,4,15,0.27584581
2021,4,16,0.30610375
2021,4,17,0.31830874
2021,4,18,0.31498793
2021,4,19,0.30254463
2021,4,20,0.286033
2021,4,21,0.26869005
2021,4,22,0.25231192
2021,4,23,0.23774141
2021,4,24,0.22525848
2021,4,25,0.21484147
2021,4,26,0.20623956
2021,4,27,0.19916454
2021,4,28,0.19340951
2021,4,29,0.18877645
2021,4,30,0.18508635
2021,4,31,0.18218244
2021,4,32,0.1799299
2021,4,33,0.17821408
2021,4,34,0.17693816
2021,4,35,0.17602074
2021,4,36,0.17539367
2021,4,37,0.17499999
2021,4,38,0.17499999
2021,4,39,0.17499999
2021,4,40,0.17499999
2022,4,1,0.04256656388
2022,4,2,0.2466046954
2022,4,3,1.297833104
2022,4,4,1.056103463
2022,4,5,0.757566823
2022,4,6,0.879269846
2022,4,7,0.885215823
2022,4,8,0.544645945
2022,4,9,0.27655306
2022,4,10,0.17687761
2022,4,11,0.16747684
2022,4,12,0.20120989
2022,4,13,0.25648661
2022,4,14,0.3195431
2022,4,15,0.37649464
2022,4,16,0.41530435
2022,4,17,0.43012414
2022,4,18,0.42457939
2022,4,19,0.40722206
2022,4,20,0.38473038
2022,4,21,0.36134838
2022,4,22,0.33941129
2022,4,23,0.31999917
2022,4,24,0.3034549
2022,4,25,0.28972941
2022,4,26,0.27843397
2022,4,27,0.26914299
2022,4,28,0.26158501
2022,4,29,0.25550018
2022,4,30,0.25065351
2022,4,31,0.24683924
2022,4,32,0.24388034
2022,4,33,0.24162628
2022,4,34,0.23994992
2022,4,35,0.2387444
2022,4,36,0.23792019
2022,4,37,0.23740253
2022,4,38,0.23740253
2022,4,39,0.23740253
2022,4,40,0.23740253
2023,4,1,0.058006177
2023,4,2,0.33377057
2023,4,3,1.7573827
2023,4,4,1.44902986
2023,4,5,1.03900489
2023,4,6,1.19234104
2023,4,7,1.19728473
2023,4,8,0.73978936
2023,4,9,0.38181673
2023,4,10,0.25279604
2023,4,11,0.24910493
2023,4,12,0.30823561
2023,4,13,0.40037816
2023,4,14,0.5038929
2023,4,15,0.5955713
2023,4,16,0.656383
2023,4,17,0.6784514
2023,4,18,0.6683321
2023,4,19,0.6397699
2023,4,20,0.603364
2023,4,21,0.5657848
2023,4,22,0.5306616
2023,4,23,0.499643
2023,4,24,0.47322546
2023,4,25,0.45129832
2023,4,26,0.43326104
2023,4,27,0.41845581
2023,4,28,0.40643465
2023,4,29,0.39677402
2023,4,30,0.3890933
2023,4,31,0.38306064
2023,4,32,0.37839167
2023,4,33,0.37484512
2023,4,34,0.37221764
2023,4,35,0.3703383
2023,4,36,0.36906442
2023,4,37,0.36827661
2023,4,38,0.36827661
2023,4,39,0.36827661
2023,4,40,0.36827661
2024,4,1,0.029335631
2024,4,2,0.16994187
2024,4,3,0.8972333
2024,4,4,0.73191262
2024,4,5,0.52999751
2024,4,6,0.62059923
2024,4,7,0.63253595
2024,4,8,0.40677643
2024,4,9,0.23414562
2024,4,10,0.18470679
2024,4,11,0.21005992
2024,4,12,0.27980705
2024,4,13,0.3768752
2024,4,14,0.48454054
2024,4,15,0.5823577
2024,4,16,0.6513299
2024,4,17,0.6809382
2024,4,18,0.6760929
2024,4,19,0.6506731
2024,4,20,0.6157938
2024,4,21,0.578644
2024,4,22,0.54325751
2024,4,23,0.51156071
2024,4,24,0.48422802
2024,4,25,0.46125596
2024,4,26,0.44220804
2024,4,27,0.42653985
2024,4,28,0.41379371
2024,4,29,0.40353178
2024,4,30,0.39535772
2024,4,31,0.38892461
2024,4,32,0.38393399
2024,4,33,0.38013197
2024,4,34,0.37730426
2024,4,35,0.37527061
2024,4,36,0.37388001
2024,4,37,0.37300646
2024,4,38,0.37300646
2024,4,39,0.37300646
2024,4,40,0.37300646
1952,5,1,1.3914607122308e-13
1952,5,2,1.3914607122308e-13
1952,5,3,3.45253208752816e-06
1952,5,4,4.932549121935e-06
1952,5,5,1.00440442676926e-05
1952,5,6,2.00529627340046e-05
1952,5,7,3.3287592109488e-05
1952,5,8,4.7798625374406e-05
1952,5,9,6.2466250995914e-05
1952,5,10,7.6908927319128e-05
1952,5,11,9.097802141204e-05
1952,5,12,0.00010381551292252
1952,5,13,0.00011459715296416
1952,5,14,0.00012281652260216
1952,5,15,0.0001283027524937
1952,5,16,0.00013116895298684
1952,5,17,0.00013173382427418
1952,5,18,0.0001306284163027
1952,5,19,0.00012858648884292
1952,5,20,0.0001261200017091
1952,5,21,0.00012355553474504
1952,5,22,0.00012108763781662
1952,5,23,0.0001188220308121
1952,5,24,0.00011680733364378
1952,5,25,0.00011505704624868
1952,5,26,0.00011356395858724
1952,5,27,0.00011230967064062
1952,5,28,0.0001112703824067
1952,5,29,0.0001104204938961
1952,5,30,0.0001097347651281
1952,5,31,0.00010918947612722
1952,5,32,0.00010876302692052
1952,5,33,0.00010843614753552
1952,5,34,0.00010819194799872
1952,5,35,0.00010801577833468
1952,5,36,0.00010789506856562
1952,5,37,0.0001078191587111
1952,5,38,0.0001078191587111
1952,5,39,0.0001078191587111
1952,5,40,0.0001078191587111
1953,5,1,1.1967236e-12
1953,5,2,1.1967236e-12
1953,5,3,2.9693462e-05
1953,5,4,4.2422332e-05
1953,5,5,8.638369e-05
1953,5,6,0.00017246524
1953,5,7,0.00028628958
1953,5,8,0.00041109146
1953,5,9,0.0005372402
1953,5,10,0.0006614541
1953,5,11,0.0007824551
1953,5,12,0.0008928638
1953,5,13,0.0009855913
1953,5,14,0.0010562817
1953,5,15,0.0011034661
1953,5,16,0.0011281167
1953,5,17,0.001132975
1953,5,18,0.0011234679
1953,5,19,0.0011059062
1953,5,20,0.0010846932
1953,5,21,0.0010626374
1953,5,22,0.0010414123
1953,5,23,0.0010219269
1953,5,24,0.0010045995
1953,5,25,0.0009895461
1953,5,26,0.0009767049
1953,5,27,0.0009659174
1953,5,28,0.0009569788
1953,5,29,0.0009496694
1953,5,30,0.0009437718
1953,5,31,0.000939082
1953,5,32,0.0009354144
1953,5,33,0.0009326031
1953,5,34,0.0009305028
1953,5,35,0.0009289876
1953,5,36,0.0009279495
1953,5,37,0.0009272965
1953,5,38,0.0009272965
1953,5,39,0.0009272965
1953,5,40,0.0009272965
1954,5,1,9.94729e-12
1954,5,2,9.94729e-12
1954,5,3,0.00024681517
1954,5,4,0.00035261878
1954,5,5,0.00071803007
1954,5,6,0.0014335488
1954,5,7,0.0023796682
1954,5,8,0.0034170343
1954,5,9,0.0044655947
1954,5,10,0.0054980742
1954,5,11,0.0065038475
1954,5,12,0.0074215759
1954,5,13,0.008192335
1954,5,14,0.008779923
1954,5,15,0.009172124
1954,5,16,0.009377023
1954,5,17,0.009417404
1954,5,18,0.009338381
1954,5,19,0.009192407
1954,5,20,0.009016081
1954,5,21,0.008832751
1954,5,22,0.008656326
1954,5,23,0.008494362
1954,5,24,0.008350335
1954,5,25,0.008225208
1954,5,26,0.00811847
1954,5,27,0.008028804
1954,5,28,0.0079545069
1954,5,29,0.0078937494
1954,5,30,0.0078447278
1954,5,31,0.0078057466
1954,5,32,0.0077752604
1954,5,33,0.0077518918
1954,5,34,0.0077344353
1954,5,35,0.0077218399
1954,5,36,0.0077132112
1954,5,37,0.0077077835
1954,5,38,0.0077077835
1954,5,39,0.0077077835
1954,5,40,0.0077077835
1955,5,1,8.1609444e-12
1955,5,2,8.1609444e-12
1955,5,3,0.00020249177
1955,5,4,0.00028929514
1955,5,5,0.00058908533
1955,5,6,0.00117611056
1955,5,7,0.0019523249
1955,5,8,0.0028034004
1955,5,9,0.0036636586
1955,5,10,0.0045107237
1955,5,11,0.0053358794
1955,5,12,0.006088801
1955,5,13,0.0067211472
1955,5,14,0.0072032136
1955,5,15,0.0075249831
1955,5,16,0.0076930862
1955,5,17,0.0077262158
1955,5,18,0.0076613843
1955,5,19,0.0075416238
1955,5,20,0.0073969628
1955,5,21,0.0072465561
1955,5,22,0.0071018132
1955,5,23,0.0069689342
1955,5,24,0.0068507716
1955,5,25,0.0067481157
1955,5,26,0.0066605459
1955,5,27,0.0065869824
1955,5,28,0.0065260277
1955,5,29,0.0064761804
1955,5,30,0.0064359624
1955,5,31,0.0064039812
1955,5,32,0.0063789701
1955,5,33,0.0063597976
1955,5,34,0.0063454753
1955,5,35,0.006335143
1955,5,36,0.0063280633
1955,5,37,0.0063236117
1955,5,38,0.0063236117
1955,5,39,0.0063236117
1955,5,40,0.0063236117
1956,5,1,1.04628615e-11
1956,5,2,1.04628615e-11
1956,5,3,0.000259607633
1956,5,4,0.000370895167
1956,5,5,0.0007552459
1956,5,6,0.00150785016
1956,5,7,0.00250300776
1956,5,8,0.00359414132
1956,5,9,0.0046970494
1956,5,10,0.0057830432
1956,5,11,0.006840945
1956,5,12,0.0078062407
1956,5,13,0.0086169484
1956,5,14,0.0092349907
1956,5,15,0.009647519
1956,5,16,0.0098630381
1956,5,17,0.0099055115
1956,5,18,0.0098223929
1956,5,19,0.0096688537
1956,5,20,0.0094833888
1956,5,21,0.0092905572
1956,5,22,0.0091049873
1956,5,23,0.0089346287
1956,5,24,0.0087831364
1956,5,25,0.0086515249
1956,5,26,0.0085392549
1956,5,27,0.0084449405
1956,5,28,0.0083667927
1956,5,29,0.0083028853
1956,5,30,0.0082513242
1956,5,31,0.0082103218
1956,5,32,0.0081782554
1956,5,33,0.0081536763
1956,5,34,0.0081353134
1956,5,35,0.0081220663
1956,5,36,0.0081129908
1956,5,37,0.0081072814
1956,5,38,0.0081072814
1956,5,39,0.0081072814
1956,5,40,0.0081072814
1957,5,1,6.8161622e-12
1957,5,2,6.8161622e-12
1957,5,3,0.000169124673
1957,5,4,0.00024162431
1957,5,5,0.00049201434
1957,5,6,0.00098230801
1957,5,7,0.00163061589
1957,5,8,0.0023414481
1957,5,9,0.0030599516
1957,5,10,0.0037674358
1957,5,11,0.0044566192
1957,5,12,0.0050854731
1957,5,13,0.0056136192
1957,5,14,0.0060162493
1957,5,15,0.0062849969
1957,5,16,0.0064253994
1957,5,17,0.0064530696
1957,5,18,0.0063989215
1957,5,19,0.0062988962
1957,5,20,0.0061780725
1957,5,21,0.0060524496
1957,5,22,0.0059315588
1957,5,23,0.005820575
1957,5,24,0.0057218841
1957,5,25,0.0056361441
1957,5,26,0.005563005
1957,5,27,0.0055015629
1957,5,28,0.0054506511
1957,5,29,0.0054090187
1957,5,30,0.0053754279
1957,5,31,0.0053487167
1957,5,32,0.0053278267
1957,5,33,0.0053118148
1957,5,34,0.0052998512
1957,5,35,0.0052912225
1957,5,36,0.0052853095
1957,5,37,0.0052815896
1957,5,38,0.0052815896
1957,5,39,0.0052815896
1957,5,40,0.0052815896
1958,5,1,1.03880821e-11
1958,5,2,1.03880821e-11
1958,5,3,0.000257752172
1958,5,4,0.000368244388
1958,5,5,0.000749848048
1958,5,6,0.00149707365
1958,5,7,0.00248511853
1958,5,8,0.00356845336
1958,5,9,0.00466347882
1958,5,10,0.0057417105
1958,5,11,0.00679205241
1958,5,12,0.00775044734
1958,5,13,0.00855536232
1958,5,14,0.00916898695
1958,5,15,0.00957856713
1958,5,16,0.00979254645
1958,5,17,0.00983471654
1958,5,18,0.00975219199
1958,5,19,0.00959974886
1958,5,20,0.00941560902
1958,5,21,0.009224157
1958,5,22,0.00903991336
1958,5,23,0.00887077146
1958,5,24,0.00872036215
1958,5,25,0.00858969144
1958,5,26,0.00847822417
1958,5,27,0.00838458404
1958,5,28,0.00830699372
1958,5,29,0.00824354386
1958,5,30,0.00819235099
1958,5,31,0.0081516416
1958,5,32,0.00811980514
1958,5,33,0.00809540112
1958,5,34,0.00807716987
1958,5,35,0.00806401694
1958,5,36,0.00805500517
1958,5,37,0.00804933807
1958,5,38,0.00804933807
1958,5,39,0.00804933807
1958,5,40,0.00804933807
1959,5,1,1.24415056e-11
1959,5,2,1.24415056e-11
1959,5,3,0.00030870236
1959,5,4,0.00044103562
1959,5,5,0.00089807131
1959,5,6,0.0017930017
1959,5,7,0.0029763543
1959,5,8,0.0042738342
1959,5,9,0.0055853134
1959,5,10,0.0068766807
1959,5,11,0.0081346438
1959,5,12,0.009282487
1959,5,13,0.0102465096
1959,5,14,0.0109814302
1959,5,15,0.0114719729
1959,5,16,0.0117282494
1959,5,17,0.0117787546
1959,5,18,0.0116799183
1959,5,19,0.0114973415
1959,5,20,0.0112768031
1959,5,21,0.0110475058
1959,5,22,0.0108268421
1959,5,23,0.0106242664
1959,5,24,0.0104441247
1959,5,25,0.0102876256
1959,5,26,0.0101541238
1959,5,27,0.0100419739
1959,5,28,0.0099490456
1959,5,29,0.0098730545
1959,5,30,0.0098117418
1959,5,31,0.0097629854
1959,5,32,0.0097248548
1959,5,33,0.009695627
1959,5,34,0.0096737922
1959,5,35,0.0096580391
1959,5,36,0.0096472474
1959,5,37,0.0096404591
1959,5,38,0.0096404591
1959,5,39,0.0096404591
1959,5,40,0.0096404591
1960,5,1,1.1296651e-11
1960,5,2,1.1296651e-11
1960,5,3,0.00028029588
1960,5,4,0.00040045199
1960,5,5,0.00081543173
1960,5,6,0.00162801143
1960,5,7,0.0027024738
1960,5,8,0.0038805597
1960,5,9,0.0050713592
1960,5,10,0.0062438949
1960,5,11,0.0073861025
1960,5,12,0.0084283224
1960,5,13,0.0093036347
1960,5,14,0.0099709304
1960,5,15,0.0104163331
1960,5,16,0.0106490263
1960,5,17,0.0106948856
1960,5,18,0.0106051442
1960,5,19,0.0104393672
1960,5,20,0.0102391234
1960,5,21,0.0100309245
1960,5,22,0.0098305665
1960,5,23,0.0096466319
1960,5,24,0.0094830661
1960,5,25,0.0093409681
1960,5,26,0.0092197507
1960,5,27,0.0091179211
1960,5,28,0.0090335452
1960,5,29,0.0089645459
1960,5,30,0.008908875
1960,5,31,0.0088646049
1960,5,32,0.0088299835
1960,5,33,0.0088034453
1960,5,34,0.0087836195
1960,5,35,0.008769316
1960,5,36,0.0087595171
1960,5,37,0.0087533535
1960,5,38,0.0087533535
1960,5,39,0.0087533535
1960,5,40,0.0087533535
1961,5,1,1.42095759e-11
1961,5,2,1.42095759e-11
1961,5,3,0.00035257234
1961,5,4,0.0005037115
1961,5,5,0.00102569691
1961,5,6,0.00204780688
1961,5,7,0.0033993263
1961,5,8,0.0048811902
1961,5,9,0.0063790466
1961,5,10,0.0078539292
1961,5,11,0.0092906634
1961,5,12,0.0106016275
1961,5,13,0.0117026467
1961,5,14,0.012542008
1961,5,15,0.0131022626
1961,5,16,0.0133949579
1961,5,17,0.0134526428
1961,5,18,0.0133397575
1961,5,19,0.0131312364
1961,5,20,0.0128793575
1961,5,21,0.0126174744
1961,5,22,0.0123654521
1961,5,23,0.0121340873
1961,5,24,0.0119283467
1961,5,25,0.0117496055
1961,5,26,0.0115971325
1961,5,27,0.0114690446
1961,5,28,0.0113629124
1961,5,29,0.0112761198
1961,5,30,0.0112060938
1961,5,31,0.0111504103
1961,5,32,0.0111068593
1961,5,33,0.0110734785
1961,5,34,0.0110485408
1961,5,35,0.0110305505
1961,5,36,0.011018224
1961,5,37,0.0110104706
1961,5,38,0.0110104706
1961,5,39,0.0110104706
1961,5,40,0.0110104706
1962,5,1,1.6840166e-11
1962,5,2,1.6840166e-11
1962,5,3,0.00041784322
1962,5,4,0.00059696257
1962,5,5,0.001215582
1962,5,6,0.0024269129
1962,5,7,0.004028636
1962,5,8,0.0057848357
1962,5,9,0.007559986
1962,5,10,0.009307912
1962,5,11,0.011010626
1962,5,12,0.012564285
1962,5,13,0.013869134
1962,5,14,0.014863884
1962,5,15,0.015527858
1962,5,16,0.015874739
1962,5,17,0.015943102
1962,5,18,0.015809321
1962,5,19,0.015562194
1962,5,20,0.015263685
1962,5,21,0.014953319
1962,5,22,0.014654643
1962,5,23,0.014380446
1962,5,24,0.014136617
1962,5,25,0.013924785
1962,5,26,0.013744086
1962,5,27,0.013592285
1962,5,28,0.013466504
1962,5,29,0.013363645
1962,5,30,0.013280654
1962,5,31,0.013214661
1962,5,32,0.01316305
1962,5,33,0.013123488
1962,5,34,0.013093934
1962,5,35,0.013072613
1962,5,36,0.013058005
1962,5,37,0.013048818
1962,5,38,0.013048818
1962,5,39,0.013048818
1962,5,40,0.013048818
1963,5,1,2.0600187e-11
1963,5,2,2.0600187e-11
1963,5,3,0.00051113799
1963,5,4,0.00073025045
1963,5,5,0.00148699338
1963,5,6,0.0029687858
1963,5,7,0.0049281378
1963,5,8,0.0070764555
1963,5,9,0.0092479564
1963,5,10,0.0113861539
1963,5,11,0.013469044
1963,5,12,0.0153696005
1963,5,13,0.0169657935
1963,5,14,0.018182646
1963,5,15,0.018994869
1963,5,16,0.019419202
1963,5,17,0.019502829
1963,5,18,0.019339177
1963,5,19,0.019036874
1963,5,20,0.018671714
1963,5,21,0.018292053
1963,5,22,0.017926687
1963,5,23,0.017591268
1963,5,24,0.0172929974
1963,5,25,0.0170338711
1963,5,26,0.0168128229
1963,5,27,0.0166271293
1963,5,28,0.0164732639
1963,5,29,0.0163474391
1963,5,30,0.0162459192
1963,5,31,0.0161651914
1963,5,32,0.0161020561
1963,5,33,0.0160536628
1963,5,34,0.0160175079
1963,5,35,0.0159914264
1963,5,36,0.0159735559
1963,5,37,0.0159623182
1963,5,38,0.0159623182
1963,5,39,0.0159623182
1963,5,40,0.0159623182
1964,5,1,1.4849398e-11
1964,5,2,1.4849398e-11
1964,5,3,0.00036844768
1964,5,4,0.00052639236
1964,5,5,0.0010718814
1964,5,6,0.002140014
1964,5,7,0.0035523894
1964,5,8,0.0051009786
1964,5,9,0.0066662784
1964,5,10,0.008207572
1964,5,11,0.009708999
1964,5,12,0.011078992
1964,5,13,0.012229589
1964,5,14,0.013106744
1964,5,15,0.013692225
1964,5,16,0.0139981
1964,5,17,0.01405838
1964,5,18,0.013940414
1964,5,19,0.013722502
1964,5,20,0.013459282
1964,5,21,0.013185606
1964,5,22,0.012922237
1964,5,23,0.012680456
1964,5,24,0.012465451
1964,5,25,0.012278661
1964,5,26,0.012119322
1964,5,27,0.011985467
1964,5,28,0.011874555
1964,5,29,0.011783856
1964,5,30,0.011710677
1964,5,31,0.011652484
1964,5,32,0.011606975
1964,5,33,0.01157209
1964,5,34,0.011546029
1964,5,35,0.011527228
1964,5,36,0.011514347
1964,5,37,0.011506245
1964,5,38,0.011506245
1964,5,39,0.011506245
1964,5,40,0.011506245
1965,5,1,2.3889371e-11
1965,5,2,2.3889371e-11
1965,5,3,0.00059275014
1965,5,4,0.00084684794
1965,5,5,0.0017244181
1965,5,6,0.0034428054
1965,5,7,0.0057150023
1965,5,8,0.0082063366
1965,5,9,0.0107245557
1965,5,10,0.0132041543
1965,5,11,0.015619615
1965,5,12,0.017823628
1965,5,13,0.019674681
1965,5,14,0.021085827
1965,5,15,0.022027737
1965,5,16,0.022519821
1965,5,17,0.022616799
1965,5,18,0.022427018
1965,5,19,0.022076447
1965,5,20,0.021652983
1965,5,21,0.021212701
1965,5,22,0.020788998
1965,5,23,0.020400024
1965,5,24,0.020054131
1965,5,25,0.019753628
1965,5,26,0.019497288
1965,5,27,0.019281944
1965,5,28,0.019103511
1965,5,29,0.018957597
1965,5,30,0.018839867
1965,5,31,0.018746249
1965,5,32,0.018673035
1965,5,33,0.018616913
1965,5,34,0.018574986
1965,5,35,0.018544739
1965,5,36,0.018524017
1965,5,37,0.018510983
1965,5,38,0.018510983
1965,5,39,0.018510983
1965,5,40,0.018510983
1966,5,1,3.6658643e-11
1966,5,2,3.6658643e-11
1966,5,3,0.0009095852
1966,5,4,0.00129950237
1966,5,5,0.0026461486
1966,5,6,0.0052830421
1966,5,7,0.0087697675
1966,5,8,0.0125927617
1966,5,9,0.016457011
1966,5,10,0.020261997
1966,5,11,0.023968561
1966,5,12,0.027350656
1966,5,13,0.030191122
1966,5,14,0.032356554
1966,5,15,0.033801933
1966,5,16,0.034557045
1966,5,17,0.034705864
1966,5,18,0.03441463
1966,5,19,0.033876682
1966,5,20,0.033226866
1966,5,21,0.032551256
1966,5,22,0.031901069
1966,5,23,0.031304177
1966,5,24,0.030773396
1966,5,25,0.030312274
1966,5,26,0.029918912
1966,5,27,0.029588461
1966,5,28,0.029314652
1966,5,29,0.02909075
1966,5,30,0.028910092
1966,5,31,0.028766434
1966,5,32,0.028654086
1966,5,33,0.028567965
1966,5,34,0.028503629
1966,5,35,0.028457214
1966,5,36,0.028425415
1966,5,37,0.028405415
1966,5,38,0.028405415
1966,5,39,0.028405415
1966,5,40,0.028405415
1967,5,1,2.6070194e-11
1967,5,2,2.6070194e-11
1967,5,3,0.00064686136
1967,5,4,0.00092415522
1967,5,5,0.0018818372
1967,5,6,0.0037570932
1967,5,7,0.0062367142
1967,5,8,0.0089554785
1967,5,9,0.011703581
1967,5,10,0.014409538
1967,5,11,0.017045502
1967,5,12,0.019450714
1967,5,13,0.021470747
1967,5,14,0.023010714
1967,5,15,0.024038606
1967,5,16,0.024575613
1967,5,17,0.02468145
1967,5,18,0.024474344
1967,5,19,0.024091762
1967,5,20,0.02362965
1967,5,21,0.023149174
1967,5,22,0.022686789
1967,5,23,0.022262308
1967,5,24,0.021884836
1967,5,25,0.021556901
1967,5,26,0.021277159
1967,5,27,0.021042158
1967,5,28,0.020847436
1967,5,29,0.020688201
1967,5,30,0.020559725
1967,5,31,0.02045756
1967,5,32,0.020377662
1967,5,33,0.020316419
1967,5,34,0.020270663
1967,5,35,0.020237656
1967,5,36,0.020215042
1967,5,37,0.020200817
1967,5,38,0.020200817
1967,5,39,0.020200817
1967,5,40,0.020200817
1968,5,1,2.0353891e-11
1968,5,2,2.0353891e-11
1968,5,3,0.00050502685
1968,5,4,0.00072151963
1968,5,5,0.0014692149
1968,5,6,0.0029332919
1968,5,7,0.004869217
1968,5,8,0.0069918494
1968,5,9,0.0091373879
1968,5,10,0.011250021
1968,5,11,0.013308009
1968,5,12,0.015185841
1968,5,13,0.016762949
1968,5,14,0.017965255
1968,5,15,0.018767767
1968,5,16,0.019187026
1968,5,17,0.019269653
1968,5,18,0.019107958
1968,5,19,0.018809269
1968,5,20,0.018448475
1968,5,21,0.018073352
1968,5,22,0.017712355
1968,5,23,0.017380947
1968,5,24,0.017086243
1968,5,25,0.016830214
1968,5,26,0.016611808
1968,5,27,0.016428336
1968,5,28,0.016276309
1968,5,29,0.016151989
1968,5,30,0.016051682
1968,5,31,0.01597192
1968,5,32,0.01590954
1968,5,33,0.015861725
1968,5,34,0.015826003
1968,5,35,0.015800233
1968,5,36,0.015782576
1968,5,37,0.015771473
1968,5,38,0.015771473
1968,5,39,0.015771473
1968,5,40,0.015771473
1969,5,1,2.4944002e-11
1969,5,2,2.4944002e-11
1969,5,3,0.0006189181
1969,5,4,0.0008842333
1969,5,5,0.0018005452
1969,5,6,0.0035947935
1969,5,7,0.0059673
1969,5,8,0.008568618
1969,5,9,0.011198008
1969,5,10,0.013787072
1969,5,11,0.016309166
1969,5,12,0.018610479
1969,5,13,0.020543248
1969,5,14,0.022016693
1969,5,15,0.023000183
1969,5,16,0.023513991
1969,5,17,0.023615253
1969,5,18,0.023417092
1969,5,19,0.023051045
1969,5,20,0.022608886
1969,5,21,0.022149169
1969,5,22,0.021706759
1969,5,23,0.021300614
1969,5,24,0.02093945
1969,5,25,0.020625681
1969,5,26,0.020358025
1969,5,27,0.020133173
1969,5,28,0.019946863
1969,5,29,0.019794509
1969,5,30,0.01967158
1969,5,31,0.019573831
1969,5,32,0.019497382
1969,5,33,0.019438784
1969,5,34,0.019395006
1969,5,35,0.019363424
1969,5,36,0.019341787
1969,5,37,0.019328178
1969,5,38,0.019328178
1969,5,39,0.019328178
1969,5,40,0.019328178
1970,5,1,3.0980871e-11
1970,5,2,3.0980871e-11
1970,5,3,0.00076870664
1970,5,4,0.0010982326
1970,5,5,0.0022363074
1970,5,6,0.0044647926
1970,5,7,0.0074114872
1970,5,8,0.010642367
1970,5,9,0.013908115
1970,5,10,0.017123775
1970,5,11,0.020256259
1970,5,12,0.023114526
1970,5,13,0.02551506
1970,5,14,0.027345106
1970,5,15,0.028566611
1970,5,16,0.029204769
1970,5,17,0.029330541
1970,5,18,0.029084426
1970,5,19,0.028629787
1970,5,20,0.02808062
1970,5,21,0.027509643
1970,5,22,0.026960162
1970,5,23,0.026455722
1970,5,24,0.026007149
1970,5,25,0.025617444
1970,5,26,0.025285009
1970,5,27,0.02500574
1970,5,28,0.02477434
1970,5,29,0.024585112
1970,5,30,0.024432435
1970,5,31,0.024311026
1970,5,32,0.024216077
1970,5,33,0.024143297
1970,5,34,0.024088925
1970,5,35,0.0240497
1970,5,36,0.024022825
1970,5,37,0.024005923
1970,5,38,0.024005923
1970,5,39,0.024005923
1970,5,40,0.024005923
1971,5,1,2.8521971e-11
1971,5,2,2.8521971e-11
1971,5,3,0.0007076957
1971,5,4,0.0010110677
1971,5,5,0.0020588155
1971,5,6,0.00411043
1971,5,7,0.00682325
1971,5,8,0.0097977
1971,5,9,0.012804251
1971,5,10,0.015764689
1971,5,11,0.018648554
1971,5,12,0.021279967
1971,5,13,0.023489974
1971,5,14,0.025174769
1971,5,15,0.026299332
1971,5,16,0.02688684
1971,5,17,0.027002625
1971,5,18,0.026776042
1971,5,19,0.026357488
1971,5,20,0.025851907
1971,5,21,0.025326247
1971,5,22,0.02482038
1971,5,23,0.024355976
1971,5,24,0.023943007
1971,5,25,0.02358423
1971,5,26,0.023278181
1971,5,27,0.023021077
1971,5,28,0.022808044
1971,5,29,0.022633833
1971,5,30,0.022493275
1971,5,31,0.022381501
1971,5,32,0.022294088
1971,5,33,0.022227085
1971,5,34,0.022177027
1971,5,35,0.022140917
1971,5,36,0.022116175
1971,5,37,0.022100613
1971,5,38,0.022100613
1971,5,39,0.022100613
1971,5,40,0.022100613
1972,5,1,2.2144684e-11
1972,5,2,2.2144684e-11
1972,5,3,0.0005494606
1972,5,4,0.000785001
1972,5,5,0.0015984807
1972,5,6,0.0031913707
1972,5,7,0.005297625
1972,5,8,0.007607013
1972,5,9,0.009941322
1972,5,10,0.01223983
1972,5,11,0.014478884
1972,5,12,0.016521934
1972,5,13,0.018237802
1972,5,14,0.019545889
1972,5,15,0.02041901
1972,5,16,0.020875156
1972,5,17,0.020965052
1972,5,18,0.02078913
1972,5,19,0.020464163
1972,5,20,0.020071625
1972,5,21,0.019663498
1972,5,22,0.019270738
1972,5,23,0.018910173
1972,5,24,0.018589539
1972,5,25,0.018310983
1972,5,26,0.018073363
1972,5,27,0.017873747
1972,5,28,0.017708345
1972,5,29,0.017573088
1972,5,30,0.017463955
1972,5,31,0.017377175
1972,5,32,0.017309307
1972,5,33,0.017257285
1972,5,34,0.017218421
1972,5,35,0.017190382
1972,5,36,0.017171172
1972,5,37,0.017159091
1972,5,38,0.017159091
1972,5,39,0.017159091
1972,5,40,0.017159091
1973,5,1,4.3987478e-11
1973,5,2,4.3987478e-11
1973,5,3,0.0010914303
1973,5,4,0.0015593002
1973,5,5,0.0031751697
1973,5,6,0.0063392339
1973,5,7,0.010523028
1973,5,8,0.015110319
1973,5,9,0.019747113
1973,5,10,0.024312796
1973,5,11,0.02876038
1973,5,12,0.032818623
1973,5,13,0.036226968
1973,5,14,0.038825317
1973,5,15,0.040559646
1973,5,16,0.041465719
1973,5,17,0.041644288
1973,5,18,0.041294837
1973,5,19,0.040649331
1973,5,20,0.039869609
1973,5,21,0.039058923
1973,5,22,0.038278765
1973,5,23,0.037562543
1973,5,24,0.036925639
1973,5,25,0.03637234
1973,5,26,0.035900339
1973,5,27,0.035503823
1973,5,28,0.035175268
1973,5,29,0.034906598
1973,5,30,0.034689828
1973,5,31,0.034517447
1973,5,32,0.034382643
1973,5,33,0.034279303
1973,5,34,0.034202101
1973,5,35,0.034146408
1973,5,36,0.034108254
1973,5,37,0.034084257
1973,5,38,0.034084257
1973,5,39,0.034084257
1973,5,40,0.034084257
1974,5,1,2.749048e-11
1974,5,2,2.749048e-11
1974,5,3,0.000682102
1974,5,4,0.0009745027
1974,5,5,0.0019843589
1974,5,6,0.0039617772
1974,5,7,0.006576489
1974,5,8,0.00944337
1974,5,9,0.012341186
1974,5,10,0.015194564
1974,5,11,0.017974133
1974,5,12,0.020510381
1974,5,13,0.022640464
1974,5,14,0.024264328
1974,5,15,0.025348221
1974,5,16,0.025914482
1974,5,17,0.02602608
1974,5,18,0.025807692
1974,5,19,0.025404275
1974,5,20,0.024916977
1974,5,21,0.024410327
1974,5,22,0.023922754
1974,5,23,0.023475146
1974,5,24,0.023077112
1974,5,25,0.022731312
1974,5,26,0.02243633
1974,5,27,0.022188525
1974,5,28,0.021983195
1974,5,29,0.021815286
1974,5,30,0.021679809
1974,5,31,0.021572079
1974,5,32,0.021487827
1974,5,33,0.021423248
1974,5,34,0.021375001
1974,5,35,0.021340194
1974,5,36,0.021316347
1974,5,37,0.021301348
1974,5,38,0.021301348
1974,5,39,0.021301348
1974,5,40,0.021301348
1975,5,1,1.5068783e-11
1975,5,2,1.5068783e-11
1975,5,3,0.00037389116
1975,5,4,0.00053416934
1975,5,5,0.0010877174
1975,5,6,0.0021716305
1975,5,7,0.0036048727
1975,5,8,0.0051763409
1975,5,9,0.006764766
1975,5,10,0.008328831
1975,5,11,0.00985244
1975,5,12,0.011242673
1975,5,13,0.012410267
1975,5,14,0.013300382
1975,5,15,0.013894513
1975,5,16,0.014204906
1975,5,17,0.014266078
1975,5,18,0.014146369
1975,5,19,0.01392524
1975,5,20,0.013658128
1975,5,21,0.013380411
1975,5,22,0.013113151
1975,5,23,0.012867795
1975,5,24,0.012649614
1975,5,25,0.012460065
1975,5,26,0.012298372
1975,5,27,0.01216254
1975,5,28,0.012049989
1975,5,29,0.01195795
1975,5,30,0.01188369
1975,5,31,0.011824637
1975,5,32,0.011778454
1975,5,33,0.011743055
1975,5,34,0.01171661
1975,5,35,0.011697532
1975,5,36,0.01168446
1975,5,37,0.011676237
1975,5,38,0.011676237
1975,5,39,0.011676237
1975,5,40,0.011676237
1976,5,1,3.0432123e-11
1976,5,2,3.0432123e-11
1976,5,3,0.00075509082
1976,5,4,0.0010787799
1976,5,5,0.0021966962
1976,5,6,0.0043857103
1976,5,7,0.0072802089
1976,5,8,0.010453863
1976,5,9,0.013661764
1976,5,10,0.016820466
1976,5,11,0.019897465
1976,5,12,0.022705107
1976,5,13,0.02506312
1976,5,14,0.02686075
1976,5,15,0.028060631
1976,5,16,0.028687474
1976,5,17,0.028811022
1976,5,18,0.028569268
1976,5,19,0.028122683
1976,5,20,0.027583228
1976,5,21,0.027022372
1976,5,22,0.026482621
1976,5,23,0.025987122
1976,5,24,0.025546489
1976,5,25,0.025163688
1976,5,26,0.024837142
1976,5,27,0.024562821
1976,5,28,0.02433552
1976,5,29,0.024149643
1976,5,30,0.023999669
1976,5,31,0.023880411
1976,5,32,0.023787144
1976,5,33,0.023715653
1976,5,34,0.023662245
1976,5,35,0.023623714
1976,5,36,0.023597316
1976,5,37,0.023580712
1976,5,38,0.023580712
1976,5,39,0.023580712
1976,5,40,0.023580712
1977,5,1,2.202973e-11
1977,5,2,2.202973e-11
1977,5,3,0.0005466082
1977,5,4,0.000780926
1977,5,5,0.0015901829
1977,5,6,0.0031748041
1977,5,7,0.005270125
1977,5,8,0.007567524
1977,5,9,0.009889715
1977,5,10,0.012176291
1977,5,11,0.014403724
1977,5,12,0.016436169
1977,5,13,0.018143128
1977,5,14,0.019444426
1977,5,15,0.020313012
1977,5,16,0.020766791
1977,5,17,0.020856222
1977,5,18,0.020681212
1977,5,19,0.020357931
1977,5,20,0.019967432
1977,5,21,0.019561423
1977,5,22,0.019170703
1977,5,23,0.018812007
1977,5,24,0.018493039
1977,5,25,0.018215929
1977,5,26,0.017979544
1977,5,27,0.017780963
1977,5,28,0.01761642
1977,5,29,0.017481864
1977,5,30,0.0173733
1977,5,31,0.017286969
1977,5,32,0.017219453
1977,5,33,0.017167702
1977,5,34,0.017129038
1977,5,35,0.017101146
1977,5,36,0.017082035
1977,5,37,0.017070017
1977,5,38,0.017070017
1977,5,39,0.017070017
1977,5,40,0.017070017
1978,5,1,2.4383773e-11
1978,5,2,2.4383773e-11
1978,5,3,0.00060501755
1978,5,4,0.0008643738
1978,5,5,0.0017601059
1978,5,6,0.0035140555
1978,5,7,0.0058332768
1978,5,8,0.008376172
1978,5,9,0.010946506
1978,5,10,0.01347742
1978,5,11,0.015942872
1978,5,12,0.018192496
1978,5,13,0.020081858
1978,5,14,0.021522209
1978,5,15,0.022483611
1978,5,16,0.022985879
1978,5,17,0.023084866
1978,5,18,0.022891156
1978,5,19,0.02253333
1978,5,20,0.022101104
1978,5,21,0.021651709
1978,5,22,0.021219236
1978,5,23,0.020822213
1978,5,24,0.020469159
1978,5,25,0.020162439
1978,5,26,0.019900793
1978,5,27,0.019680994
1978,5,28,0.019498867
1978,5,29,0.019349933
1978,5,30,0.019229767
1978,5,31,0.019134211
1978,5,32,0.01905948
1978,5,33,0.019002199
1978,5,34,0.018959405
1978,5,35,0.018928533
1978,5,36,0.01890738
1978,5,37,0.018894077
1978,5,38,0.018894077
1978,5,39,0.018894077
1978,5,40,0.018894077
1979,5,1,3.5084322e-11
1979,5,2,3.5084322e-11
1979,5,3,0.00087052269
1979,5,4,0.0012436947
1979,5,5,0.0025325087
1979,5,6,0.0050561594
1979,5,7,0.0083931458
1979,5,8,0.01205196
1979,5,9,0.015750258
1979,5,10,0.019391838
1979,5,11,0.022939222
1979,5,12,0.026176071
1979,5,13,0.028894557
1979,5,14,0.030966992
1979,5,15,0.032350289
1979,5,16,0.03307298
1979,5,17,0.033215403
1979,5,18,0.032936684
1979,5,19,0.032421832
1979,5,20,0.031799927
1979,5,21,0.031153325
1979,5,22,0.030531063
1979,5,23,0.02995981
1979,5,24,0.029451822
1979,5,25,0.029010503
1979,5,26,0.028634035
1979,5,27,0.02831778
1979,5,28,0.028055729
1979,5,29,0.027841436
1979,5,30,0.027668537
1979,5,31,0.027531048
1979,5,32,0.027423522
1979,5,33,0.027341103
1979,5,34,0.027279529
1979,5,35,0.027235107
1979,5,36,0.027204674
1979,5,37,0.027185532
1979,5,38,0.027185532
1979,5,39,0.027185532
1979,5,40,0.027185532
1980,5,1,3.9411158e-11
1980,5,2,3.9411158e-11
1980,5,3,0.00097788162
1980,5,4,0.0013970759
1980,5,5,0.0028448349
1980,5,6,0.0056797201
1980,5,7,0.0094282474
1980,5,8,0.013538293
1980,5,9,0.017692691
1980,5,10,0.021783374
1980,5,11,0.025768248
1980,5,12,0.029404284
1980,5,13,0.032458034
1980,5,14,0.034786062
1980,5,15,0.03633996
1980,5,16,0.037151763
1980,5,17,0.037311756
1980,5,18,0.036998671
1980,5,19,0.036420322
1980,5,20,0.035721712
1980,5,21,0.034995371
1980,5,22,0.034296365
1980,5,23,0.033654659
1980,5,24,0.033084032
1980,5,25,0.03258828
1980,5,26,0.032165381
1980,5,27,0.031810122
1980,5,28,0.031515761
1980,5,29,0.031275034
1980,5,30,0.03108081
1980,5,31,0.030926372
1980,5,32,0.03080558
1980,5,33,0.030713
1980,5,34,0.030643834
1980,5,35,0.030593929
1980,5,36,0.030559742
1980,5,37,0.030538248
1980,5,38,0.030538248
1980,5,39,0.030538248
1980,5,40,0.030538248
1981,5,1,4.0778897e-11
1981,5,2,4.0778897e-11
1981,5,3,0.0010118182
1981,5,4,0.0014455602
1981,5,5,0.0029435632
1981,5,6,0.0058768307
1981,5,7,0.009755447
1981,5,8,0.014008127
1981,5,9,0.0183067
1981,5,10,0.022539349
1981,5,11,0.026662513
1981,5,12,0.030424736
1981,5,13,0.033584467
1981,5,14,0.035993277
1981,5,15,0.037601105
1981,5,16,0.038441085
1981,5,17,0.038606631
1981,5,18,0.038282676
1981,5,19,0.037684257
1981,5,20,0.036961408
1981,5,21,0.036209853
1981,5,22,0.0354866
1981,5,23,0.034822622
1981,5,24,0.034232179
1981,5,25,0.033719231
1981,5,26,0.033281656
1981,5,27,0.032914064
1981,5,28,0.032609484
1981,5,29,0.032360416
1981,5,30,0.032159446
1981,5,31,0.031999639
1981,5,32,0.031874667
1981,5,33,0.031778874
1981,5,34,0.031707304
1981,5,35,0.031655673
1981,5,36,0.031620294
1981,5,37,0.031598043
1981,5,38,0.031598043
1981,5,39,0.031598043
1981,5,40,0.031598043
1982,5,1,2.8678276e-11
1982,5,2,2.8678276e-11
1982,5,3,0.00071157407
1982,5,4,0.0010166087
1982,5,5,0.0020700982
1982,5,6,0.0041329568
1982,5,7,0.0068606425
1982,5,8,0.009851394
1982,5,9,0.01287442
1982,5,10,0.015851083
1982,5,11,0.018750751
1982,5,12,0.021396584
1982,5,13,0.023618702
1982,5,14,0.025312731
1982,5,15,0.026443451
1982,5,16,0.027034183
1982,5,17,0.027150602
1982,5,18,0.026922778
1982,5,19,0.02650193
1982,5,20,0.02599358
1982,5,21,0.025465038
1982,5,22,0.024956398
1982,5,23,0.02448945
1982,5,24,0.024074216
1982,5,25,0.023713476
1982,5,26,0.023405749
1982,5,27,0.023147236
1982,5,28,0.022933035
1982,5,29,0.022757871
1982,5,30,0.02261654
1982,5,31,0.022504155
1982,5,32,0.022416264
1982,5,33,0.022348892
1982,5,34,0.022298562
1982,5,35,0.022262251
1982,5,36,0.022237374
1982,5,37,0.022221729
1982,5,38,0.022221729
1982,5,39,0.022221729
1982,5,40,0.022221729
1983,5,1,2.6721641e-11
1983,5,2,2.6721641e-11
1983,5,3,0.00066302535
1983,5,4,0.0009472483
1983,5,5,0.0019288612
1983,5,6,0.0038509761
1983,5,7,0.0063925603
1983,5,8,0.009179262
1983,5,9,0.011996035
1983,5,10,0.014769609
1983,5,11,0.017471442
1983,5,12,0.019936756
1983,5,13,0.022007267
1983,5,14,0.023585715
1983,5,15,0.024639295
1983,5,16,0.025189719
1983,5,17,0.025298196
1983,5,18,0.025085914
1983,5,19,0.024693782
1983,5,20,0.024220112
1983,5,21,0.023727631
1983,5,22,0.023253696
1983,5,23,0.022818605
1983,5,24,0.022431702
1983,5,25,0.022095574
1983,5,26,0.021808841
1983,5,27,0.021567967
1983,5,28,0.02136838
1983,5,29,0.021205167
1983,5,30,0.021073479
1983,5,31,0.020968763
1983,5,32,0.020886867
1983,5,33,0.020824093
1983,5,34,0.020777196
1983,5,35,0.020743362
1983,5,36,0.020720182
1983,5,37,0.020705604
1983,5,38,0.020705604
1983,5,39,0.020705604
1983,5,40,0.020705604
1984,5,1,2.1721303e-11
1984,5,2,2.1721303e-11
1984,5,3,0.00053895556
1984,5,4,0.00076999283
1984,5,5,0.0015679197
1984,5,6,0.0031303559
1984,5,7,0.0051963413
1984,5,8,0.0074615757
1984,5,9,0.009751256
1984,5,10,0.01200582
1984,5,11,0.014202067
1984,5,12,0.016206056
1984,5,13,0.017889117
1984,5,14,0.019172197
1984,5,15,0.020028623
1984,5,16,0.020476049
1984,5,17,0.020564227
1984,5,18,0.020391669
1984,5,19,0.020072914
1984,5,20,0.019687881
1984,5,21,0.019287557
1984,5,22,0.018902307
1984,5,23,0.018548633
1984,5,24,0.018234131
1984,5,25,0.017960901
1984,5,26,0.017727823
1984,5,27,0.017532023
1984,5,28,0.017369785
1984,5,29,0.017237112
1984,5,30,0.017130067
1984,5,31,0.017044946
1984,5,32,0.016978375
1984,5,33,0.016927348
1984,5,34,0.016889226
1984,5,35,0.016861724
1984,5,36,0.016842882
1984,5,37,0.01683103
1984,5,38,0.01683103
1984,5,39,0.01683103
1984,5,40,0.01683103
1985,5,1,2.4287005e-11
1985,5,2,2.4287005e-11
1985,5,3,0.00060261651
1985,5,4,0.00086094369
1985,5,5,0.001753121
1985,5,6,0.0035001101
1985,5,7,0.0058101283
1985,5,8,0.0083429305
1985,5,9,0.010903066
1985,5,10,0.0134239373
1985,5,11,0.015879603
1985,5,12,0.018120302
1985,5,13,0.020002165
1985,5,14,0.021436797
1985,5,15,0.022394389
1985,5,16,0.022894667
1985,5,17,0.022993258
1985,5,18,0.022800315
1985,5,19,0.02244391
1985,5,20,0.022013393
1985,5,21,0.02156579
1985,5,22,0.021135029
1985,5,23,0.020739582
1985,5,24,0.02038793
1985,5,25,0.020082427
1985,5,26,0.019821819
1985,5,27,0.019602891
1985,5,28,0.019421487
1985,5,29,0.019273146
1985,5,30,0.019153456
1985,5,31,0.01905828
1985,5,32,0.018983844
1985,5,33,0.018926791
1985,5,34,0.018884166
1985,5,35,0.018853416
1985,5,36,0.018832349
1985,5,37,0.018819098
1985,5,38,0.018819098
1985,5,39,0.018819098
1985,5,40,0.018819098
1986,5,1,2.2489331e-11
1986,5,2,2.2489331e-11
1986,5,3,0.00055786912
1986,5,4,0.0007970175
1986,5,5,0.0016229767
1986,5,6,0.0032404069
1986,5,7,0.0053793561
1986,5,8,0.0077249475
1986,5,9,0.010096212
1986,5,10,0.012431378
1986,5,11,0.014706276
1986,5,12,0.016781999
1986,5,13,0.018525116
1986,5,14,0.019853667
1986,5,15,0.020740056
1986,5,16,0.021202666
1986,5,17,0.021293147
1986,5,18,0.02111365
1986,5,19,0.020782881
1986,5,20,0.02038362
1986,5,21,0.019968653
1986,5,22,0.019569406
1986,5,23,0.019202941
1986,5,24,0.0188771
1986,5,25,0.018594044
1986,5,26,0.0183526
1986,5,27,0.018149782
1986,5,28,0.017981734
1986,5,29,0.017844316
1986,5,30,0.017733442
1986,5,31,0.017645279
1986,5,32,0.017576331
1986,5,33,0.017523482
1986,5,34,0.017484001
1986,5,35,0.017455517
1986,5,36,0.017436003
1986,5,37,0.017423729
1986,5,38,0.017423729
1986,5,39,0.017423729
1986,5,40,0.017423729
1987,5,1,1.5634579e-11
1987,5,2,1.5634579e-11
1987,5,3,0.00037670011
1987,5,4,0.00053844418
1987,5,5,0.00109856244
1987,5,6,0.0022034043
1987,5,7,0.0036837761
1987,5,8,0.0053348726
1987,5,9,0.0070320764
1987,5,10,0.008724494
1987,5,11,0.0103835296
1987,5,12,0.011894832
1987,5,13,0.01314909
1987,5,14,0.014080909
1987,5,15,0.014672317
1987,5,16,0.01494428
1987,5,17,0.014943714
1987,5,18,0.014753819
1987,5,19,0.014465889
1987,5,20,0.014140463
1987,5,21,0.013814105
1987,5,22,0.01350727
1987,5,23,0.013230144
1987,5,24,0.012986636
1987,5,25,0.0127769757
1987,5,26,0.012599353
1987,5,27,0.0124509274
1987,5,28,0.0123284528
1987,5,29,0.012228623
1987,5,30,0.0121482814
1987,5,31,0.0120845226
1987,5,32,0.0120347377
1987,5,33,0.0119966241
1987,5,34,0.0119681768
1987,5,35,0.0119476699
1987,5,36,0.0119336273
1987,5,37,0.0119248003
1987,5,38,0.0119248003
1987,5,39,0.0119248003
1987,5,40,0.0119248003
1988,5,1,2.3432395e-11
1988,5,2,2.3432395e-11
1988,5,3,0.00057374822
1988,5,4,0.00081987898
1988,5,5,0.0016709624
1988,5,6,0.0033429889
1988,5,7,0.005567159
1988,5,8,0.0080249127
1988,5,9,0.010528494
1988,5,10,0.013008174
1988,5,11,0.015430809
1988,5,12,0.01763966
1988,5,13,0.019484529
1988,5,14,0.020874335
1988,5,15,0.021781146
1988,5,16,0.022229635
1988,5,17,0.022281062
1988,5,18,0.022050083
1988,5,19,0.021666294
1988,5,20,0.021217985
1988,5,21,0.020760045
1988,5,22,0.020324287
1988,5,23,0.019927358
1988,5,24,0.019576389
1988,5,25,0.019272767
1988,5,26,0.019014601
1988,5,27,0.018798265
1988,5,28,0.018619356
1988,5,29,0.018473274
1988,5,30,0.01835555
1988,5,31,0.018262024
1988,5,32,0.018188933
1988,5,33,0.018132941
1988,5,34,0.018091129
1988,5,35,0.018060975
1988,5,36,0.018040321
1988,5,37,0.018027334
1988,5,38,0.018027334
1988,5,39,0.018027334
1988,5,40,0.018027334
1989,5,1,1.56273804e-11
1989,5,2,1.56273804e-11
1989,5,3,0.00037754813
1989,5,4,0.00053963196
1989,5,5,0.00110078539
1989,5,6,0.0022069173
1989,5,7,0.0036872159
1989,5,8,0.0053356755
1989,5,9,0.0070276284
1989,5,10,0.0087129337
1989,5,11,0.0103640896
1989,5,12,0.0118684321
1989,5,13,0.0131182185
1989,5,14,0.0140488538
1989,5,15,0.0146422679
1989,5,16,0.0149186604
1989,5,17,0.0149239197
1989,5,18,0.0147400872
1989,5,19,0.0144576119
1989,5,20,0.014136728
1989,5,21,0.0138139976
1989,5,22,0.0135099884
1989,5,23,0.0132350427
1989,5,24,0.0129932061
1989,5,25,0.0127848248
1989,5,26,0.0126081798
1989,5,27,0.0124605048
1989,5,28,0.0123386046
1989,5,29,0.0122392148
1989,5,30,0.0121592095
1989,5,31,0.0120957072
1989,5,32,0.0120461142
1989,5,33,0.0120081449
1989,5,34,0.0119798021
1989,5,35,0.0119593691
1989,5,36,0.0119453782
1989,5,37,0.0119365808
1989,5,38,0.0119365808
1989,5,39,0.0119365808
1989,5,40,0.0119365808
1990,5,1,2.0894687e-11
1990,5,2,2.0894687e-11
1990,5,3,0.00051419011
1990,5,4,0.00073471023
1990,5,5,0.0014968856
1990,5,6,0.002992371
1990,5,7,0.0049772022
1990,5,8,0.0071640471
1990,5,9,0.0093852105
1990,5,10,0.01158036
1990,5,11,0.013722667
1990,5,12,0.015676489
1990,5,13,0.017311728
1990,5,14,0.018549118
1990,5,15,0.019363466
1990,5,16,0.019774887
1990,5,17,0.019835444
1990,5,18,0.019644562
1990,5,19,0.019315772
1990,5,20,0.018927095
1990,5,21,0.018527526
1990,5,22,0.018145744
1990,5,23,0.01779698
1990,5,24,0.017487954
1990,5,25,0.017220198
1990,5,26,0.016992255
1990,5,27,0.016801067
1990,5,28,0.016642841
1990,5,29,0.016513577
1990,5,30,0.016409357
1990,5,31,0.016326533
1990,5,32,0.016261786
1990,5,33,0.016212175
1990,5,34,0.016175124
1990,5,35,0.016148398
1990,5,36,0.016130091
1990,5,37,0.016118579
1990,5,38,0.016118579
1990,5,39,0.016118579
1990,5,40,0.016118579
1991,5,1,1.5677723e-11
1991,5,2,1.5677723e-11
1991,5,3,0.00038554802
1991,5,4,0.00055090369
1991,5,5,0.0011224513
1991,5,6,0.0022440888
1991,5,7,0.0037331942
1991,5,8,0.0053745054
1991,5,9,0.0070422271
1991,5,10,0.0086909003
1991,5,11,0.010300125
1991,5,12,0.01176771
1991,5,13,0.012995654
1991,5,14,0.013924284
1991,5,15,0.01453473
1991,5,16,0.014842269
1991,5,17,0.014886227
1991,5,18,0.014741486
1991,5,19,0.014493436
1991,5,20,0.014200689
1991,5,21,0.013900001
1991,5,22,0.013612859
1991,5,23,0.013350654
1991,5,24,0.013118389
1991,5,25,0.012917186
1991,5,26,0.012745927
1991,5,27,0.012602302
1991,5,28,0.012483451
1991,5,29,0.01238636
1991,5,30,0.012308087
1991,5,31,0.012245883
1991,5,32,0.01219726
1991,5,33,0.012160005
1991,5,34,0.01213218
1991,5,35,0.012112111
1991,5,36,0.012098364
1991,5,37,0.012089719
1991,5,38,0.012089719
1991,5,39,0.012089719
1991,5,40,0.012089719
1992,5,1,1.05149563e-11
1992,5,2,1.05149563e-11
1992,5,3,0.00025535213
1992,5,4,0.00036494486
1992,5,5,0.00074418653
1992,5,6,0.0014907713
1992,5,7,0.0024875816
1992,5,8,0.0035943369
1992,5,9,0.004727012
1992,5,10,0.0058528104
1992,5,11,0.0069546261
1992,5,12,0.0079587534
1992,5,13,0.0087946545
1992,5,14,0.0094198655
1992,5,15,0.0098220817
1992,5,16,0.0100139289
1992,5,17,0.010024978
1992,5,18,0.0099089894
1992,5,19,0.0097257862
1992,5,20,0.0095155409
1992,5,21,0.0093028711
1992,5,22,0.0091017821
1992,5,23,0.00891943
1992,5,24,0.0087587174
1992,5,25,0.0086200314
1992,5,26,0.0085023313
1992,5,27,0.0084038462
1992,5,28,0.0083224936
1992,5,29,0.0082561267
1992,5,30,0.0082026814
1992,5,31,0.008160245
1992,5,32,0.0081270956
1992,5,33,0.0081017097
1992,5,34,0.0080827587
1992,5,35,0.0080690935
1992,5,36,0.0080597352
1992,5,37,0.0080538507
1992,5,38,0.0080538507
1992,5,39,0.0080538507
1992,5,40,0.0080538507
1993,5,1,1.25255212e-11
1993,5,2,1.25255212e-11
1993,5,3,0.0003060337
1993,5,4,0.00043733377
1993,5,5,0.00089143939
1993,5,6,0.0017840452
1993,5,7,0.0029725594
1993,5,8,0.0042875297
1993,5,9,0.0056286649
1993,5,10,0.0069582228
1993,5,11,0.0082577902
1993,5,12,0.0094425339
1993,5,13,0.0104311935
1993,5,14,0.0111745817
1993,5,15,0.0116578419
1993,5,16,0.0118946478
1993,5,17,0.011918392
1993,5,18,0.0117910814
1993,5,19,0.0115825115
1993,5,20,0.0113400466
1993,5,21,0.0110930261
1993,5,22,0.0108583682
1993,5,23,0.0106448764
1993,5,24,0.010456266
1993,5,25,0.0102932085
1993,5,26,0.0101546329
1993,5,27,0.010038554
1993,5,28,0.0099425874
1993,5,29,0.0098642471
1993,5,30,0.0098011267
1993,5,31,0.0097509869
1993,5,32,0.0097118082
1993,5,33,0.0096817983
1993,5,34,0.0096593891
1993,5,35,0.0096432283
1993,5,36,0.0096321604
1993,5,37,0.0096251997
1993,5,38,0.0096251997
1993,5,39,0.0096251997
1993,5,40,0.0096251997
1994,5,1,1.9777372e-11
1994,5,2,1.9777372e-11
1994,5,3,0.00046517804
1994,5,4,0.00066518459
1994,5,5,0.0013593689
1994,5,6,0.0027370069
1994,5,7,0.0046028931
1994,5,8,0.0067123161
1994,5,9,0.008908851
1994,5,10,0.011120019
1994,5,11,0.013297638
1994,5,12,0.015278936
1994,5,13,0.016908784
1994,5,14,0.018095872
1994,5,15,0.018818716
1994,5,16,0.019112172
1994,5,17,0.0190468
1994,5,18,0.018740261
1994,5,19,0.018316972
1994,5,20,0.017856563
1994,5,21,0.017405146
1994,5,22,0.01698718
1994,5,23,0.016613843
1994,5,24,0.016288513
1994,5,25,0.016010178
1994,5,26,0.015775533
1994,5,27,0.015580214
1994,5,28,0.015419533
1994,5,29,0.015288873
1994,5,30,0.015183919
1994,5,31,0.015100752
1994,5,32,0.015035887
1994,5,33,0.014986276
1994,5,34,0.014949273
1994,5,35,0.014922613
1994,5,36,0.014904366
1994,5,37,0.014892898
1994,5,38,0.014892898
1994,5,39,0.014892898
1994,5,40,0.014892898
1995,5,1,2.4431749e-11
1995,5,2,2.4431749e-11
1995,5,3,0.00056311187
1995,5,4,0.0008055095
1995,5,5,0.0016484548
1995,5,6,0.0033299881
1995,5,7,0.0056281196
1995,5,8,0.008255165
1995,5,9,0.011019126
1995,5,10,0.01382222
1995,5,11,0.016592698
1995,5,12,0.019111049
1995,5,13,0.021168472
1995,5,14,0.022643441
1995,5,15,0.023510672
1995,5,16,0.023821719
1995,5,17,0.023675157
1995,5,18,0.023228966
1995,5,19,0.022645946
1995,5,20,0.022027563
1995,5,21,0.021430641
1995,5,22,0.020883953
1995,5,23,0.020399571
1995,5,24,0.019980069
1995,5,25,0.019622879
1995,5,26,0.01932288
1995,5,27,0.019073898
1995,5,28,0.018869544
1995,5,29,0.018703681
1995,5,30,0.018570643
1995,5,31,0.018465344
1995,5,32,0.018383295
1995,5,33,0.018320583
1995,5,34,0.018273838
1995,5,35,0.018240173
1995,5,36,0.018217138
1995,5,37,0.018202665
1995,5,38,0.018202665
1995,5,39,0.018202665
1995,5,40,0.018202665
1996,5,1,2.6467744e-11
1996,5,2,2.6467744e-11
1996,5,3,0.00058984318
1996,5,4,0.0008442547
1996,5,5,0.0017318839
1996,5,6,0.0035179942
1996,5,7,0.0059956182
1996,5,8,0.008878673
1996,5,9,0.011961332
1996,5,10,0.01512323
1996,5,11,0.018265249
1996,5,12,0.021117317
1996,5,13,0.023423205
1996,5,14,0.02503598
1996,5,15,0.02593047
1996,5,16,0.026177365
1996,5,17,0.025903434
1996,5,18,0.025301922
1996,5,19,0.024565121
1996,5,20,0.023808368
1996,5,21,0.023092986
1996,5,22,0.022447616
1996,5,23,0.0218823
1996,5,24,0.021397026
1996,5,25,0.020986701
1996,5,26,0.020643972
1996,5,27,0.020360768
1996,5,28,0.020129137
1996,5,29,0.019941654
1996,5,30,0.019791609
1996,5,31,0.019673058
1996,5,32,0.019580811
1996,5,33,0.019510383
1996,5,34,0.019457928
1996,5,35,0.019420178
1996,5,36,0.019394362
1996,5,37,0.019378146
1996,5,38,0.019378146
1996,5,39,0.019378146
1996,5,40,0.019378146
1997,5,1,3.3017293e-11
1997,5,2,3.3017293e-11
1997,5,3,0.00066341992
1997,5,4,0.0009514465
1997,5,5,0.0019671047
1997,5,6,0.0040677712
1997,5,7,0.007115407
1997,5,8,0.010844822
1997,5,9,0.015007009
1997,5,10,0.019400109
1997,5,11,0.023823802
1997,5,12,0.02782553
1997,5,13,0.030978043
1997,5,14,0.033043288
1997,5,15,0.033997785
1997,5,16,0.033982942
1997,5,17,0.033228497
1997,5,18,0.032054715
1997,5,19,0.030758537
1997,5,20,0.029503302
1997,5,21,0.028364594
1997,5,22,0.027369121
1997,5,23,0.026518506
1997,5,24,0.025802709
1997,5,25,0.025207096
1997,5,26,0.024716005
1997,5,27,0.024314434
1997,5,28,0.023988756
1997,5,29,0.023726938
1997,5,30,0.023518542
1997,5,31,0.023354606
1997,5,32,0.023227486
1997,5,33,0.023130699
1997,5,34,0.023058771
1997,5,35,0.023007092
1997,5,36,0.022971794
1997,5,37,0.022949647
1997,5,38,0.022949647
1997,5,39,0.022949647
1997,5,40,0.022949647
1998,5,1,3.9330444e-11
1998,5,2,3.9330444e-11
1998,5,3,0.0007816644
1998,5,4,0.0011212751
1998,5,5,0.0023202412
1998,5,6,0.0048074194
1998,5,7,0.008432664
1998,5,8,0.012890975
1998,5,9,0.017886662
1998,5,10,0.023173116
1998,5,11,0.028502596
1998,5,12,0.03332227
1998,5,13,0.037110387
1998,5,14,0.039576868
1998,5,15,0.040694689
1998,5,16,0.040638633
1998,5,17,0.039690836
1998,5,18,0.038242281
1998,5,19,0.036653437
1998,5,20,0.035121176
1998,5,21,0.033735459
1998,5,22,0.032527007
1998,5,23,0.031496461
1998,5,24,0.030630663
1998,5,25,0.029911205
1998,5,26,0.029318658
1998,5,27,0.028834567
1998,5,28,0.028442241
1998,5,29,0.028127043
1998,5,30,0.027876278
1998,5,31,0.027679089
1998,5,32,0.027526233
1998,5,33,0.027409871
1998,5,34,0.027323424
1998,5,35,0.027261309
1998,5,36,0.027218904
1998,5,37,0.02719229
1998,5,38,0.02719229
1998,5,39,0.02719229
1998,5,40,0.02719229
1999,5,1,3.3756573e-11
1999,5,2,3.3756573e-11
1999,5,3,0.0006617613
1999,5,4,0.0009495435
1999,5,5,0.0019670415
1999,5,6,0.0040856724
1999,5,7,0.007191718
1999,5,8,0.011034961
1999,5,9,0.015362596
1999,5,10,0.019956439
1999,5,11,0.024594196
1999,5,12,0.028786795
1999,5,13,0.032072862
1999,5,14,0.03419654
1999,5,15,0.035135594
1999,5,16,0.035046768
1999,5,17,0.03418126
1999,5,18,0.032884606
1999,5,19,0.031473405
1999,5,20,0.030119049
1999,5,21,0.028898662
1999,5,22,0.027837461
1999,5,23,0.026934627
1999,5,24,0.026177609
1999,5,25,0.025549552
1999,5,26,0.025032968
1999,5,27,0.02461139
1999,5,28,0.024270038
1999,5,29,0.023995984
1999,5,30,0.023778082
1999,5,31,0.023606815
1999,5,32,0.023474099
1999,5,33,0.023373109
1999,5,34,0.023298088
1999,5,35,0.023244206
1999,5,36,0.023207412
1999,5,37,0.02318433
1999,5,38,0.02318433
1999,5,39,0.02318433
1999,5,40,0.02318433
2000,5,1,3.9045272e-11
2000,5,2,3.9045272e-11
2000,5,3,0.0007868095
2000,5,4,0.0011283408
2000,5,5,0.0023322998
2000,5,6,0.0048204794
2000,5,7,0.008425874
2000,5,8,0.012831999
2000,5,9,0.01774415
2000,5,10,0.02292523
2000,5,11,0.028140753
2000,5,12,0.032859164
2000,5,13,0.036578577
2000,5,14,0.039019203
2000,5,15,0.040153018
2000,5,16,0.040145588
2000,5,17,0.039266324
2000,5,18,0.037891532
2000,5,19,0.036370541
2000,5,20,0.034895888
2000,5,21,0.033557006
2000,5,22,0.03238575
2000,5,23,0.031384395
2000,5,24,0.030541381
2000,5,25,0.029839652
2000,5,26,0.029260894
2000,5,27,0.028787524
2000,5,28,0.028403536
2000,5,29,0.028094795
2000,5,30,0.027849018
2000,5,31,0.027655655
2000,5,32,0.027505704
2000,5,33,0.027391528
2000,5,34,0.02730667
2000,5,35,0.027245699
2000,5,36,0.027204054
2000,5,37,0.027177923
2000,5,38,0.027177923
2000,5,39,0.027177923
2000,5,40,0.027177923
2001,5,1,5.6077412e-11
2001,5,2,5.6077412e-11
2001,5,3,0.001061385
2001,5,4,0.001524073
2001,5,5,0.003166332
2001,5,6,0.006619053
2001,5,7,0.011756315
2001,5,8,0.018210527
2001,5,9,0.025565784
2001,5,10,0.033432519
2001,5,11,0.041401249
2001,5,12,0.048598875
2001,5,13,0.054202527
2001,5,14,0.057758408
2001,5,15,0.059233815
2001,5,16,0.058916997
2001,5,17,0.057262764
2001,5,18,0.054886723
2001,5,19,0.052344678
2001,5,20,0.049931591
2001,5,21,0.04777511
2001,5,22,0.04591238
2001,5,23,0.044336325
2001,5,24,0.043020841
2001,5,25,0.041933572
2001,5,26,0.041042086
2001,5,27,0.040316434
2001,5,28,0.039730111
2001,5,29,0.039260191
2001,5,30,0.038887085
2001,5,31,0.03859415
2001,5,32,0.03836736
2001,5,33,0.038194917
2001,5,34,0.038066877
2001,5,35,0.03797496
2001,5,36,0.037912221
2001,5,37,0.037872864
2001,5,38,0.037872864
2001,5,39,0.037872864
2001,5,40,0.037872864
2002,5,1,6.457741e-11
2002,5,2,6.457741e-11
2002,5,3,0.0013473773
2002,5,4,0.0019309119
2002,5,5,0.0039804596
2002,5,6,0.008176781
2002,5,7,0.014167202
2002,5,8,0.021369945
2002,5,9,0.029292645
2002,5,10,0.037576101
2002,5,11,0.045881257
2002,5,12,0.053402583
2002,5,13,0.059378503
2002,5,14,0.06338111
2002,5,15,0.06535901
2002,5,16,0.06555217
2002,5,17,0.06436062
2002,5,18,0.06235629
2002,5,19,0.060080659
2002,5,20,0.057839769
2002,5,21,0.055782129
2002,5,22,0.05396617
2002,5,23,0.052402552
2002,5,24,0.05107856
2002,5,25,0.049971264
2002,5,26,0.049054492
2002,5,27,0.048302313
2002,5,28,0.0476906
2002,5,29,0.047197749
2002,5,30,0.046804762
2002,5,31,0.046495181
2002,5,32,0.046254838
2002,5,33,0.046071673
2002,5,34,0.045935464
2002,5,35,0.045837553
2002,5,36,0.04577063
2002,5,37,0.045728648
2002,5,38,0.045728648
2002,5,39,0.045728648
2002,5,40,0.045728648
2003,5,1,8.02174e-11
2003,5,2,8.02174e-11
2003,5,3,0.0017232417
2003,5,4,0.0024681845
2003,5,5,0.0050768208
2003,5,6,0.010376666
2003,5,7,0.017847398
2003,5,8,0.026703586
2003,5,9,0.036328301
2003,5,10,0.046310744
2003,5,11,0.056282235
2003,5,12,0.065321312
2003,5,13,0.07255563
2003,5,14,0.07749108
2003,5,15,0.08005844
2003,5,16,0.08051936
2003,5,17,0.07932172
2003,5,18,0.07712178
2003,5,19,0.07455309
2003,5,20,0.07198252
2003,5,21,0.06959511
2003,5,22,0.06746966
2003,5,23,0.065626883
2003,5,24,0.064057819
2003,5,25,0.062739671
2003,5,26,0.061644378
2003,5,27,0.060743074
2003,5,28,0.060008355
2003,5,29,0.059415265
2003,5,30,0.058941634
2003,5,31,0.058568041
2003,5,32,0.058277736
2003,5,33,0.058056336
2003,5,34,0.057891577
2003,5,35,0.057773089
2003,5,36,0.05769209
2003,5,37,0.057641242
2003,5,38,0.057641242
2003,5,39,0.057641242
2003,5,40,0.057641242
2004,5,1,7.5464788e-11
2004,5,2,7.5464788e-11
2004,5,3,0.0016545225
2004,5,4,0.0023688597
2004,5,5,0.0048651909
2004,5,6,0.009909795
2004,5,7,0.016957778
2004,5,8,0.025227961
2004,5,9,0.034136408
2004,5,10,0.043320477
2004,5,11,0.052468719
2004,5,12,0.060767563
2004,5,13,0.067445965
2004,5,14,0.072064405
2004,5,15,0.074554064
2004,5,16,0.075136528
2004,5,17,0.074200176
2004,5,18,0.072325828
2004,5,19,0.070083179
2004,5,20,0.067808406
2004,5,21,0.065676029
2004,5,22,0.063764309
2004,5,23,0.062097765
2004,5,24,0.060672601
2004,5,25,0.059471165
2004,5,26,0.05847006
2004,5,27,0.057644415
2004,5,28,0.056970177
2004,5,29,0.056425111
2004,5,30,0.055989323
2004,5,31,0.055645269
2004,5,32,0.055377712
2004,5,33,0.055173549
2004,5,34,0.055021545
2004,5,35,0.054912189
2004,5,36,0.054837419
2004,5,37,0.054790456
2004,5,38,0.054790456
2004,5,39,0.054790456
2004,5,40,0.054790456
2005,5,1,5.5904188e-11
2005,5,2,5.5904188e-11
2005,5,3,0.0011915324
2005,5,4,0.0017068754
2005,5,5,0.0035129465
2005,5,6,0.007189888
2005,5,7,0.012390704
2005,5,8,0.018579936
2005,5,9,0.025328659
2005,5,10,0.032343838
2005,5,11,0.039358603
2005,5,12,0.045715731
2005,5,13,0.050793254
2005,5,14,0.054239755
2005,5,15,0.056007991
2005,5,16,0.056287242
2005,5,17,0.055398948
2005,5,18,0.053810753
2005,5,19,0.051971595
2005,5,20,0.050139679
2005,5,21,0.048443852
2005,5,22,0.04693786
2005,5,23,0.045634713
2005,5,24,0.044526859
2005,5,25,0.043597346
2005,5,26,0.042825761
2005,5,27,0.042191351
2005,5,28,0.041674559
2005,5,29,0.041257598
2005,5,30,0.040924744
2005,5,31,0.040662309
2005,5,32,0.040458433
2005,5,33,0.040302968
2005,5,34,0.040187311
2005,5,35,0.040104131
2005,5,36,0.040047277
2005,5,37,0.040011591
2005,5,38,0.040011591
2005,5,39,0.040011591
2005,5,40,0.040011591
2006,5,1,5.6164708e-11
2006,5,2,5.6164708e-11
2006,5,3,0.0012599789
2006,5,4,0.0018032175
2006,5,5,0.0036973143
2006,5,6,0.007502111
2006,5,7,0.012764599
2006,5,8,0.018867164
2006,5,9,0.025372141
2006,5,10,0.03203007
2006,5,11,0.038639452
2006,5,12,0.044640474
2006,5,13,0.049501812
2006,5,14,0.052918002
2006,5,15,0.05483467
2006,5,16,0.05539573
2006,5,17,0.054861936
2006,5,18,0.053634233
2006,5,19,0.052114138
2006,5,20,0.050544104
2006,5,21,0.049054409
2006,5,22,0.04770684
2006,5,23,0.046523951
2006,5,24,0.045506916
2006,5,25,0.04464583
2006,5,26,0.043925875
2006,5,27,0.043330458
2006,5,28,0.042843177
2006,5,29,0.042448543
2006,5,30,0.042132591
2006,5,31,0.04188288
2006,5,32,0.041688509
2006,5,33,0.041540089
2006,5,34,0.041429532
2006,5,35,0.041349962
2006,5,36,0.041295522
2006,5,37,0.041261333
2006,5,38,0.041261333
2006,5,39,0.041261333
2006,5,40,0.041261333
2007,5,1,5.3996177e-11
2007,5,2,5.3996177e-11
2007,5,3,0.0011678624
2007,5,4,0.0016725066
2007,5,5,0.0034384507
2007,5,6,0.007019821
2007,5,7,0.01205325
2007,5,8,0.018000027
2007,5,9,0.024444045
2007,5,10,0.031114422
2007,5,11,0.03777137
2007,5,12,0.043807276
2007,5,13,0.048646699
2007,5,14,0.051963033
2007,5,15,0.053708817
2007,5,16,0.054054343
2007,5,17,0.05329329
2007,5,18,0.051858725
2007,5,19,0.050170875
2007,5,20,0.048474561
2007,5,21,0.04689445
2007,5,22,0.04548456
2007,5,23,0.044260046
2007,5,24,0.043215932
2007,5,25,0.042337817
2007,5,26,0.041607492
2007,5,27,0.041006078
2007,5,28,0.040515532
2007,5,29,0.040119374
2007,5,30,0.039802866
2007,5,31,0.039553146
2007,5,32,0.039359064
2007,5,33,0.039211006
2007,5,34,0.039100814
2007,5,35,0.039021553
2007,5,36,0.038967377
2007,5,37,0.038933352
2007,5,38,0.038933352
2007,5,39,0.038933352
2007,5,40,0.038933352
2008,5,1,6.709429e-11
2008,5,2,6.709429e-11
2008,5,3,0.0014793163
2008,5,4,0.0021177891
2008,5,5,0.0043477502
2008,5,6,0.008847444
2008,5,7,0.015118616
2008,5,8,0.022456212
2008,5,9,0.030340165
2008,5,10,0.038454014
2008,5,11,0.046529627
2008,5,12,0.053856994
2008,5,13,0.059762941
2008,5,14,0.06386297
2008,5,15,0.066095
2008,5,16,0.06664993
2008,5,17,0.06586484
2008,5,18,0.06424701
2008,5,19,0.06229643
2008,5,20,0.06030972
2008,5,21,0.058442149
2008,5,22,0.05676433
2008,5,23,0.055299331
2008,5,24,0.054044933
2008,5,25,0.05298638
2008,5,26,0.052103612
2008,5,27,0.051375098
2008,5,28,0.050779854
2008,5,29,0.050298463
2008,5,30,0.049913447
2008,5,31,0.049609394
2008,5,32,0.049372898
2008,5,33,0.049192417
2008,5,34,0.049058018
2008,5,35,0.048961316
2008,5,36,0.048895188
2008,5,37,0.048853661
2008,5,38,0.048853661
2008,5,39,0.048853661
2008,5,40,0.048853661
2009,5,1,7.7664497e-11
2009,5,2,7.7664497e-11
2009,5,3,0.0017952868
2009,5,4,0.0025679559
2009,5,5,0.0052541822
2009,5,6,0.010608737
2009,5,7,0.017917242
2009,5,8,0.026258547
2009,5,9,0.035021764
2009,5,10,0.043899804
2009,5,11,0.052670163
2009,5,12,0.06064339
2009,5,13,0.067163586
2009,5,14,0.071848408
2009,5,15,0.074616881
2009,5,16,0.07562906
2009,5,17,0.075193078
2009,5,18,0.07380541
2009,5,19,0.071979415
2009,5,20,0.070036241
2009,5,21,0.068156581
2009,5,22,0.06643254
2009,5,23,0.064903325
2009,5,24,0.063577803
2009,5,25,0.06244842
2009,5,26,0.061499383
2009,5,27,0.060711408
2009,5,28,0.060064465
2009,5,29,0.059539245
2009,5,30,0.059117863
2009,5,31,0.058784311
2009,5,32,0.05852436
2009,5,33,0.058325656
2009,5,34,0.058177523
2009,5,35,0.058070855
2009,5,36,0.057997851
2009,5,37,0.057951984
2009,5,38,0.057951984
2009,5,39,0.057951984
2009,5,40,0.057951984
2010,5,1,7.381338e-11
2010,5,2,7.381338e-11
2010,5,3,0.0017215184
2010,5,4,0.0024620566
2010,5,5,0.0050343892
2010,5,6,0.010150283
2010,5,7,0.017105463
2010,5,8,0.025005137
2010,5,9,0.033267076
2010,5,10,0.041610303
2010,5,11,0.049839518
2010,5,12,0.057323853
2010,5,13,0.063462554
2010,5,14,0.06790382
2010,5,15,0.07056903
2010,5,16,0.07159903
2010,5,17,0.07127166
2010,5,18,0.07004201
2010,5,19,0.06838603
2010,5,20,0.06660481
2010,5,21,0.064870244
2010,5,22,0.063271837
2010,5,23,0.061849073
2010,5,24,0.060612564
2010,5,25,0.059556825
2010,5,26,0.058668249
2010,5,27,0.057929519
2010,5,28,0.057322389
2010,5,29,0.056829106
2010,5,30,0.0564331
2010,5,31,0.056119471
2010,5,32,0.055874947
2010,5,33,0.055687975
2010,5,34,0.055548564
2010,5,35,0.055448138
2010,5,36,0.055379405
2010,5,37,0.055336218
2010,5,38,0.055336218
2010,5,39,0.055336218
2010,5,40,0.055336218
2011,5,1,8.860412e-11
2011,5,2,8.860412e-11
2011,5,3,0.0021111648
2011,5,4,0.0030182069
2011,5,5,0.0061625471
2011,5,6,0.012382235
2011,5,7,0.020757697
2011,5,8,0.030158242
2011,5,9,0.039880175
2011,5,10,0.049618142
2011,5,11,0.059185064
2011,5,12,0.067895039
2011,5,13,0.07509341
2011,5,14,0.08039166
2011,5,15,0.08369052
2011,5,16,0.08512625
2011,5,17,0.08498808
2011,5,18,0.08377347
2011,5,19,0.08201844
2011,5,20,0.08007243
2011,5,21,0.07814238
2011,5,22,0.07634122
2011,5,23,0.07472315
2011,5,24,0.07330704
2011,5,25,0.07209147
2011,5,26,0.071064058
2011,5,27,0.070207125
2011,5,28,0.069501033
2011,5,29,0.068926139
2011,5,30,0.06846388
2011,5,31,0.068097308
2011,5,32,0.067811238
2011,5,33,0.067592306
2011,5,34,0.067428968
2011,5,35,0.067311249
2011,5,36,0.067230657
2011,5,37,0.067180006
2011,5,38,0.067180006
2011,5,39,0.067180006
2011,5,40,0.067180006
2012,5,1,8.020857e-11
2012,5,2,8.020857e-11
2012,5,3,0.0018675169
2012,5,4,0.002670937
2012,5,5,0.0054621447
2012,5,6,0.011015726
2012,5,7,0.018571626
2012,5,8,0.02716152
2012,5,9,0.036153073
2012,5,10,0.045238707
2012,5,11,0.054202865
2012,5,12,0.062354967
2012,5,13,0.069037574
2012,5,14,0.07386593
2012,5,15,0.07675503
2012,5,16,0.07786022
2012,5,17,0.07748649
2012,5,18,0.07613188
2012,5,19,0.07431598
2012,5,20,0.07236687
2012,5,21,0.0704713
2012,5,22,0.068726107
2012,5,23,0.067173754
2012,5,24,0.065825286
2012,5,25,0.064674452
2012,5,26,0.063706103
2012,5,27,0.062901267
2012,5,28,0.062239941
2012,5,29,0.061702692
2012,5,30,0.061271461
2012,5,31,0.06092994
2012,5,32,0.060663711
2012,5,33,0.060460161
2012,5,34,0.060308398
2012,5,35,0.060199062
2012,5,36,0.060124232
2012,5,37,0.060077233
2012,5,38,0.060077233
2012,5,39,0.060077233
2012,5,40,0.060077233
2013,5,1,6.4853723e-11
2013,5,2,6.4853723e-11
2013,5,3,0.0014963732
2013,5,4,0.0021404631
2013,5,5,0.0043800758
2013,5,6,0.0088465
2013,5,7,0.014947808
2013,5,8,0.021918319
2013,5,9,0.029248208
2013,5,10,0.036679057
2013,5,11,0.044022094
2013,5,12,0.050697202
2013,5,13,0.056152485
2013,5,14,0.060066598
2013,5,15,0.062372216
2013,5,16,0.063205027
2013,5,17,0.062825118
2013,5,18,0.061650065
2013,5,19,0.060110794
2013,5,20,0.058476186
2013,5,21,0.056897121
2013,5,22,0.055450155
2013,5,23,0.054167585
2013,5,24,0.053056465
2013,5,25,0.05211016
2013,5,26,0.051315227
2013,5,27,0.050655362
2013,5,28,0.050113723
2013,5,29,0.04967406
2013,5,30,0.049321387
2013,5,31,0.049042234
2013,5,32,0.048824704
2013,5,33,0.048658432
2013,5,34,0.048534492
2013,5,35,0.048445231
2013,5,36,0.048384151
2013,5,37,0.048345773
2013,5,38,0.048345773
2013,5,39,0.048345773
2013,5,40,0.048345773
2014,5,1,6.2147378e-11
2014,5,2,6.2147378e-11
2014,5,3,0.0014303023
2014,5,4,0.0020460442
2014,5,5,0.0041876064
2014,5,6,0.008461262
2014,5,7,0.014305805
2014,5,8,0.0209921
2014,5,9,0.028031984
2014,5,10,0.035175236
2014,5,11,0.042237114
2014,5,12,0.048655908
2014,5,13,0.053897385
2014,5,14,0.057650828
2014,5,15,0.059852151
2014,5,16,0.060634033
2014,5,17,0.060249287
2014,5,18,0.059102059
2014,5,19,0.057608126
2014,5,20,0.056026127
2014,5,21,0.054500608
2014,5,22,0.053104482
2014,5,23,0.051868152
2014,5,24,0.050797872
2014,5,25,0.049886857
2014,5,26,0.049121909
2014,5,27,0.048487172
2014,5,28,0.047966292
2014,5,29,0.047543571
2014,5,30,0.047204544
2014,5,31,0.046936231
2014,5,32,0.046727178
2014,5,33,0.046567402
2014,5,34,0.04644831
2014,5,35,0.046362537
2014,5,36,0.046303858
2014,5,37,0.046266986
2014,5,38,0.046266986
2014,5,39,0.046266986
2014,5,40,0.046266986
2015,5,1,6.7496152e-11
2015,5,2,6.7496152e-11
2015,5,3,0.0015044879
2015,5,4,0.0021533965
2015,5,5,0.00441736
2015,5,6,0.00897272
2015,5,7,0.015291164
2015,5,8,0.022642756
2015,5,9,0.030502565
2015,5,10,0.038563883
2015,5,11,0.046574257
2015,5,12,0.053845491
2015,5,13,0.059724608
2015,5,14,0.06383716
2015,5,15,0.066118913
2015,5,16,0.066749938
2015,5,17,0.066053146
2015,5,18,0.064521045
2015,5,19,0.062643729
2015,5,20,0.060715247
2015,5,21,0.058891998
2015,5,22,0.057247034
2015,5,23,0.05580604
2015,5,24,0.05456901
2015,5,25,0.053522985
2015,5,26,0.052649247
2015,5,27,0.051927256
2015,5,28,0.051336727
2015,5,29,0.050858744
2015,5,30,0.050476201
2015,5,31,0.050173948
2015,5,32,0.04993876
2015,5,33,0.049759188
2015,5,34,0.049625449
2015,5,35,0.049529212
2015,5,36,0.04946339
2015,5,37,0.049422042
2015,5,38,0.049422042
2015,5,39,0.049422042
2015,5,40,0.049422042
2016,5,1,6.7409923e-11
2016,5,2,6.7409923e-11
2016,5,3,0.0014893445
2016,5,4,0.0021320648
2016,5,5,0.0043764009
2016,5,6,0.008902666
2016,5,7,0.015205168
2016,5,8,0.022571649
2016,5,9,0.030479265
2016,5,10,0.038612251
2016,5,11,0.046704497
2016,5,12,0.054047516
2016,5,13,0.059969547
2016,5,14,0.064086595
2016,5,15,0.066335966
2016,5,16,0.066907205
2016,5,17,0.066135916
2016,5,18,0.064528433
2016,5,19,0.062584642
2016,5,20,0.06060178
2016,5,21,0.058735866
2016,5,22,0.057058233
2016,5,23,0.055592505
2016,5,24,0.054336881
2016,5,25,0.053276898
2016,5,26,0.052392683
2016,5,27,0.051662786
2016,5,28,0.051066301
2016,5,29,0.050583827
2016,5,30,0.050197894
2016,5,31,0.049893097
2016,5,32,0.049656002
2016,5,33,0.049475035
2016,5,34,0.049340286
2016,5,35,0.049243328
2016,5,36,0.049177019
2016,5,37,0.049135384
2016,5,38,0.049135384
2016,5,39,0.049135384
2016,5,40,0.049135384
2017,5,1,7.640408e-11
2017,5,2,7.640408e-11
2017,5,3,0.0017842745
2017,5,4,0.0025517503
2017,5,5,0.0052173209
2017,5,6,0.010516881
2017,5,7,0.017717564
2017,5,8,0.025890212
2017,5,9,0.034431906
2017,5,10,0.043053504
2017,5,11,0.051555275
2017,5,12,0.059287974
2017,5,13,0.065633236
2017,5,14,0.07022865
2017,5,15,0.07299261
2017,5,16,0.07406918
2017,5,17,0.07374362
2017,5,18,0.07248449
2017,5,19,0.07078254
2017,5,20,0.06894883
2017,5,21,0.067161331
2017,5,22,0.065512969
2017,5,23,0.064044973
2017,5,24,0.062768609
2017,5,25,0.061678533
2017,5,26,0.060760802
2017,5,27,0.059997705
2017,5,28,0.059370463
2017,5,29,0.058860755
2017,5,30,0.058451537
2017,5,31,0.058127408
2017,5,32,0.057874701
2017,5,33,0.057681456
2017,5,34,0.057537353
2017,5,35,0.05743355
2017,5,36,0.057362514
2017,5,37,0.057317872
2017,5,38,0.057317872
2017,5,39,0.057317872
2017,5,40,0.057317872
2018,5,1,6.538893e-11
2018,5,2,6.538893e-11
2018,5,3,0.0015182798
2018,5,4,0.0021715594
2018,5,5,0.0044417524
2018,5,6,0.008961861
2018,5,7,0.015119212
2018,5,8,0.022129693
2018,5,9,0.029478251
2018,5,10,0.036911155
2018,5,11,0.044248228
2018,5,12,0.050919805
2018,5,13,0.056383668
2018,5,14,0.060323028
2018,5,15,0.062668975
2018,5,16,0.063551297
2018,5,17,0.063222735
2018,5,18,0.06209391
2018,5,19,0.060591711
2018,5,20,0.058984719
2018,5,21,0.057425136
2018,5,22,0.055991371
2018,5,23,0.054717419
2018,5,24,0.053611716
2018,5,25,0.052668658
2018,5,26,0.051875557
2018,5,27,0.051216642
2018,5,28,0.050675385
2018,5,29,0.050235768
2018,5,30,0.049882988
2018,5,31,0.049603644
2018,5,32,0.049385907
2018,5,33,0.049219444
2018,5,34,0.049095333
2018,5,35,0.04900594
2018,5,36,0.048944779
2018,5,37,0.048906327
2018,5,38,0.048906327
2018,5,39,0.048906327
2018,5,40,0.048906327
2019,5,1,7.739489e-11
2019,5,2,7.739489e-11
2019,5,3,0.0018212861
2019,5,4,0.002604338
2019,5,5,0.0053220355
2019,5,6,0.010714743
2019,5,7,0.018017062
2019,5,8,0.026270217
2019,5,9,0.034861986
2019,5,10,0.043509364
2019,5,11,0.052024759
2019,5,12,0.05977265
2019,5,13,0.0661473
2019,5,14,0.07079209
2019,5,15,0.0736228
2019,5,16,0.0747752
2019,5,17,0.07452454
2019,5,18,0.07333023
2019,5,19,0.07167847
2019,5,20,0.06988063
2019,5,21,0.06811717
2019,5,22,0.0664839
2019,5,23,0.06502474
2019,5,24,0.063753
2019,5,25,0.06266483
2019,5,26,0.0617474
2019,5,27,0.06098365
2019,5,28,0.06035532
2019,5,29,0.05984435
2019,5,30,0.0594339
2019,5,31,0.059108637
2019,5,32,0.058854963
2019,5,33,0.058660926
2019,5,34,0.058516203
2019,5,35,0.058411925
2019,5,36,0.058340574
2019,5,37,0.058295718
2019,5,38,0.058295718
2019,5,39,0.058295718
2019,5,40,0.058295718
2020,5,1,6.5762341e-11
2020,5,2,6.5762341e-11
2020,5,3,0.0015304204
2020,5,4,0.0021888374
2020,5,5,0.0044763869
2020,5,6,0.009028417
2020,5,7,0.015222997
2020,5,8,0.02226714
2020,5,9,0.02964248
2020,5,10,0.037096318
2020,5,11,0.044451111
2020,5,12,0.051139509
2020,5,13,0.056621338
2020,5,14,0.060580631
2020,5,15,0.062947716
2020,5,16,0.063850537
2020,5,17,0.063539905
2020,5,18,0.062424933
2020,5,19,0.060932236
2020,5,20,0.059330978
2020,5,21,0.057774296
2020,5,22,0.05634148
2020,5,23,0.055067226
2020,5,24,0.053960508
2020,5,25,0.053016076
2020,5,26,0.052221488
2020,5,27,0.051561116
2020,5,28,0.051018526
2020,5,29,0.050577747
2020,5,30,0.050223969
2020,5,31,0.049943808
2020,5,32,0.049725397
2020,5,33,0.049558412
2020,5,34,0.049433912
2020,5,35,0.049344229
2020,5,36,0.04928286
2020,5,37,0.049244286
2020,5,38,0.049244286
2020,5,39,0.049244286
2020,5,40,0.049244286
2021,5,1,5.4323122e-11
2021,5,2,5.4323122e-11
2021,5,3,0.0012414793
2021,5,4,0.0017761532
2021,5,5,0.0036370202
2021,5,6,0.007357225
2021,5,7,0.012460743
2021,5,8,0.018321314
2021,5,9,0.024513178
2021,5,10,0.030811353
2021,5,11,0.037045107
2021,5,12,0.042709461
2021,5,13,0.047324412
2021,5,14,0.050611747
2021,5,15,0.052516428
2021,5,16,0.053160848
2021,5,17,0.052774638
2021,5,18,0.05172067
2021,5,19,0.050369224
2021,5,20,0.048948781
2021,5,21,0.047585544
2021,5,22,0.046342168
2021,5,23,0.045243912
2021,5,24,0.044295027
2021,5,25,0.04348858
2021,5,26,0.042812245
2021,5,27,0.042251587
2021,5,28,0.041791845
2021,5,29,0.041418971
2021,5,30,0.041120068
2021,5,31,0.040883594
2021,5,32,0.040699394
2021,5,33,0.040558654
2021,5,34,0.04045377
2021,5,35,0.040378243
2021,5,36,0.040326579
2021,5,37,0.040294118
2021,5,38,0.040294118
2021,5,39,0.040294118
2021,5,40,0.040294118
2022,5,1,5.9666552e-11
2022,5,2,5.9666552e-11
2022,5,3,0.0013880785
2022,5,4,0.0019852692
2022,5,5,0.0040601672
2022,5,6,0.008189406
2022,5,7,0.013809496
2022,5,8,0.020201575
2022,5,9,0.026895367
2022,5,10,0.033661267
2022,5,11,0.040337676
2022,5,12,0.04640904
2022,5,13,0.051384567
2022,5,14,0.054977208
2022,5,15,0.057123808
2022,5,16,0.057940814
2022,5,17,0.057656212
2022,5,18,0.056641774
2022,5,19,0.055284938
2022,5,20,0.053830056
2022,5,21,0.052416025
2022,5,22,0.051114758
2022,5,23,0.049957641
2022,5,24,0.048952771
2022,5,25,0.048095334
2022,5,26,0.047373986
2022,5,27,0.046774503
2022,5,28,0.046281967
2022,5,29,0.045881848
2022,5,30,0.045560723
2022,5,31,0.045306412
2022,5,32,0.045108191
2022,5,33,0.044956619
2022,5,34,0.044843611
2022,5,35,0.044762213
2022,5,36,0.044706504
2022,5,37,0.044671512
2022,5,38,0.044671512
2022,5,39,0.044671512
2022,5,40,0.044671512
2023,5,1,7.491355e-11
2023,5,2,7.491355e-11
2023,5,3,0.0017986088
2023,5,4,0.0025710324
2023,5,5,0.005246805
2023,5,6,0.01052949
2023,5,7,0.017618953
2023,5,8,0.025541914
2023,5,9,0.033701946
2023,5,10,0.041850656
2023,5,11,0.049844281
2023,5,12,0.05712474
2023,5,13,0.06315883
2023,5,14,0.06762835
2023,5,15,0.07044792
2023,5,16,0.07172267
2023,5,17,0.07168368
2023,5,18,0.07073659
2023,5,19,0.06932383
2023,5,20,0.06773719
2023,5,21,0.0661518
2023,5,22,0.06466485
2023,5,23,0.0633242
2023,5,24,0.06214773
2023,5,25,0.06113578
2023,5,26,0.0602791
2023,5,27,0.05956368
2023,5,28,0.0589736
2023,5,29,0.05849282
2023,5,30,0.05810599
2023,5,31,0.05779908
2023,5,32,0.05755947
2023,5,33,0.05737607
2023,5,34,0.05723918
2023,5,35,0.05714052
2023,5,36,0.05707297
2023,5,37,0.05703051
2023,5,38,0.05703051
2023,5,39,0.05703051
2023,5,40,0.05703051
2024,5,1,5.927392e-11
2024,5,2,5.927392e-11
2024,5,3,0.0013852334
2024,5,4,0.0019810437
2024,5,5,0.0040502487
2024,5,6,0.008163385
2024,5,7,0.013750239
2024,5,8,0.020088703
2024,5,9,0.02671093
2024,5,10,0.033393305
2024,5,11,0.03998197
2024,5,12,0.045974821
2024,5,13,0.050893622
2024,5,14,0.054457996
2024,5,15,0.05660447
2024,5,16,0.05744415
2024,5,17,0.0571973
2024,5,18,0.05622632
2024,5,19,0.05491117
2024,5,20,0.053492902
2024,5,21,0.052109586
2024,5,22,0.050833418
2024,5,23,0.049696564
2024,5,24,0.048707894
2024,5,25,0.047863382
2024,5,26,0.047152289
2024,5,27,0.046560949
2024,5,28,0.04607484
2024,5,29,0.045679802
2024,5,30,0.045362641
2024,5,31,0.04511139
2024,5,32,0.044915519
2024,5,33,0.04476572
2024,5,34,0.044654013
2024,5,35,0.044573556
2024,5,36,0.044518485
2024,5,37,0.044483868
2024,5,38,0.044483868
2024,5,39,0.044483868
2024,5,40,0.044483868
1952,all,1,3.9581689e-11
1952,all,2,0.001640407847
1952,all,3,0.0066062569
1952,all,4,0.010115892
1952,all,5,0.013187872
1952,all,6,0.013550681
1952,all,7,0.013739029
1952,all,8,0.014990851
1952,all,9,0.017084826
1952,all,10,0.019472932
1952,all,11,0.021765572
1952,all,12,0.024319901
1952,all,13,0.026926573
1952,all,14,0.029171531
1952,all,15,0.03047504
1952,all,16,0.030785823
1952,all,17,0.030089544
1952,all,18,0.028686771
1952,all,19,0.02693051
1952,all,20,0.025343663
1952,all,21,0.023999384
1952,all,22,0.02278837
1952,all,23,0.021610979
1952,all,24,0.02075856
1952,all,25,0.020113609
1952,all,26,0.019498491
1952,all,27,0.018814972
1952,all,28,0.018375495
1952,all,29,0.018064851
1952,all,30,0.017718864
1952,all,31,0.0172583
1952,all,32,0.016996497
1952,all,33,0.016827123
1952,all,34,0.016600215
1952,all,35,0.016244239
1952,all,36,0.01606214
1952,all,37,0.015954301
1952,all,38,0.015792225
1952,all,39,0.015493967
1952,all,40,0.013754413
1953,all,1,4.1546226e-11
1953,all,2,0.0019455171073
1953,all,3,0.0056396297
1953,all,4,0.00933681
1953,all,5,0.0126694964
1953,all,6,0.013055128
1953,all,7,0.012990977
1953,all,8,0.013832991
1953,all,9,0.015733626
1953,all,10,0.018128156
1953,all,11,0.020617835
1953,all,12,0.023515903
1953,all,13,0.027013959
1953,all,14,0.030038773
1953,all,15,0.031463841
1953,all,16,0.031397366
1953,all,17,0.030390835
1953,all,18,0.02842293
1953,all,19,0.02586699
1953,all,20,0.023528009
1953,all,21,0.021987467
1953,all,22,0.020580907
1953,all,23,0.019140436
1953,all,24,0.017955867
1953,all,25,0.017405253
1953,all,26,0.016809994
1953,all,27,0.016068817
1953,all,28,0.015441475
1953,all,29,0.015297815
1953,all,30,0.015027201
1953,all,31,0.014570115
1953,all,32,0.014170183
1953,all,33,0.014179732
1953,all,34,0.014040254
1953,all,35,0.013707696
1953,all,36,0.013409852
1953,all,37,0.013477586
1953,all,38,0.013405002
1953,all,39,0.013138038
1953,all,40,0.012068646
1954,all,1,2.5306226e-11
1954,all,2,0.0011109615022
1954,all,3,0.0024647596
1954,all,4,0.0045062565
1954,all,5,0.0113341393
1954,all,6,0.009734752
1954,all,7,0.0103629836
1954,all,8,0.010884053
1954,all,9,0.012365655
1954,all,10,0.013906515
1954,all,11,0.015064383
1954,all,12,0.016238341
1954,all,13,0.017401541
1954,all,14,0.018283035
1954,all,15,0.018483336
1954,all,16,0.018320304
1954,all,17,0.017748522
1954,all,18,0.016860233
1954,all,19,0.015745876
1954,all,20,0.014863063
1954,all,21,0.01419835
1954,all,22,0.013587517
1954,all,23,0.012907922
1954,all,24,0.012440976
1954,all,25,0.012156192
1954,all,26,0.011854382
1954,all,27,0.011436875
1954,all,28,0.011169368
1954,all,29,0.011046389
1954,all,30,0.010876586
1954,all,31,0.010579044
1954,all,32,0.010401508
1954,all,33,0.010347165
1954,all,34,0.010235982
1954,all,35,0.009996809
1954,all,36,0.009861485
1954,all,37,0.009835565
1954,all,38,0.009755158
1954,all,39,0.00954996
1954,all,40,0.008744056
1955,all,1,2.9766899e-11
1955,all,2,0.0019824394282
1955,all,3,0.00279345066
1955,all,4,0.0059442921
1955,all,5,0.0161321049
1955,all,6,0.010244747
1955,all,7,0.0105674667
1955,all,8,0.01359072
1955,all,9,0.016464526
1955,all,10,0.018260413
1955,all,11,0.024111884
1955,all,12,0.024890142
1955,all,13,0.027647029
1955,all,14,0.029750947
1955,all,15,0.030627011
1955,all,16,0.030736418
1955,all,17,0.030091505
1955,all,18,0.028576101
1955,all,19,0.026623241
1955,all,20,0.025008369
1955,all,21,0.02384486
1955,all,22,0.022664026
1955,all,23,0.021402101
1955,all,24,0.020506407
1955,all,25,0.019998538
1955,all,26,0.019402503
1955,all,27,0.018639089
1955,all,28,0.01812987
1955,all,29,0.017916938
1955,all,30,0.017573747
1955,all,31,0.017035085
1955,all,32,0.016699818
1955,all,33,0.016616237
1955,all,34,0.016395234
1955,all,35,0.015976417
1955,all,36,0.015731964
1955,all,37,0.015708983
1955,all,38,0.015556889
1955,all,39,0.015206821
1955,all,40,0.01381031
1956,all,1,3.7996336e-11
1956,all,2,0.002025401881
1956,all,3,0.0053280752
1956,all,4,0.0079745805
1956,all,5,0.006997044
1956,all,6,0.0169376752
1956,all,7,0.012297399
1956,all,8,0.018813411
1956,all,9,0.019087731
1956,all,10,0.017912259
1956,all,11,0.023822717
1956,all,12,0.027456907
1956,all,13,0.028600251
1956,all,14,0.029631505
1956,all,15,0.034209539
1956,all,16,0.032424459
1956,all,17,0.031627999
1956,all,18,0.029999452
1956,all,19,0.027888278
1956,all,20,0.026323042
1956,all,21,0.025161156
1956,all,22,0.023932357
1956,all,23,0.022601569
1956,all,24,0.021747651
1956,all,25,0.021296061
1956,all,26,0.020683817
1956,all,27,0.019882865
1956,all,28,0.019408542
1956,all,29,0.019252658
1956,all,30,0.018891845
1956,all,31,0.018318971
1956,all,32,0.018004288
1956,all,33,0.017961878
1956,all,34,0.017707559
1956,all,35,0.017242947
1956,all,36,0.017004213
1956,all,37,0.017012857
1956,all,38,0.016827714
1956,all,39,0.016438193
1956,all,40,0.0149676
1957,all,1,6.9234449e-11
1957,all,2,0.004914817372
1957,all,3,0.0061337379
1957,all,4,0.0211049998
1957,all,5,0.0200115645
1957,all,6,0.01859807
1957,all,7,0.016563983
1957,all,8,0.01592539
1957,all,9,0.020480981
1957,all,10,0.025580541
1957,all,11,0.026561174
1957,all,12,0.039935424
1957,all,13,0.043127049
1957,all,14,0.044761434
1957,all,15,0.050026385
1957,all,16,0.049742644
1957,all,17,0.046358391
1957,all,18,0.041348738
1957,all,19,0.040754909
1957,all,20,0.036249402
1957,all,21,0.033726459
1957,all,22,0.031443482
1957,all,23,0.029256242
1957,all,24,0.027765601
1957,all,25,0.026779825
1957,all,26,0.025771199
1957,all,27,0.024639672
1957,all,28,0.023931469
1957,all,29,0.023589804
1957,all,30,0.023089041
1957,all,31,0.022375472
1957,all,32,0.021974575
1957,all,33,0.021860673
1957,all,34,0.021552129
1957,all,35,0.021014048
1957,all,36,0.020741698
1957,all,37,0.020715837
1957,all,38,0.020506023
1957,all,39,0.020063497
1957,all,40,0.018331515
1958,all,1,8.285741e-11
1958,all,2,0.006620385812
1958,all,3,0.0065882133
1958,all,4,0.0226912068
1958,all,5,0.0332552644
1958,all,6,0.026415889
1958,all,7,0.023594917
1958,all,8,0.027603679
1958,all,9,0.026060551
1958,all,10,0.033905068
1958,all,11,0.034640522
1958,all,12,0.038695353
1958,all,13,0.05151469
1958,all,14,0.058383527
1958,all,15,0.05987004
1958,all,16,0.07204905
1958,all,17,0.06408285
1958,all,18,0.05883517
1958,all,19,0.060302945
1958,all,20,0.055283332
1958,all,21,0.04911095
1958,all,22,0.046465798
1958,all,23,0.049985826
1958,all,24,0.044403506
1958,all,25,0.042944913
1958,all,26,0.041378766
1958,all,27,0.039581972
1958,all,28,0.038520707
1958,all,29,0.037885364
1958,all,30,0.037050456
1958,all,31,0.035930211
1958,all,32,0.035315988
1958,all,33,0.035074414
1958,all,34,0.034582673
1958,all,35,0.033769028
1958,all,36,0.033353062
1958,all,37,0.033250416
1958,all,38,0.032918404
1958,all,39,0.032259542
1958,all,40,0.029247361
1959,all,1,4.8018765e-11
1959,all,2,0.00038372135
1959,all,3,0.00206162267
1959,all,4,0.0090236199
1959,all,5,0.0072467385
1959,all,6,0.0152914913
1959,all,7,0.017616156
1959,all,8,0.028764381
1959,all,9,0.029767023
1959,all,10,0.036551278
1959,all,11,0.046839767
1959,all,12,0.045994312
1959,all,13,0.049259384
1959,all,14,0.059397967
1959,all,15,0.058781815
1959,all,16,0.057060097
1959,all,17,0.061112558
1959,all,18,0.053620395
1959,all,19,0.047184379
1959,all,20,0.058617943
1959,all,21,0.045482291
1959,all,22,0.040897309
1959,all,23,0.044821335
1959,all,24,0.044665308
1959,all,25,0.039542417
1959,all,26,0.039132926
1959,all,27,0.043755016
1959,all,28,0.038990165
1959,all,29,0.038492675
1959,all,30,0.037607782
1959,all,31,0.036351022
1959,all,32,0.035580886
1959,all,33,0.035345812
1959,all,34,0.034780998
1959,all,35,0.033870247
1959,all,36,0.033313253
1959,all,37,0.033254666
1959,all,38,0.032884721
1959,all,39,0.032151837
1959,all,40,0.028509116
1960,all,1,6.5321909e-11
1960,all,2,0.001173192983
1960,all,3,0.0017260664
1960,all,4,0.0033951589
1960,all,5,0.0055738246
1960,all,6,0.008956607
1960,all,7,0.022414626
1960,all,8,0.023045667
1960,all,9,0.038262149
1960,all,10,0.04159563
1960,all,11,0.047300641
1960,all,12,0.059937028
1960,all,13,0.05712261
1960,all,14,0.060436829
1960,all,15,0.07114432
1960,all,16,0.06603754
1960,all,17,0.059711806
1960,all,18,0.05876162
1960,all,19,0.050261899
1960,all,20,0.041457221
1960,all,21,0.048402282
1960,all,22,0.041609075
1960,all,23,0.036222797
1960,all,24,0.05115657
1960,all,25,0.039448612
1960,all,26,0.033406424
1960,all,27,0.036906527
1960,all,28,0.042743568
1960,all,29,0.038524211
1960,all,30,0.036897443
1960,all,31,0.039953019
1960,all,32,0.036657539
1960,all,33,0.036573572
1960,all,34,0.036175793
1960,all,35,0.035205361
1960,all,36,0.034352764
1960,all,37,0.034328637
1960,all,38,0.034108458
1960,all,39,0.033390945
1960,all,40,0.029579976
1961,all,1,7.225939e-11
1961,all,2,0.001335156692
1961,all,3,0.0035085418
1961,all,4,0.0063512836
1961,all,5,0.0107950032
1961,all,6,0.010777022
1961,all,7,0.013851555
1961,all,8,0.016820785
1961,all,9,0.019610936
1961,all,10,0.026561523
1961,all,11,0.044487527
1961,all,12,0.046103515
1961,all,13,0.058754834
1961,all,14,0.06986302
1961,all,15,0.07499636
1961,all,16,0.08164366
1961,all,17,0.07440899
1961,all,18,0.06982804
1961,all,19,0.06880267
1961,all,20,0.05943962
1961,all,21,0.05100661
1961,all,22,0.04890564
1961,all,23,0.042569748
1961,all,24,0.037245117
1961,all,25,0.040598637
1961,all,26,0.037120081
1961,all,27,0.033530373
1961,all,28,0.042095115
1961,all,29,0.035644888
1961,all,30,0.031980195
1961,all,31,0.034297253
1961,all,32,0.036779455
1961,all,33,0.034594443
1961,all,34,0.033464301
1961,all,35,0.035646617
1961,all,36,0.033676474
1961,all,37,0.033637759
1961,all,38,0.033507979
1961,all,39,0.032985015
1961,all,40,0.030479277
1962,all,1,8.398211e-11
1962,all,2,0.0010608398364
1962,all,3,0.0023275634
1962,all,4,0.0033448521
1962,all,5,0.0051488457
1962,all,6,0.010241711
1962,all,7,0.014944102
1962,all,8,0.020511457
1962,all,9,0.022370366
1962,all,10,0.02519641
1962,all,11,0.034010243
1962,all,12,0.038347911
1962,all,13,0.047198653
1962,all,14,0.05818396
1962,all,15,0.07378086
1962,all,16,0.07122264
1962,all,17,0.06687077
1962,all,18,0.06894509
1962,all,19,0.05963399
1962,all,20,0.06216549
1962,all,21,0.0510351
1962,all,22,0.046135024
1962,all,23,0.046394218
1962,all,24,0.040722813
1962,all,25,0.034452429
1962,all,26,0.034500812
1962,all,27,0.029885546
1962,all,28,0.026514893
1962,all,29,0.030531051
1962,all,30,0.029459017
1962,all,31,0.026392499
1962,all,32,0.035201101
1962,all,33,0.030858004
1962,all,34,0.026905211
1962,all,35,0.02929961
1962,all,36,0.031894456
1962,all,37,0.031096506
1962,all,38,0.029750509
1962,all,39,0.031969012
1962,all,40,0.027749378
1963,all,1,1.0727023e-10
1963,all,2,0.002674846098
1963,all,3,0.0045839157
1963,all,4,0.0060441692
1963,all,5,0.01141849
1963,all,6,0.01563719
1963,all,7,0.018298366
1963,all,8,0.022273282
1963,all,9,0.030243914
1963,all,10,0.041166918
1963,all,11,0.044567374
1963,all,12,0.060892113
1963,all,13,0.06455278
1963,all,14,0.07153652
1963,all,15,0.08243131
1963,all,16,0.08540294
1963,all,17,0.08074802
1963,all,18,0.07944469
1963,all,19,0.08967172
1963,all,20,0.07052141
1963,all,21,0.06892803
1963,all,22,0.06432978
1963,all,23,0.059223257
1963,all,24,0.061576499
1963,all,25,0.051475735
1963,all,26,0.046952992
1963,all,27,0.049858759
1963,all,28,0.043229353
1963,all,29,0.03805026
1963,all,30,0.038524707
1963,all,31,0.034834537
1963,all,32,0.030895713
1963,all,33,0.037291612
1963,all,34,0.035372051
1963,all,35,0.032766445
1963,all,36,0.043230146
1963,all,37,0.037459261
1963,all,38,0.033520174
1963,all,39,0.03603545
1963,all,40,0.03648828
1964,all,1,7.1894718e-11
1964,all,2,0.000945473749
1964,all,3,0.003939108
1964,all,4,0.0074430835
1964,all,5,0.010579363
1964,all,6,0.013131363
1964,all,7,0.014442572
1964,all,8,0.018528543
1964,all,9,0.024871375
1964,all,10,0.023865121
1964,all,11,0.031503029
1964,all,12,0.039358269
1964,all,13,0.047188626
1964,all,14,0.06126716
1964,all,15,0.062947439
1964,all,16,0.07162942
1964,all,17,0.06821287
1964,all,18,0.06007002
1964,all,19,0.05768303
1964,all,20,0.049391202
1964,all,21,0.043051847
1964,all,22,0.042584884
1964,all,23,0.04901864
1964,all,24,0.042327517
1964,all,25,0.041249517
1964,all,26,0.042801766
1964,all,27,0.036941876
1964,all,28,0.040815681
1964,all,29,0.034739504
1964,all,30,0.033024684
1964,all,31,0.034060043
1964,all,32,0.031119057
1964,all,33,0.027358139
1964,all,34,0.02857187
1964,all,35,0.025989635
1964,all,36,0.02394176
1964,all,37,0.027130788
1964,all,38,0.027064881
1964,all,39,0.025027782
1964,all,40,0.02942182
1965,all,1,5.591485e-11
1965,all,2,0.001609327968
1965,all,3,0.0033379394
1965,all,4,0.0050178058
1965,all,5,0.0116246301
1965,all,6,0.011902604
1965,all,7,0.016593126
1965,all,8,0.018188197
1965,all,9,0.026349295
1965,all,10,0.028108504
1965,all,11,0.03215713
1965,all,12,0.044300048
1965,all,13,0.05252869
1965,all,14,0.05634399
1965,all,15,0.06702039
1965,all,16,0.07240563
1965,all,17,0.06727796
1965,all,18,0.06287426
1965,all,19,0.05399292
1965,all,20,0.05309136
1965,all,21,0.0463866
1965,all,22,0.042133324
1965,all,23,0.040301043
1965,all,24,0.033616864
1965,all,25,0.030826245
1965,all,26,0.030313528
1965,all,27,0.03338137
1965,all,28,0.027502085
1965,all,29,0.030895152
1965,all,30,0.032193574
1965,all,31,0.028530027
1965,all,32,0.030894848
1965,all,33,0.026731847
1965,all,34,0.027351886
1965,all,35,0.028263011
1965,all,36,0.025563735
1965,all,37,0.024036664
1965,all,38,0.025227799
1965,all,39,0.023309041
1965,all,40,0.02442268
1966,all,1,6.438127e-11
1966,all,2,0.001089454958
1966,all,3,0.0016252052
1966,all,4,0.0038852134
1966,all,5,0.0082688182
1966,all,6,0.013124549
1966,all,7,0.015526405
1966,all,8,0.022582981
1966,all,9,0.022420637
1966,all,10,0.032618338
1966,all,11,0.04097611
1966,all,12,0.042696958
1966,all,13,0.05856137
1966,all,14,0.06205495
1966,all,15,0.06882845
1966,all,16,0.07523376
1966,all,17,0.07236579
1966,all,18,0.06164514
1966,all,19,0.06141712
1966,all,20,0.05592795
1966,all,21,0.05003659
1966,all,22,0.047188792
1966,all,23,0.040680681
1966,all,24,0.043431145
1966,all,25,0.037306004
1966,all,26,0.034710581
1966,all,27,0.034398081
1966,all,28,0.029228326
1966,all,29,0.027757379
1966,all,30,0.02846193
1966,all,31,0.033072382
1966,all,32,0.027859179
1966,all,33,0.031933732
1966,all,34,0.033357949
1966,all,35,0.029832576
1966,all,36,0.032448156
1966,all,37,0.028460834
1966,all,38,0.029172707
1966,all,39,0.030088321
1966,all,40,0.026232593
1967,all,1,4.861585952e-08
1967,all,2,0.00344339857
1967,all,3,0.006019686
1967,all,4,0.0094675151
1967,all,5,0.0166339972
1967,all,6,0.015754306
1967,all,7,0.017471075
1967,all,8,0.022203026
1967,all,9,0.029158328
1967,all,10,0.033347285
1967,all,11,0.038702991
1967,all,12,0.05605624
1967,all,13,0.0530724
1967,all,14,0.06721504
1967,all,15,0.07763729
1967,all,16,0.06936561
1967,all,17,0.07786351
1967,all,18,0.06921679
1967,all,19,0.06144406
1967,all,20,0.06147119
1967,all,21,0.0583205
1967,all,22,0.043742282
1967,all,23,0.045659982
1967,all,24,0.041391202
1967,all,25,0.039207027
1967,all,26,0.040620049
1967,all,27,0.034992711
1967,all,28,0.040585021
1967,all,29,0.033628638
1967,all,30,0.030779493
1967,all,31,0.031609815
1967,all,32,0.026428379
1967,all,33,0.025464096
1967,all,34,0.027174752
1967,all,35,0.035180126
1967,all,36,0.0291203
1967,all,37,0.033452084
1967,all,38,0.035066518
1967,all,39,0.031060025
1967,all,40,0.02733837
1968,all,1,8.5614748317e-07
1968,all,2,0.00109251151
1968,all,3,0.0060501616
1968,all,4,0.0162603924
1968,all,5,0.016170126
1968,all,6,0.019223559
1968,all,7,0.019317914
1968,all,8,0.021856113
1968,all,9,0.021331223
1968,all,10,0.024596734
1968,all,11,0.032752783
1968,all,12,0.039375578
1968,all,13,0.047980943
1968,all,14,0.0558006
1968,all,15,0.06297524
1968,all,16,0.07059475
1968,all,17,0.06223456
1968,all,18,0.062642636
1968,all,19,0.0580243
1968,all,20,0.047083252
1968,all,21,0.050787851
1968,all,22,0.043050552
1968,all,23,0.038152387
1968,all,24,0.040485054
1968,all,25,0.037553797
1968,all,26,0.028801018
1968,all,27,0.032230937
1968,all,28,0.029823642
1968,all,29,0.028903096
1968,all,30,0.029411854
1968,all,31,0.025929417
1968,all,32,0.030015591
1968,all,33,0.025915774
1968,all,34,0.025006771
1968,all,35,0.025969534
1968,all,36,0.022881952
1968,all,37,0.022679801
1968,all,38,0.023904952
1968,all,39,0.028314394
1968,all,40,0.024976604
1969,all,1,3.4624578746e-07
1969,all,2,0.0022669279
1969,all,3,0.0080358373
1969,all,4,0.017674555
1969,all,5,0.020212511
1969,all,6,0.019819078
1969,all,7,0.026325171
1969,all,8,0.025889693
1969,all,9,0.037345109
1969,all,10,0.037990873
1969,all,11,0.038693713
1969,all,12,0.056643453
1969,all,13,0.05991932
1969,all,14,0.07242006
1969,all,15,0.08358902
1969,all,16,0.08297505
1969,all,17,0.07726206
1969,all,18,0.07232456
1969,all,19,0.0688771
1969,all,20,0.06832687
1969,all,21,0.05196624
1969,all,22,0.055709054
1969,all,23,0.053122738
1969,all,24,0.042247755
1969,all,25,0.050848836
1969,all,26,0.042391373
1969,all,27,0.039468538
1969,all,28,0.042952838
1969,all,29,0.039264058
1969,all,30,0.030841668
1969,all,31,0.036086336
1969,all,32,0.033627352
1969,all,33,0.03255241
1969,all,34,0.033153186
1969,all,35,0.029736469
1969,all,36,0.03535125
1969,all,37,0.030849551
1969,all,38,0.030350407
1969,all,39,0.031595916
1969,all,40,0.030604374
1970,all,1,0.035502437
1970,all,2,0.029422264
1970,all,3,0.030578814
1970,all,4,0.030160942
1970,all,5,0.030038792
1970,all,6,0.021749728
1970,all,7,0.027558876
1970,all,8,0.022904451
1970,all,9,0.029437492
1970,all,10,0.034840747
1970,all,11,0.041392593
1970,all,12,0.040015188
1970,all,13,0.062193851
1970,all,14,0.06593919
1970,all,15,0.05854013
1970,all,16,0.07329956
1970,all,17,0.06237974
1970,all,18,0.05805156
1970,all,19,0.05781155
1970,all,20,0.05162385
1970,all,21,0.049429828
1970,all,22,0.044821631
1970,all,23,0.042466539
1970,all,24,0.050232965
1970,all,25,0.03577634
1970,all,26,0.042426798
1970,all,27,0.04648674
1970,all,28,0.034953309
1970,all,29,0.046300478
1970,all,30,0.038895689
1970,all,31,0.034613098
1970,all,32,0.038022206
1970,all,33,0.036800422
1970,all,34,0.028117208
1970,all,35,0.03242942
1970,all,36,0.030684816
1970,all,37,0.02951023
1970,all,38,0.031794354
1970,all,39,0.028189581
1970,all,40,0.030067129
1971,all,1,0.0098522708
1971,all,2,0.061575338
1971,all,3,0.051852656
1971,all,4,0.039663884
1971,all,5,0.041583653
1971,all,6,0.020010109
1971,all,7,0.025193634
1971,all,8,0.02143932
1971,all,9,0.027677765
1971,all,10,0.035084194
1971,all,11,0.034306899
1971,all,12,0.038611745
1971,all,13,0.0604286
1971,all,14,0.06795443
1971,all,15,0.06778885
1971,all,16,0.06281922
1971,all,17,0.07749162
1971,all,18,0.07113562
1971,all,19,0.05793355
1971,all,20,0.06521002
1971,all,21,0.05133241
1971,all,22,0.04705801
1971,all,23,0.04752873
1971,all,24,0.041862699
1971,all,25,0.041109191
1971,all,26,0.037815957
1971,all,27,0.037517627
1971,all,28,0.044631368
1971,all,29,0.031735076
1971,all,30,0.039253909
1971,all,31,0.041953042
1971,all,32,0.032685295
1971,all,33,0.043065437
1971,all,34,0.036378691
1971,all,35,0.033598434
1971,all,36,0.037151769
1971,all,37,0.035327944
1971,all,38,0.028059348
1971,all,39,0.032661001
1971,all,40,0.030776314
1972,all,1,0.0315461769
1972,all,2,0.049681293
1972,all,3,0.074600361
1972,all,4,0.052176249
1972,all,5,0.024397895
1972,all,6,0.028186057
1972,all,7,0.026442842
1972,all,8,0.026643077
1972,all,9,0.028156643
1972,all,10,0.03792622
1972,all,11,0.05076141
1972,all,12,0.05723442
1972,all,13,0.08530156
1972,all,14,0.09759196
1972,all,15,0.09684046
1972,all,16,0.09481905
1972,all,17,0.11087303
1972,all,18,0.09877123
1972,all,19,0.08447609
1972,all,20,0.07138792
1972,all,21,0.08161245
1972,all,22,0.07275627
1972,all,23,0.05911568
1972,all,24,0.06759853
1972,all,25,0.05399423
1972,all,26,0.05093662
1972,all,27,0.05187073
1972,all,28,0.04615293
1972,all,29,0.045709554
1972,all,30,0.04492455
1972,all,31,0.04498037
1972,all,32,0.050959154
1972,all,33,0.039461671
1972,all,34,0.04608938
1972,all,35,0.050629565
1972,all,36,0.040599296
1972,all,37,0.052125126
1972,all,38,0.045227721
1972,all,39,0.043252205
1972,all,40,0.040310417
1973,all,1,0.016533516
1973,all,2,0.029590725
1973,all,3,0.030721086
1973,all,4,0.025952039
1973,all,5,0.040853642
1973,all,6,0.028350297
1973,all,7,0.033807124
1973,all,8,0.028455999
1973,all,9,0.030808912
1973,all,10,0.033315374
1973,all,11,0.036147755
1973,all,12,0.051808598
1973,all,13,0.0619087
1973,all,14,0.07523247
1973,all,15,0.08197664
1973,all,16,0.07410743
1973,all,17,0.07941372
1973,all,18,0.08329017
1973,all,19,0.06980698
1973,all,20,0.055828989
1973,all,21,0.06223336
1973,all,22,0.06325336
1973,all,23,0.059613838
1973,all,24,0.044737922
1973,all,25,0.058917615
1973,all,26,0.052657105
1973,all,27,0.041562997
1973,all,28,0.05070565
1973,all,29,0.040514758
1973,all,30,0.037756517
1973,all,31,0.040819606
1973,all,32,0.039613886
1973,all,33,0.041959347
1973,all,34,0.038116447
1973,all,35,0.037348633
1973,all,36,0.047038296
1973,all,37,0.035143678
1973,all,38,0.043212387
1973,all,39,0.045650927
1973,all,40,0.037555472
1974,all,1,0.039433411
1974,all,2,0.06261605
1974,all,3,0.07786188
1974,all,4,0.03495631
1974,all,5,0.034803417
1974,all,6,0.024926942
1974,all,7,0.029032546
1974,all,8,0.030187385
1974,all,9,0.043409676
1974,all,10,0.046153264
1974,all,11,0.0615823
1974,all,12,0.06134991
1974,all,13,0.08059339
1974,all,14,0.09296793
1974,all,15,0.09265676
1974,all,16,0.10183978
1974,all,17,0.09821945
1974,all,18,0.09120623
1974,all,19,0.08743643
1974,all,20,0.07145816
1974,all,21,0.07056724
1974,all,22,0.06932639
1974,all,23,0.06061506
1974,all,24,0.052296752
1974,all,25,0.05767754
1974,all,26,0.055845065
1974,all,27,0.055666797
1974,all,28,0.048408741
1974,all,29,0.05957612
1974,all,30,0.054552219
1974,all,31,0.04523523
1974,all,32,0.052504937
1974,all,33,0.043904583
1974,all,34,0.041344786
1974,all,35,0.043207212
1974,all,36,0.041320797
1974,all,37,0.043743399
1974,all,38,0.043202728
1974,all,39,0.04236252
1974,all,40,0.042736233
1975,all,1,0.007280525
1975,all,2,0.067092275
1975,all,3,0.078211351
1975,all,4,0.055984974
1975,all,5,0.044850421
1975,all,6,0.037356027
1975,all,7,0.038950592
1975,all,8,0.046940661
1975,all,9,0.0393046
1975,all,10,0.056852475
1975,all,11,0.06983433
1975,all,12,0.07667896
1975,all,13,0.10243533
1975,all,14,0.11757312
1975,all,15,0.13946926
1975,all,16,0.13194526
1975,all,17,0.13907908
1975,all,18,0.12780756
1975,all,19,0.12445623
1975,all,20,0.10658624
1975,all,21,0.08902928
1975,all,22,0.09129975
1975,all,23,0.0856256
1975,all,24,0.07523058
1975,all,25,0.07903375
1975,all,26,0.0769004
1975,all,27,0.06707699
1975,all,28,0.06284652
1975,all,29,0.0703642
1975,all,30,0.067108762
1975,all,31,0.06504246
1975,all,32,0.05995407
1975,all,33,0.075606032
1975,all,34,0.06714433
1975,all,35,0.05768126
1975,all,36,0.06809482
1975,all,37,0.05725698
1975,all,38,0.055178766
1975,all,39,0.05822347
1975,all,40,0.05694665
1976,all,1,0.027242721
1976,all,2,0.034184187
1976,all,3,0.067440755
1976,all,4,0.069854348
1976,all,5,0.048365475
1976,all,6,0.037173607
1976,all,7,0.047527096
1976,all,8,0.039912888
1976,all,9,0.065302508
1976,all,10,0.05856101
1976,all,11,0.07168247
1976,all,12,0.11106899
1976,all,13,0.09887034
1976,all,14,0.12835965
1976,all,15,0.13930755
1976,all,16,0.13885093
1976,all,17,0.13968554
1976,all,18,0.13240556
1976,all,19,0.1287981
1976,all,20,0.10318092
1976,all,21,0.10984714
1976,all,22,0.09013031
1976,all,23,0.07661335
1976,all,24,0.07645044
1976,all,25,0.06599708
1976,all,26,0.07874134
1976,all,27,0.07803533
1976,all,28,0.06499839
1976,all,29,0.07114135
1976,all,30,0.07617502
1976,all,31,0.06594228
1976,all,32,0.05858127
1976,all,33,0.06848767
1976,all,34,0.06963474
1976,all,35,0.0700036
1976,all,36,0.0606378
1976,all,37,0.07882428
1976,all,38,0.07101979
1976,all,39,0.0597712
1976,all,40,0.06186577
1977,all,1,0.019239467
1977,all,2,0.092228683
1977,all,3,0.12140784
1977,all,4,0.08760704
1977,all,5,0.07248293
1977,all,6,0.041392966
1977,all,7,0.046756244
1977,all,8,0.052391402
1977,all,9,0.05363123
1977,all,10,0.06868288
1977,all,11,0.08951173
1977,all,12,0.0875493
1977,all,13,0.12863335
1977,all,14,0.13757164
1977,all,15,0.14432406
1977,all,16,0.16842411
1977,all,17,0.14828315
1977,all,18,0.14079327
1977,all,19,0.13643846
1977,all,20,0.11239604
1977,all,21,0.11083993
1977,all,22,0.09730255
1977,all,23,0.09928359
1977,all,24,0.07766647
1977,all,25,0.08870332
1977,all,26,0.07117013
1977,all,27,0.06371136
1977,all,28,0.06601901
1977,all,29,0.05849717
1977,all,30,0.06823558
1977,all,31,0.06872024
1977,all,32,0.05961002
1977,all,33,0.06742125
1977,all,34,0.06917975
1977,all,35,0.06105272
1977,all,36,0.05617672
1977,all,37,0.06631314
1977,all,38,0.06558556
1977,all,39,0.06497619
1977,all,40,0.06130289
1978,all,1,0.027113374
1978,all,2,0.046795486
1978,all,3,0.085628609
1978,all,4,0.093038569
1978,all,5,0.066495836
1978,all,6,0.04877582
1978,all,7,0.054029159
1978,all,8,0.045425243
1978,all,9,0.050386079
1978,all,10,0.04686926
1978,all,11,0.06434934
1978,all,12,0.08471498
1978,all,13,0.08944408
1978,all,14,0.10346512
1978,all,15,0.12145834
1978,all,16,0.1138861
1978,all,17,0.13072902
1978,all,18,0.11031915
1978,all,19,0.09670822
1978,all,20,0.10886181
1978,all,21,0.08023365
1978,all,22,0.08361878
1978,all,23,0.07830494
1978,all,24,0.07059135
1978,all,25,0.06757852
1978,all,26,0.06825593
1978,all,27,0.07102355
1978,all,28,0.05262751
1978,all,29,0.059125241
1978,all,30,0.048597861
1978,all,31,0.045546253
1978,all,32,0.04907306
1978,all,33,0.043594666
1978,all,34,0.054550482
1978,all,35,0.055187375
1978,all,36,0.04642701
1978,all,37,0.049322134
1978,all,38,0.055787148
1978,all,39,0.050642819
1978,all,40,0.049163796
1979,all,1,0.025432455
1979,all,2,0.10486872
1979,all,3,0.14450117
1979,all,4,0.11082157
1979,all,5,0.08228574
1979,all,6,0.050930436
1979,all,7,0.0593521
1979,all,8,0.05828141
1979,all,9,0.05987633
1979,all,10,0.07724893
1979,all,11,0.08463567
1979,all,12,0.09862505
1979,all,13,0.12083618
1979,all,14,0.13369575
1979,all,15,0.15827456
1979,all,16,0.16739081
1979,all,17,0.15002439
1979,all,18,0.14404067
1979,all,19,0.14143508
1979,all,20,0.11578753
1979,all,21,0.12453316
1979,all,22,0.09948649
1979,all,23,0.09039556
1979,all,24,0.1055484
1979,all,25,0.07860713
1979,all,26,0.08500894
1979,all,27,0.08120266
1979,all,28,0.07545478
1979,all,29,0.07370328
1979,all,30,0.07405873
1979,all,31,0.07520483
1979,all,32,0.06023551
1979,all,33,0.06935242
1979,all,34,0.06159274
1979,all,35,0.05850665
1979,all,36,0.06028496
1979,all,37,0.05595118
1979,all,38,0.06621848
1979,all,39,0.06593115
1979,all,40,0.06187064
1980,all,1,0.017089011
1980,all,2,0.051076561
1980,all,3,0.15757094
1980,all,4,0.10251786
1980,all,5,0.06324503
1980,all,6,0.06054237
1980,all,7,0.05959946
1980,all,8,0.05952072
1980,all,9,0.06113479
1980,all,10,0.07393749
1980,all,11,0.0987416
1980,all,12,0.11496378
1980,all,13,0.12424318
1980,all,14,0.14821431
1980,all,15,0.16075162
1980,all,16,0.15958442
1980,all,17,0.16406571
1980,all,18,0.14461064
1980,all,19,0.13828917
1980,all,20,0.12833612
1980,all,21,0.10842769
1980,all,22,0.10209674
1980,all,23,0.10048182
1980,all,24,0.07834097
1980,all,25,0.09673259
1980,all,26,0.0778636
1980,all,27,0.072186
1980,all,28,0.08876661
1980,all,29,0.06659098
1980,all,30,0.07388436
1980,all,31,0.07230921
1980,all,32,0.06795962
1980,all,33,0.06654464
1980,all,34,0.06801446
1980,all,35,0.06905241
1980,all,36,0.0583324
1980,all,37,0.06519681
1980,all,38,0.05856907
1980,all,39,0.05612292
1980,all,40,0.05984417
1981,all,1,0.040210266
1981,all,2,0.08902186
1981,all,3,0.22514904
1981,all,4,0.17731468
1981,all,5,0.12042558
1981,all,6,0.088043545
1981,all,7,0.08468829
1981,all,8,0.07126243
1981,all,9,0.07064616
1981,all,10,0.07120784
1981,all,11,0.09112037
1981,all,12,0.10853069
1981,all,13,0.10787794
1981,all,14,0.11986352
1981,all,15,0.13681495
1981,all,16,0.13766745
1981,all,17,0.12708323
1981,all,18,0.13268355
1981,all,19,0.11583627
1981,all,20,0.1011457
1981,all,21,0.0972875
1981,all,22,0.07839077
1981,all,23,0.0825876
1981,all,24,0.08404306
1981,all,25,0.07025456
1981,all,26,0.07372409
1981,all,27,0.07758184
1981,all,28,0.05640801
1981,all,29,0.07969025
1981,all,30,0.06512537
1981,all,31,0.05900767
1981,all,32,0.07846294
1981,all,33,0.05726663
1981,all,34,0.06326698
1981,all,35,0.06575307
1981,all,36,0.0584674
1981,all,37,0.0632681
1981,all,38,0.06019653
1981,all,39,0.06579471
1981,all,40,0.05384684
1982,all,1,0.0157266
1982,all,2,0.08008455
1982,all,3,0.29718265
1982,all,4,0.22508601
1982,all,5,0.12239463
1982,all,6,0.09614014
1982,all,7,0.10400784
1982,all,8,0.0841555
1982,all,9,0.08012478
1982,all,10,0.08184626
1982,all,11,0.09056086
1982,all,12,0.11018865
1982,all,13,0.13323046
1982,all,14,0.14455831
1982,all,15,0.15939979
1982,all,16,0.16603724
1982,all,17,0.15731306
1982,all,18,0.15126843
1982,all,19,0.14759216
1982,all,20,0.13104469
1982,all,21,0.11512865
1982,all,22,0.11381298
1982,all,23,0.09705169
1982,all,24,0.09148181
1982,all,25,0.08522473
1982,all,26,0.07486857
1982,all,27,0.07924156
1982,all,28,0.08346917
1982,all,29,0.06931253
1982,all,30,0.07573516
1982,all,31,0.07419669
1982,all,32,0.06232211
1982,all,33,0.08146196
1982,all,34,0.06657847
1982,all,35,0.06519804
1982,all,36,0.0796865
1982,all,37,0.06207023
1982,all,38,0.07046516
1982,all,39,0.06822131
1982,all,40,0.06176379
1983,all,1,0.089762669
1983,all,2,0.160971101
1983,all,3,0.31654692
1983,all,4,0.25356011
1983,all,5,0.14020253
1983,all,6,0.12778705
1983,all,7,0.11845073
1983,all,8,0.08916895
1983,all,9,0.07364303
1983,all,10,0.07876885
1983,all,11,0.08163925
1983,all,12,0.0976682
1983,all,13,0.11516799
1983,all,14,0.12692974
1983,all,15,0.13174558
1983,all,16,0.13891791
1983,all,17,0.14217112
1983,all,18,0.12496524
1983,all,19,0.1169058
1983,all,20,0.11025712
1983,all,21,0.09668633
1983,all,22,0.09396319
1983,all,23,0.09325615
1983,all,24,0.08465392
1983,all,25,0.0778044
1983,all,26,0.08162371
1983,all,27,0.07134132
1983,all,28,0.06890417
1983,all,29,0.06710075
1983,all,30,0.05900827
1983,all,31,0.06413971
1983,all,32,0.06741135
1983,all,33,0.05849074
1983,all,34,0.06285696
1983,all,35,0.06444653
1983,all,36,0.05455869
1983,all,37,0.07022369
1983,all,38,0.05873426
1983,all,39,0.0572151
1983,all,40,0.05623996
1984,all,1,0.034050664
1984,all,2,0.12921654
1984,all,3,0.53166556
1984,all,4,0.4018644
1984,all,5,0.25625069
1984,all,6,0.12488364
1984,all,7,0.12243354
1984,all,8,0.09557958
1984,all,9,0.0850753
1984,all,10,0.08148694
1984,all,11,0.09366381
1984,all,12,0.10105711
1984,all,13,0.11018891
1984,all,14,0.13097675
1984,all,15,0.13520132
1984,all,16,0.14132163
1984,all,17,0.14443137
1984,all,18,0.13613569
1984,all,19,0.11856228
1984,all,20,0.11431231
1984,all,21,0.11063497
1984,all,22,0.09385377
1984,all,23,0.09126491
1984,all,24,0.08841847
1984,all,25,0.07902145
1984,all,26,0.07999353
1984,all,27,0.08373083
1984,all,28,0.07831992
1984,all,29,0.07337016
1984,all,30,0.07870274
1984,all,31,0.06986478
1984,all,32,0.06817451
1984,all,33,0.06729274
1984,all,34,0.06106947
1984,all,35,0.06610469
1984,all,36,0.06954029
1984,all,37,0.06134478
1984,all,38,0.066536
1984,all,39,0.06783575
1984,all,40,0.06056464
1985,all,1,0.093125953
1985,all,2,0.13081887
1985,all,3,0.24926842
1985,all,4,0.2688426
1985,all,5,0.18167377
1985,all,6,0.11503477
1985,all,7,0.11977448
1985,all,8,0.09219602
1985,all,9,0.08271448
1985,all,10,0.08201723
1985,all,11,0.10171251
1985,all,12,0.10631046
1985,all,13,0.13379588
1985,all,14,0.14107111
1985,all,15,0.15462565
1985,all,16,0.15749708
1985,all,17,0.15787253
1985,all,18,0.1526758
1985,all,19,0.13143073
1985,all,20,0.12124872
1985,all,21,0.11674318
1985,all,22,0.10658017
1985,all,23,0.09357597
1985,all,24,0.0924587
1985,all,25,0.09195342
1985,all,26,0.07928214
1985,all,27,0.0798618
1985,all,28,0.08007706
1985,all,29,0.07337115
1985,all,30,0.07553927
1985,all,31,0.07807805
1985,all,32,0.07442158
1985,all,33,0.07224535
1985,all,34,0.07793549
1985,all,35,0.07122855
1985,all,36,0.06913307
1985,all,37,0.0696946
1985,all,38,0.06394777
1985,all,39,0.06856539
1985,all,40,0.0669451
1986,all,1,0.056753628
1986,all,2,0.15689654
1986,all,3,0.39164953
1986,all,4,0.27230953
1986,all,5,0.15567378
1986,all,6,0.14160273
1986,all,7,0.11450343
1986,all,8,0.10488257
1986,all,9,0.08241059
1986,all,10,0.08212
1986,all,11,0.0845981
1986,all,12,0.08897409
1986,all,13,0.09815623
1986,all,14,0.11657911
1986,all,15,0.1253306
1986,all,16,0.11306454
1986,all,17,0.12676104
1986,all,18,0.11230481
1986,all,19,0.10706057
1986,all,20,0.09294743
1986,all,21,0.08439492
1986,all,22,0.08842085
1986,all,23,0.07093688
1986,all,24,0.06857275
1986,all,25,0.07255955
1986,all,26,0.06954187
1986,all,27,0.0610147
1986,all,28,0.06232316
1986,all,29,0.06677241
1986,all,30,0.056633
1986,all,31,0.05946745
1986,all,32,0.06123733
1986,all,33,0.05457911
1986,all,34,0.05722636
1986,all,35,0.06400693
1986,all,36,0.0617783
1986,all,37,0.05840276
1986,all,38,0.06405333
1986,all,39,0.05544338
1986,all,40,0.05037186
1987,all,1,0.036305179
1987,all,2,0.17951458
1987,all,3,0.5626634
1987,all,4,0.45370866
1987,all,5,0.25288187
1987,all,6,0.16321122
1987,all,7,0.14497915
1987,all,8,0.11049086
1987,all,9,0.10084055
1987,all,10,0.09682137
1987,all,11,0.11872595
1987,all,12,0.12620832
1987,all,13,0.13183295
1987,all,14,0.16666391
1987,all,15,0.17654044
1987,all,16,0.17091104
1987,all,17,0.18143931
1987,all,18,0.17872134
1987,all,19,0.17257161
1987,all,20,0.13816089
1987,all,21,0.15079889
1987,all,22,0.12447535
1987,all,23,0.11955207
1987,all,24,0.10460009
1987,all,25,0.1001121
1987,all,26,0.10431201
1987,all,27,0.08652879
1987,all,28,0.08554218
1987,all,29,0.09073831
1987,all,30,0.08803023
1987,all,31,0.07963141
1987,all,32,0.08254147
1987,all,33,0.08675955
1987,all,34,0.07608363
1987,all,35,0.07970369
1987,all,36,0.08167199
1987,all,37,0.07513184
1987,all,38,0.07861066
1987,all,39,0.08512332
1987,all,40,0.07316464
1988,all,1,0.040514361
1988,all,2,0.12701364
1988,all,3,0.37889025
1988,all,4,0.27236171
1988,all,5,0.18553844
1988,all,6,0.14297867
1988,all,7,0.11906603
1988,all,8,0.08891258
1988,all,9,0.07359764
1988,all,10,0.08132398
1988,all,11,0.08944522
1988,all,12,0.11640557
1988,all,13,0.13112031
1988,all,14,0.12876759
1988,all,15,0.15859248
1988,all,16,0.14538492
1988,all,17,0.13226599
1988,all,18,0.14934302
1988,all,19,0.1327645
1988,all,20,0.11694466
1988,all,21,0.11123691
1988,all,22,0.12743756
1988,all,23,0.10668212
1988,all,24,0.08767969
1988,all,25,0.10224094
1988,all,26,0.08474557
1988,all,27,0.08698185
1988,all,28,0.07258612
1988,all,29,0.07352299
1988,all,30,0.08061298
1988,all,31,0.06311327
1988,all,32,0.06514644
1988,all,33,0.07269389
1988,all,34,0.0717999
1988,all,35,0.06171006
1988,all,36,0.06625903
1988,all,37,0.07180053
1988,all,38,0.06119436
1988,all,39,0.06593572
1988,all,40,0.06116183
1989,all,1,0.055435228
1989,all,2,0.12438098
1989,all,3,0.39024988
1989,all,4,0.25801848
1989,all,5,0.18748515
1989,all,6,0.15170517
1989,all,7,0.13584633
1989,all,8,0.11024297
1989,all,9,0.09906436
1989,all,10,0.0872225
1989,all,11,0.10509723
1989,all,12,0.10957017
1989,all,13,0.11213581
1989,all,14,0.13592094
1989,all,15,0.13817738
1989,all,16,0.15191274
1989,all,17,0.14986676
1989,all,18,0.1303341
1989,all,19,0.13723353
1989,all,20,0.1125107
1989,all,21,0.09344935
1989,all,22,0.10630629
1989,all,23,0.09599041
1989,all,24,0.08525025
1989,all,25,0.08066338
1989,all,26,0.09651504
1989,all,27,0.08346143
1989,all,28,0.06918399
1989,all,29,0.08239892
1989,all,30,0.06998746
1989,all,31,0.07274863
1989,all,32,0.06263681
1989,all,33,0.06274483
1989,all,34,0.06950236
1989,all,35,0.05704041
1989,all,36,0.0581862
1989,all,37,0.06431986
1989,all,38,0.0640316
1989,all,39,0.05661593
1989,all,40,0.05771799
1990,all,1,0.046356386
1990,all,2,0.18367636
1990,all,3,0.43944035
1990,all,4,0.26371832
1990,all,5,0.219516
1990,all,6,0.15644809
1990,all,7,0.16140567
1990,all,8,0.12468106
1990,all,9,0.11399937
1990,all,10,0.10490239
1990,all,11,0.12455672
1990,all,12,0.13434552
1990,all,13,0.15867855
1990,all,14,0.16239026
1990,all,15,0.18456162
1990,all,16,0.19169468
1990,all,17,0.18438453
1990,all,18,0.17390951
1990,all,19,0.15375265
1990,all,20,0.14860077
1990,all,21,0.13776944
1990,all,22,0.11994237
1990,all,23,0.12239129
1990,all,24,0.1064976
1990,all,25,0.09544301
1990,all,26,0.10298648
1990,all,27,0.09468299
1990,all,28,0.08741975
1990,all,29,0.08708018
1990,all,30,0.09658472
1990,all,31,0.08787591
1990,all,32,0.08000994
1990,all,33,0.08912182
1990,all,34,0.08120277
1990,all,35,0.08258045
1990,all,36,0.07685385
1990,all,37,0.07783802
1990,all,38,0.08200711
1990,all,39,0.07440288
1990,all,40,0.07620271
1991,all,1,0.05221908
1991,all,2,0.26572967
1991,all,3,0.7128345
1991,all,4,0.38319863
1991,all,5,0.19534304
1991,all,6,0.1805396
1991,all,7,0.14849167
1991,all,8,0.11466003
1991,all,9,0.10309605
1991,all,10,0.0996266
1991,all,11,0.11986241
1991,all,12,0.12782393
1991,all,13,0.12694664
1991,all,14,0.12583158
1991,all,15,0.14044025
1991,all,16,0.14067706
1991,all,17,0.14131625
1991,all,18,0.12064576
1991,all,19,0.12231716
1991,all,20,0.1097381
1991,all,21,0.0984121
1991,all,22,0.09981839
1991,all,23,0.09004398
1991,all,24,0.09803753
1991,all,25,0.09315064
1991,all,26,0.0779179
1991,all,27,0.08581336
1991,all,28,0.07225885
1991,all,29,0.06446432
1991,all,30,0.07617637
1991,all,31,0.07223264
1991,all,32,0.06940032
1991,all,33,0.06904261
1991,all,34,0.08137876
1991,all,35,0.07222866
1991,all,36,0.06499281
1991,all,37,0.07355763
1991,all,38,0.06634227
1991,all,39,0.0690362
1991,all,40,0.06370946
1992,all,1,0.067336068
1992,all,2,0.23021767
1992,all,3,0.7777097
1992,all,4,0.6555903
1992,all,5,0.35356532
1992,all,6,0.24451028
1992,all,7,0.18109199
1992,all,8,0.13994966
1992,all,9,0.13018709
1992,all,10,0.12138808
1992,all,11,0.10934538
1992,all,12,0.16731993
1992,all,13,0.15149553
1992,all,14,0.16194572
1992,all,15,0.19020161
1992,all,16,0.18845666
1992,all,17,0.19611423
1992,all,18,0.17744665
1992,all,19,0.17455432
1992,all,20,0.15171624
1992,all,21,0.14555973
1992,all,22,0.12059416
1992,all,23,0.11974358
1992,all,24,0.10757289
1992,all,25,0.09948136
1992,all,26,0.09840615
1992,all,27,0.08864157
1992,all,28,0.09552936
1992,all,29,0.09659656
1992,all,30,0.08753223
1992,all,31,0.09602925
1992,all,32,0.08490237
1992,all,33,0.07925273
1992,all,34,0.08774152
1992,all,35,0.08151551
1992,all,36,0.07890085
1992,all,37,0.0824895
1992,all,38,0.09007547
1992,all,39,0.0835512
1992,all,40,0.0781474
1993,all,1,0.069204191
1993,all,2,0.24812966
1993,all,3,0.67351506
1993,all,4,0.41955147
1993,all,5,0.21507756
1993,all,6,0.1821936
1993,all,7,0.1672475
1993,all,8,0.12902534
1993,all,9,0.10900335
1993,all,10,0.10877243
1993,all,11,0.12359283
1993,all,12,0.12558643
1993,all,13,0.18109973
1993,all,14,0.18040672
1993,all,15,0.15511083
1993,all,16,0.21338173
1993,all,17,0.17943535
1993,all,18,0.17605917
1993,all,19,0.17110732
1993,all,20,0.15801292
1993,all,21,0.14665553
1993,all,22,0.13016452
1993,all,23,0.1296419
1993,all,24,0.11664858
1993,all,25,0.11580758
1993,all,26,0.09550641
1993,all,27,0.09962718
1993,all,28,0.08839495
1993,all,29,0.08248577
1993,all,30,0.08873132
1993,all,31,0.08151171
1993,all,32,0.09032159
1993,all,33,0.08976101
1993,all,34,0.08058946
1993,all,35,0.09133712
1993,all,36,0.07931382
1993,all,37,0.07289659
1993,all,38,0.08406536
1993,all,39,0.07988728
1993,all,40,0.07534775
1994,all,1,0.100701859
1994,all,2,0.27448336
1994,all,3,0.7937344
1994,all,4,0.52862713
1994,all,5,0.29069345
1994,all,6,0.23409248
1994,all,7,0.20338368
1994,all,8,0.1453284
1994,all,9,0.12103213
1994,all,10,0.11705101
1994,all,11,0.13589319
1994,all,12,0.15762306
1994,all,13,0.19363336
1994,all,14,0.23096372
1994,all,15,0.2543239
1994,all,16,0.24796217
1994,all,17,0.27746106
1994,all,18,0.23929116
1994,all,19,0.20495358
1994,all,20,0.21566939
1994,all,21,0.17536599
1994,all,22,0.17438884
1994,all,23,0.16074918
1994,all,24,0.15310782
1994,all,25,0.13969094
1994,all,26,0.13523896
1994,all,27,0.13299488
1994,all,28,0.12652814
1994,all,29,0.12308069
1994,all,30,0.11278739
1994,all,31,0.11676625
1994,all,32,0.10843201
1994,all,33,0.10303598
1994,all,34,0.10779999
1994,all,35,0.10429875
1994,all,36,0.10976541
1994,all,37,0.10505303
1994,all,38,0.10283267
1994,all,39,0.11236562
1994,all,40,0.10308724
1995,all,1,0.237480633
1995,all,2,0.33708702
1995,all,3,0.40246564
1995,all,4,0.31453828
1995,all,5,0.29853785
1995,all,6,0.15325329
1995,all,7,0.17834101
1995,all,8,0.12295596
1995,all,9,0.10905078
1995,all,10,0.12143461
1995,all,11,0.14684343
1995,all,12,0.18740535
1995,all,13,0.17909628
1995,all,14,0.18499386
1995,all,15,0.20486714
1995,all,16,0.21208635
1995,all,17,0.21265009
1995,all,18,0.19833366
1995,all,19,0.18303181
1995,all,20,0.16116957
1995,all,21,0.17729994
1995,all,22,0.15556608
1995,all,23,0.12530493
1995,all,24,0.15665071
1995,all,25,0.11852788
1995,all,26,0.11597741
1995,all,27,0.11958291
1995,all,28,0.11471773
1995,all,29,0.11312066
1995,all,30,0.10300376
1995,all,31,0.10679877
1995,all,32,0.0990289
1995,all,33,0.10120499
1995,all,34,0.09024791
1995,all,35,0.09526669
1995,all,36,0.09078088
1995,all,37,0.08785689
1995,all,38,0.09071835
1995,all,39,0.08828291
1995,all,40,0.08810547
1996,all,1,0.09714595
1996,all,2,0.42970273
1996,all,3,0.89704156
1996,all,4,0.43581644
1996,all,5,0.20799173
1996,all,6,0.17470909
1996,all,7,0.13783093
1996,all,8,0.11421984
1996,all,9,0.09459401
1996,all,10,0.10687676
1996,all,11,0.12158802
1996,all,12,0.1328105
1996,all,13,0.14676871
1996,all,14,0.16358979
1996,all,15,0.18626277
1996,all,16,0.21609902
1996,all,17,0.19255054
1996,all,18,0.17600086
1996,all,19,0.15730942
1996,all,20,0.14096922
1996,all,21,0.13036661
1996,all,22,0.12111659
1996,all,23,0.11609498
1996,all,24,0.10718681
1996,all,25,0.12316507
1996,all,26,0.11042341
1996,all,27,0.09513353
1996,all,28,0.12115682
1996,all,29,0.09213895
1996,all,30,0.09118766
1996,all,31,0.09644386
1996,all,32,0.09177285
1996,all,33,0.0933066
1996,all,34,0.08683543
1996,all,35,0.09074425
1996,all,36,0.0833335
1996,all,37,0.08573317
1996,all,38,0.08019317
1996,all,39,0.08564359
1996,all,40,0.08017592
1997,all,1,0.17796276
1997,all,2,0.42582418
1997,all,3,0.864991
1997,all,4,0.53094094
1997,all,5,0.30725973
1997,all,6,0.23738467
1997,all,7,0.2302469
1997,all,8,0.1529575
1997,all,9,0.13053562
1997,all,10,0.11610032
1997,all,11,0.15563946
1997,all,12,0.17775405
1997,all,13,0.16350323
1997,all,14,0.19920898
1997,all,15,0.22113957
1997,all,16,0.23603261
1997,all,17,0.24343901
1997,all,18,0.21720815
1997,all,19,0.20226542
1997,all,20,0.19689563
1997,all,21,0.16752708
1997,all,22,0.14578157
1997,all,23,0.13433172
1997,all,24,0.12190841
1997,all,25,0.11795714
1997,all,26,0.11528104
1997,all,27,0.11344477
1997,all,28,0.10833836
1997,all,29,0.12759174
1997,all,30,0.11430546
1997,all,31,0.10276593
1997,all,32,0.12747552
1997,all,33,0.0997697
1997,all,34,0.10325731
1997,all,35,0.10547182
1997,all,36,0.10396724
1997,all,37,0.103406
1997,all,38,0.10023129
1997,all,39,0.10260127
1997,all,40,0.09496106
1998,all,1,0.118299509
1998,all,2,0.31791101
1998,all,3,1.0932109
1998,all,4,0.69839998
1998,all,5,0.40132623
1998,all,6,0.26528914
1998,all,7,0.24478344
1998,all,8,0.1734951
1998,all,9,0.14222127
1998,all,10,0.14109374
1998,all,11,0.17549962
1998,all,12,0.18997847
1998,all,13,0.21588977
1998,all,14,0.23352053
1998,all,15,0.25509859
1998,all,16,0.29075925
1998,all,17,0.25701903
1998,all,18,0.28361386
1998,all,19,0.24783752
1998,all,20,0.21706359
1998,all,21,0.20323222
1998,all,22,0.18501052
1998,all,23,0.16812485
1998,all,24,0.17472512
1998,all,25,0.15438851
1998,all,26,0.14156471
1998,all,27,0.13710238
1998,all,28,0.12816565
1998,all,29,0.12628203
1998,all,30,0.12454866
1998,all,31,0.12558349
1998,all,32,0.12432232
1998,all,33,0.1369728
1998,all,34,0.12993411
1998,all,35,0.1197346
1998,all,36,0.14203495
1998,all,37,0.12171663
1998,all,38,0.11975652
1998,all,39,0.12601743
1998,all,40,0.11783199
1999,all,1,0.18664986
1999,all,2,0.67971894
1999,all,3,1.9085324
1999,all,4,0.84135004
1999,all,5,0.35712266
1999,all,6,0.31798212
1999,all,7,0.31524967
1999,all,8,0.2234842
1999,all,9,0.16887236
1999,all,10,0.15092149
1999,all,11,0.17716336
1999,all,12,0.19705289
1999,all,13,0.19756499
1999,all,14,0.22782498
1999,all,15,0.25729113
1999,all,16,0.26579361
1999,all,17,0.28020177
1999,all,18,0.24380677
1999,all,19,0.22758081
1999,all,20,0.23079134
1999,all,21,0.18539512
1999,all,22,0.18836191
1999,all,23,0.1690176
1999,all,24,0.15190627
1999,all,25,0.15495559
1999,all,26,0.14942723
1999,all,27,0.14282708
1999,all,28,0.14805371
1999,all,29,0.13716819
1999,all,30,0.12960784
1999,all,31,0.12664115
1999,all,32,0.12181867
1999,all,33,0.12309808
1999,all,34,0.12544025
1999,all,35,0.12704538
1999,all,36,0.1248064
1999,all,37,0.13773633
1999,all,38,0.13534399
1999,all,39,0.1242949
1999,all,40,0.12251824
2000,all,1,0.13169633
2000,all,2,0.34590943
2000,all,3,1.0635021
2000,all,4,0.7013782
2000,all,5,0.37289944
2000,all,6,0.26597349
2000,all,7,0.25778512
2000,all,8,0.15001697
2000,all,9,0.11766179
2000,all,10,0.12063877
2000,all,11,0.1710863
2000,all,12,0.2179002
2000,all,13,0.2290784
2000,all,14,0.25422574
2000,all,15,0.28437518
2000,all,16,0.30167069
2000,all,17,0.2937347
2000,all,18,0.29224316
2000,all,19,0.2678421
2000,all,20,0.22970866
2000,all,21,0.22553042
2000,all,22,0.18148781
2000,all,23,0.18045407
2000,all,24,0.1859264
2000,all,25,0.1460491
2000,all,26,0.15803329
2000,all,27,0.14624937
2000,all,28,0.1344438
2000,all,29,0.13678285
2000,all,30,0.13297129
2000,all,31,0.13124239
2000,all,32,0.13776025
2000,all,33,0.12887368
2000,all,34,0.12526618
2000,all,35,0.12318596
2000,all,36,0.12116405
2000,all,37,0.12241821
2000,all,38,0.12394219
2000,all,39,0.12500892
2000,all,40,0.12723904
2001,all,1,0.22014956
2001,all,2,0.39595133
2001,all,3,0.8677269
2001,all,4,0.39411503
2001,all,5,0.2681507
2001,all,6,0.1887589
2001,all,7,0.16698503
2001,all,8,0.1346141
2001,all,9,0.10886914
2001,all,10,0.11172896
2001,all,11,0.1424276
2001,all,12,0.15684863
2001,all,13,0.18718415
2001,all,14,0.22014232
2001,all,15,0.25610287
2001,all,16,0.27997272
2001,all,17,0.29710312
2001,all,18,0.27054295
2001,all,19,0.23758021
2001,all,20,0.21470607
2001,all,21,0.1874288
2001,all,22,0.18199687
2001,all,23,0.16653951
2001,all,24,0.14835489
2001,all,25,0.15956137
2001,all,26,0.12826617
2001,all,27,0.13397474
2001,all,28,0.1441395
2001,all,29,0.11210774
2001,all,30,0.12446504
2001,all,31,0.11805192
2001,all,32,0.11031007
2001,all,33,0.11519858
2001,all,34,0.11320335
2001,all,35,0.11193658
2001,all,36,0.11855181
2001,all,37,0.11270438
2001,all,38,0.1100074
2001,all,39,0.10918209
2001,all,40,0.11289632
2002,all,1,0.115666262
2002,all,2,0.28367433
2002,all,3,0.68530216
2002,all,4,0.4984575
2002,all,5,0.29299284
2002,all,6,0.28611467
2002,all,7,0.29499851
2002,all,8,0.192739
2002,all,9,0.16411874
2002,all,10,0.15707792
2002,all,11,0.18470089
2002,all,12,0.22838138
2002,all,13,0.26507073
2002,all,14,0.30168187
2002,all,15,0.34291333
2002,all,16,0.35044939
2002,all,17,0.37255231
2002,all,18,0.35770635
2002,all,19,0.3405976
2002,all,20,0.3063649
2002,all,21,0.27577962
2002,all,22,0.24772192
2002,all,23,0.22694813
2002,all,24,0.21645656
2002,all,25,0.20058665
2002,all,26,0.19352424
2002,all,27,0.18811858
2002,all,28,0.17365512
2002,all,29,0.18203571
2002,all,30,0.16714856
2002,all,31,0.17079303
2002,all,32,0.18170612
2002,all,33,0.15610345
2002,all,34,0.16595109
2002,all,35,0.15893364
2002,all,36,0.15247561
2002,all,37,0.15472167
2002,all,38,0.1543483
2002,all,39,0.15436647
2002,all,40,0.15322413
2003,all,1,0.218814169
2003,all,2,0.53588433
2003,all,3,0.87973567
2003,all,4,0.47698176
2003,all,5,0.25579168
2003,all,6,0.18785469
2003,all,7,0.20321482
2003,all,8,0.1574912
2003,all,9,0.14503141
2003,all,10,0.15384168
2003,all,11,0.17580459
2003,all,12,0.20818676
2003,all,13,0.2354143
2003,all,14,0.25820364
2003,all,15,0.28660275
2003,all,16,0.31356995
2003,all,17,0.31520933
2003,all,18,0.29546137
2003,all,19,0.26612851
2003,all,20,0.23570359
2003,all,21,0.23639632
2003,all,22,0.2043897
2003,all,23,0.18870917
2003,all,24,0.18400823
2003,all,25,0.19055445
2003,all,26,0.17350061
2003,all,27,0.16606089
2003,all,28,0.16924638
2003,all,29,0.15626731
2003,all,30,0.15719188
2003,all,31,0.15082522
2003,all,32,0.14838829
2003,all,33,0.17204191
2003,all,34,0.14812624
2003,all,35,0.16144829
2003,all,36,0.16699857
2003,all,37,0.13931486
2003,all,38,0.14843984
2003,all,39,0.13714628
2003,all,40,0.13650223
2004,all,1,0.078612487
2004,all,2,0.34372634
2004,all,3,0.9816602
2004,all,4,0.5864123
2004,all,5,0.35458422
2004,all,6,0.28249034
2004,all,7,0.28426334
2004,all,8,0.22803684
2004,all,9,0.18895045
2004,all,10,0.21295458
2004,all,11,0.24063321
2004,all,12,0.29836004
2004,all,13,0.32435611
2004,all,14,0.35337832
2004,all,15,0.40607716
2004,all,16,0.43594848
2004,all,17,0.42543559
2004,all,18,0.39337976
2004,all,19,0.37282593
2004,all,20,0.35837052
2004,all,21,0.32719055
2004,all,22,0.299013
2004,all,23,0.28031623
2004,all,24,0.25427916
2004,all,25,0.26036337
2004,all,26,0.24961653
2004,all,27,0.24438036
2004,all,28,0.23019818
2004,all,29,0.23340374
2004,all,30,0.21952442
2004,all,31,0.22067341
2004,all,32,0.22627359
2004,all,33,0.21527455
2004,all,34,0.21963427
2004,all,35,0.21888662
2004,all,36,0.20852764
2004,all,37,0.22577806
2004,all,38,0.21003452
2004,all,39,0.2216879
2004,all,40,0.20662627
2005,all,1,0.24668815
2005,all,2,0.45047885
2005,all,3,0.9318126
2005,all,4,0.42863206
2005,all,5,0.18781663
2005,all,6,0.17030934
2005,all,7,0.17085154
2005,all,8,0.16029293
2005,all,9,0.14518148
2005,all,10,0.15669286
2005,all,11,0.21564209
2005,all,12,0.22101041
2005,all,13,0.24929035
2005,all,14,0.29158471
2005,all,15,0.30449293
2005,all,16,0.34820671
2005,all,17,0.35013881
2005,all,18,0.29645187
2005,all,19,0.26874587
2005,all,20,0.26209143
2005,all,21,0.24273489
2005,all,22,0.2169379
2005,all,23,0.20565604
2005,all,24,0.2097922
2005,all,25,0.19621064
2005,all,26,0.19577916
2005,all,27,0.18033089
2005,all,28,0.16506827
2005,all,29,0.17127493
2005,all,30,0.16590105
2005,all,31,0.15640894
2005,all,32,0.15586406
2005,all,33,0.17057834
2005,all,34,0.15912697
2005,all,35,0.15919946
2005,all,36,0.16621007
2005,all,37,0.15402111
2005,all,38,0.16160437
2005,all,39,0.15638813
2005,all,40,0.1488918
2006,all,1,0.16618663
2006,all,2,0.48513184
2006,all,3,0.8300652
2006,all,4,0.48610606
2006,all,5,0.27611621
2006,all,6,0.21310349
2006,all,7,0.20058516
2006,all,8,0.1901832
2006,all,9,0.17043626
2006,all,10,0.18748413
2006,all,11,0.20897117
2006,all,12,0.26474535
2006,all,13,0.28217343
2006,all,14,0.32812578
2006,all,15,0.36823261
2006,all,16,0.35869902
2006,all,17,0.36028937
2006,all,18,0.36917398
2006,all,19,0.32703993
2006,all,20,0.3172614
2006,all,21,0.29057514
2006,all,22,0.25263007
2006,all,23,0.22749648
2006,all,24,0.22804949
2006,all,25,0.21368452
2006,all,26,0.19856417
2006,all,27,0.19701047
2006,all,28,0.20164399
2006,all,29,0.19548324
2006,all,30,0.19332924
2006,all,31,0.18919964
2006,all,32,0.17595794
2006,all,33,0.18212206
2006,all,34,0.17462353
2006,all,35,0.17372626
2006,all,36,0.17298629
2006,all,37,0.18525158
2006,all,38,0.17638409
2006,all,39,0.1771076
2006,all,40,0.17279018
2007,all,1,0.1927396
2007,all,2,0.6196981
2007,all,3,1.4281489
2007,all,4,0.49016131
2007,all,5,0.25462552
2007,all,6,0.23375548
2007,all,7,0.23034228
2007,all,8,0.1805258
2007,all,9,0.1701466
2007,all,10,0.15645688
2007,all,11,0.19055934
2007,all,12,0.20695478
2007,all,13,0.25049152
2007,all,14,0.32481811
2007,all,15,0.38657774
2007,all,16,0.40918939
2007,all,17,0.38306839
2007,all,18,0.35094184
2007,all,19,0.31574288
2007,all,20,0.25607365
2007,all,21,0.25825357
2007,all,22,0.26018176
2007,all,23,0.2243619
2007,all,24,0.22281964
2007,all,25,0.21564517
2007,all,26,0.19017595
2007,all,27,0.1893965
2007,all,28,0.20252085
2007,all,29,0.18653424
2007,all,30,0.17673891
2007,all,31,0.18205498
2007,all,32,0.18921238
2007,all,33,0.18305439
2007,all,34,0.18237055
2007,all,35,0.18097875
2007,all,36,0.17422513
2007,all,37,0.18063762
2007,all,38,0.17001921
2007,all,39,0.16857386
2007,all,40,0.17083315
2008,all,1,0.2868331
2008,all,2,0.5922971
2008,all,3,1.2056498
2008,all,4,0.6911404
2008,all,5,0.35137023
2008,all,6,0.23044302
2008,all,7,0.20420578
2008,all,8,0.18461067
2008,all,9,0.1648318
2008,all,10,0.17695748
2008,all,11,0.22018523
2008,all,12,0.25365325
2008,all,13,0.24743427
2008,all,14,0.27375206
2008,all,15,0.35694712
2008,all,16,0.32421457
2008,all,17,0.3230759
2008,all,18,0.34964411
2008,all,19,0.33401419
2008,all,20,0.32185906
2008,all,21,0.26867209
2008,all,22,0.24944387
2008,all,23,0.24844331
2008,all,24,0.20484001
2008,all,25,0.20084593
2008,all,26,0.20804049
2008,all,27,0.18045927
2008,all,28,0.18685833
2008,all,29,0.20051464
2008,all,30,0.18205647
2008,all,31,0.17035106
2008,all,32,0.18216564
2008,all,33,0.17931055
2008,all,34,0.17313806
2008,all,35,0.17216529
2008,all,36,0.18124666
2008,all,37,0.17814776
2008,all,38,0.1829913
2008,all,39,0.1768224
2008,all,40,0.16747922
2009,all,1,0.058849152
2009,all,2,0.30086537
2009,all,3,1.1648077
2009,all,4,0.7172132
2009,all,5,0.39173341
2009,all,6,0.31237127
2009,all,7,0.26135452
2009,all,8,0.19323433
2009,all,9,0.16513928
2009,all,10,0.15946518
2009,all,11,0.18195227
2009,all,12,0.22150412
2009,all,13,0.27553869
2009,all,14,0.33898778
2009,all,15,0.40311466
2009,all,16,0.41210661
2009,all,17,0.39105682
2009,all,18,0.34924773
2009,all,19,0.32894447
2009,all,20,0.26877402
2009,all,21,0.25032934
2009,all,22,0.262114
2009,all,23,0.24120744
2009,all,24,0.23159095
2009,all,25,0.20735334
2009,all,26,0.20002517
2009,all,27,0.19466155
2009,all,28,0.17524173
2009,all,29,0.17649577
2009,all,30,0.18682056
2009,all,31,0.17245107
2009,all,32,0.17813639
2009,all,33,0.177444
2009,all,34,0.16896931
2009,all,35,0.16927276
2009,all,36,0.17690476
2009,all,37,0.17123384
2009,all,38,0.16822825
2009,all,39,0.17200493
2009,all,40,0.17361678
2010,all,1,0.076894751
2010,all,2,0.21537807
2010,all,3,0.81762597
2010,all,4,0.66272562
2010,all,5,0.25602124
2010,all,6,0.23753487
2010,all,7,0.23999262
2010,all,8,0.16191327
2010,all,9,0.13322051
2010,all,10,0.14482869
2010,all,11,0.18192369
2010,all,12,0.2142127
2010,all,13,0.24109043
2010,all,14,0.2669726
2010,all,15,0.30509939
2010,all,16,0.35148895
2010,all,17,0.35923039
2010,all,18,0.33309303
2010,all,19,0.30713554
2010,all,20,0.28239618
2010,all,21,0.24734635
2010,all,22,0.21019834
2010,all,23,0.20035007
2010,all,24,0.17947779
2010,all,25,0.17972673
2010,all,26,0.18783533
2010,all,27,0.17666215
2010,all,28,0.17228348
2010,all,29,0.16125759
2010,all,30,0.15854222
2010,all,31,0.15954874
2010,all,32,0.15049586
2010,all,33,0.15501616
2010,all,34,0.16138375
2010,all,35,0.15254654
2010,all,36,0.15571349
2010,all,37,0.15642267
2010,all,38,0.15231368
2010,all,39,0.1542779
2010,all,40,0.15557893
2011,all,1,0.09710988
2011,all,2,0.32630844
2011,all,3,1.29908044
2011,all,4,1.04443707
2011,all,5,0.56768705
2011,all,6,0.41879184
2011,all,7,0.34028305
2011,all,8,0.29177339
2011,all,9,0.20744485
2011,all,10,0.19146279
2011,all,11,0.21253947
2011,all,12,0.25435751
2011,all,13,0.28499441
2011,all,14,0.33896768
2011,all,15,0.36614046
2011,all,16,0.37156479
2011,all,17,0.36770292
2011,all,18,0.349991
2011,all,19,0.31783412
2011,all,20,0.28985267
2011,all,21,0.2911272
2011,all,22,0.27763028
2011,all,23,0.2421134
2011,all,24,0.22812733
2011,all,25,0.2158173
2011,all,26,0.19697263
2011,all,27,0.20421663
2011,all,28,0.19455751
2011,all,29,0.18980575
2011,all,30,0.2015759
2011,all,31,0.19086577
2011,all,32,0.19223409
2011,all,33,0.18325494
2011,all,34,0.18519178
2011,all,35,0.19194898
2011,all,36,0.18394457
2011,all,37,0.18511905
2011,all,38,0.19419796
2011,all,39,0.18434373
2011,all,40,0.18906715
2012,all,1,0.07152636
2012,all,2,0.31145871
2012,all,3,1.1448788
2012,all,4,0.58960738
2012,all,5,0.359595
2012,all,6,0.28797797
2012,all,7,0.33661455
2012,all,8,0.22113465
2012,all,9,0.1777911
2012,all,10,0.17092383
2012,all,11,0.19496056
2012,all,12,0.23512405
2012,all,13,0.29281795
2012,all,14,0.35656699
2012,all,15,0.39458568
2012,all,16,0.44205907
2012,all,17,0.42649558
2012,all,18,0.38405811
2012,all,19,0.32567592
2012,all,20,0.28850357
2012,all,21,0.27919514
2012,all,22,0.26072772
2012,all,23,0.23065891
2012,all,24,0.22059202
2012,all,25,0.23571724
2012,all,26,0.21806502
2012,all,27,0.19615175
2012,all,28,0.2032376
2012,all,29,0.19688258
2012,all,30,0.17616113
2012,all,31,0.18669365
2012,all,32,0.18024225
2012,all,33,0.18050222
2012,all,34,0.19602821
2012,all,35,0.18643677
2012,all,36,0.18874165
2012,all,37,0.18300783
2012,all,38,0.18440071
2012,all,39,0.19337486
2012,all,40,0.19140041
2013,all,1,0.063302871
2013,all,2,0.31483176
2013,all,3,0.9996344
2013,all,4,0.6233717
2013,all,5,0.3342328
2013,all,6,0.32129393
2013,all,7,0.30877953
2013,all,8,0.18659745
2013,all,9,0.14792447
2013,all,10,0.14038561
2013,all,11,0.16063705
2013,all,12,0.2035466
2013,all,13,0.26044707
2013,all,14,0.30180553
2013,all,15,0.32878979
2013,all,16,0.34168904
2013,all,17,0.34602314
2013,all,18,0.33110762
2013,all,19,0.29502289
2013,all,20,0.28227072
2013,all,21,0.25148522
2013,all,22,0.22969732
2013,all,23,0.19943493
2013,all,24,0.18376714
2013,all,25,0.18943502
2013,all,26,0.187221
2013,all,27,0.16510551
2013,all,28,0.16201099
2013,all,29,0.18284498
2013,all,30,0.17310878
2013,all,31,0.15511399
2013,all,32,0.16410319
2013,all,33,0.16319784
2013,all,34,0.15042324
2013,all,35,0.16200087
2013,all,36,0.15487251
2013,all,37,0.15496764
2013,all,38,0.16784148
2013,all,39,0.16260991
2013,all,40,0.16763208
2014,all,1,0.09820213
2014,all,2,0.47452261
2014,all,3,1.1678554
2014,all,4,0.74159412
2014,all,5,0.38037219
2014,all,6,0.29721025
2014,all,7,0.2727062
2014,all,8,0.19369919
2014,all,9,0.1570443
2014,all,10,0.16503115
2014,all,11,0.1902598
2014,all,12,0.25369138
2014,all,13,0.31799458
2014,all,14,0.3874963
2014,all,15,0.4480291
2014,all,16,0.4781253
2014,all,17,0.4861338
2014,all,18,0.430603
2014,all,19,0.37201784
2014,all,20,0.33882213
2014,all,21,0.3095369
2014,all,22,0.28956118
2014,all,23,0.26894823
2014,all,24,0.26882263
2014,all,25,0.24790532
2014,all,26,0.23429133
2014,all,27,0.21582531
2014,all,28,0.21099251
2014,all,29,0.21936264
2014,all,30,0.21739694
2014,all,31,0.20781457
2014,all,32,0.21243707
2014,all,33,0.22609541
2014,all,34,0.21933273
2014,all,35,0.21202073
2014,all,36,0.22376172
2014,all,37,0.22664226
2014,all,38,0.21832446
2014,all,39,0.22322016
2014,all,40,0.23606331
2015,all,1,0.07100772
2015,all,2,0.37862711
2015,all,3,1.0548627
2015,all,4,0.65675422
2015,all,5,0.39802601
2015,all,6,0.3230221
2015,all,7,0.32179897
2015,all,8,0.20570427
2015,all,9,0.157638
2015,all,10,0.15949012
2015,all,11,0.19345357
2015,all,12,0.23267601
2015,all,13,0.27850681
2015,all,14,0.3338655
2015,all,15,0.37139774
2015,all,16,0.38990767
2015,all,17,0.36865116
2015,all,18,0.33364807
2015,all,19,0.30302754
2015,all,20,0.27719372
2015,all,21,0.267564
2015,all,22,0.23806575
2015,all,23,0.22257271
2015,all,24,0.20427141
2015,all,25,0.20911593
2015,all,26,0.20238012
2015,all,27,0.18771563
2015,all,28,0.19529397
2015,all,29,0.18581318
2015,all,30,0.18601273
2015,all,31,0.180237
2015,all,32,0.17839483
2015,all,33,0.18792038
2015,all,34,0.19014253
2015,all,35,0.18287457
2015,all,36,0.18378853
2015,all,37,0.19750296
2015,all,38,0.19501685
2015,all,39,0.18749059
2015,all,40,0.19889477
2016,all,1,0.12289026
2016,all,2,0.66500137
2016,all,3,1.2643715
2016,all,4,0.78358571
2016,all,5,0.44998666
2016,all,6,0.40016168
2016,all,7,0.41471849
2016,all,8,0.22813853
2016,all,9,0.1734184
2016,all,10,0.16745557
2016,all,11,0.19237593
2016,all,12,0.21868568
2016,all,13,0.24429365
2016,all,14,0.27840953
2016,all,15,0.29762588
2016,all,16,0.30462222
2016,all,17,0.28800388
2016,all,18,0.28101606
2016,all,19,0.24413453
2016,all,20,0.22692068
2016,all,21,0.20354849
2016,all,22,0.19332939
2016,all,23,0.18530856
2016,all,24,0.17332936
2016,all,25,0.17302723
2016,all,26,0.16495628
2016,all,27,0.16457764
2016,all,28,0.15575282
2016,all,29,0.16262229
2016,all,30,0.16521979
2016,all,31,0.15100199
2016,all,32,0.15610357
2016,all,33,0.14810874
2016,all,34,0.15207982
2016,all,35,0.15399387
2016,all,36,0.15175511
2016,all,37,0.1576947
2016,all,38,0.16045864
2016,all,39,0.15712633
2016,all,40,0.15928008
2017,all,1,0.06473739
2017,all,2,0.32340479
2017,all,3,0.8936337
2017,all,4,0.62764657
2017,all,5,0.32222844
2017,all,6,0.29264685
2017,all,7,0.32205916
2017,all,8,0.21963784
2017,all,9,0.16744042
2017,all,10,0.1536026
2017,all,11,0.16411513
2017,all,12,0.19675899
2017,all,13,0.23099727
2017,all,14,0.26551561
2017,all,15,0.27923076
2017,all,16,0.27914254
2017,all,17,0.2781615
2017,all,18,0.2586085
2017,all,19,0.23502892
2017,all,20,0.20527219
2017,all,21,0.20190239
2017,all,22,0.18585058
2017,all,23,0.15734863
2017,all,24,0.16443699
2017,all,25,0.14644721
2017,all,26,0.14596274
2017,all,27,0.13774815
2017,all,28,0.13508388
2017,all,29,0.13897398
2017,all,30,0.13382489
2017,all,31,0.13395693
2017,all,32,0.12381131
2017,all,33,0.14067123
2017,all,34,0.13534201
2017,all,35,0.11823314
2017,all,36,0.13004611
2017,all,37,0.12149219
2017,all,38,0.12600527
2017,all,39,0.1237448
2017,all,40,0.12518109
2018,all,1,0.058334608
2018,all,2,0.32470048
2018,all,3,0.99000165
2018,all,4,0.70858546
2018,all,5,0.44808476
2018,all,6,0.33554794
2018,all,7,0.32275281
2018,all,8,0.23062482
2018,all,9,0.16093762
2018,all,10,0.16064224
2018,all,11,0.18228535
2018,all,12,0.22427261
2018,all,13,0.27177814
2018,all,14,0.31751272
2018,all,15,0.35367743
2018,all,16,0.37976497
2018,all,17,0.38887643
2018,all,18,0.36078839
2018,all,19,0.3185184
2018,all,20,0.2814125
2018,all,21,0.25935945
2018,all,22,0.23944301
2018,all,23,0.22062616
2018,all,24,0.19914867
2018,all,25,0.19574687
2018,all,26,0.18753407
2018,all,27,0.16602992
2018,all,28,0.16965474
2018,all,29,0.16161257
2018,all,30,0.16279791
2018,all,31,0.15791495
2018,all,32,0.15413237
2018,all,33,0.15789984
2018,all,34,0.15692559
2018,all,35,0.15806394
2018,all,36,0.15084101
2018,all,37,0.16114071
2018,all,38,0.16239208
2018,all,39,0.14953591
2018,all,40,0.15770521
2019,all,1,0.064028667
2019,all,2,0.17211223
2019,all,3,0.73497754
2019,all,4,0.55622047
2019,all,5,0.30427452
2019,all,6,0.28303123
2019,all,7,0.28994654
2019,all,8,0.17804181
2019,all,9,0.1462587
2019,all,10,0.15216453
2019,all,11,0.18146305
2019,all,12,0.21422576
2019,all,13,0.25733443
2019,all,14,0.3079763
2019,all,15,0.34162117
2019,all,16,0.36998339
2019,all,17,0.36161585
2019,all,18,0.34233124
2019,all,19,0.31387022
2019,all,20,0.29676649
2019,all,21,0.27329932
2019,all,22,0.25159891
2019,all,23,0.23167916
2019,all,24,0.21641797
2019,all,25,0.20853931
2019,all,26,0.19543371
2019,all,27,0.19029454
2019,all,28,0.18176238
2019,all,29,0.18682098
2019,all,30,0.18245542
2019,all,31,0.16902133
2019,all,32,0.17587462
2019,all,33,0.16762295
2019,all,34,0.1696184
2019,all,35,0.16781149
2019,all,36,0.16776197
2019,all,37,0.17165396
2019,all,38,0.16947176
2019,all,39,0.17133838
2019,all,40,0.17310883
2020,all,1,0.19358122
2020,all,2,0.83700546
2020,all,3,0.9167341
2020,all,4,0.5498743
2020,all,5,0.3779024
2020,all,6,0.40669536
2020,all,7,0.41889913
2020,all,8,0.26796061
2020,all,9,0.17144592
2020,all,10,0.14927928
2020,all,11,0.16159958
2020,all,12,0.18949748
2020,all,13,0.22412127
2020,all,14,0.2542464
2020,all,15,0.2800821
2020,all,16,0.27727492
2020,all,17,0.26998386
2020,all,18,0.25642901
2020,all,19,0.23487658
2020,all,20,0.22277487
2020,all,21,0.20687013
2020,all,22,0.1903065
2020,all,23,0.1800222
2020,all,24,0.17656528
2020,all,25,0.1683044
2020,all,26,0.16511268
2020,all,27,0.15596817
2020,all,28,0.15196427
2020,all,29,0.15113168
2020,all,30,0.14821551
2020,all,31,0.14984334
2020,all,32,0.14555774
2020,all,33,0.15377639
2020,all,34,0.15014807
2020,all,35,0.14016333
2020,all,36,0.14690096
2020,all,37,0.14141098
2020,all,38,0.14417723
2020,all,39,0.14245118
2020,all,40,0.14551559
2021,all,1,0.109247046
2021,all,2,0.6509082
2021,all,3,1.4025432
2021,all,4,0.55545168
2021,all,5,0.34228755
2021,all,6,0.34223817
2021,all,7,0.38434394
2021,all,8,0.25400004
2021,all,9,0.2029658
2021,all,10,0.17891146
2021,all,11,0.17989459
2021,all,12,0.19494059
2021,all,13,0.20832684
2021,all,14,0.22697434
2021,all,15,0.25063625
2021,all,16,0.26676853
2021,all,17,0.26724762
2021,all,18,0.26902033
2021,all,19,0.24602847
2021,all,20,0.21779602
2021,all,21,0.21679132
2021,all,22,0.19596551
2021,all,23,0.17765252
2021,all,24,0.17750515
2021,all,25,0.17830071
2021,all,26,0.16183483
2021,all,27,0.15702018
2021,all,28,0.1567288
2021,all,29,0.15576991
2021,all,30,0.15728587
2021,all,31,0.14499309
2021,all,32,0.14391607
2021,all,33,0.14457629
2021,all,34,0.14856891
2021,all,35,0.15124368
2021,all,36,0.14408795
2021,all,37,0.15881647
2021,all,38,0.14698827
2021,all,39,0.13952319
2021,all,40,0.14376975
2022,all,1,0.11539396
2022,all,2,0.6343504
2022,all,3,1.7293213
2022,all,4,0.7355493
2022,all,5,0.37823459
2022,all,6,0.32801105
2022,all,7,0.31918318
2022,all,8,0.21619006
2022,all,9,0.15744643
2022,all,10,0.14095931
2022,all,11,0.14664324
2022,all,12,0.16409206
2022,all,13,0.19913038
2022,all,14,0.22824051
2022,all,15,0.26737903
2022,all,16,0.28181074
2022,all,17,0.2699284
2022,all,18,0.25555701
2022,all,19,0.24502541
2022,all,20,0.23190437
2022,all,21,0.2148066
2022,all,22,0.21059379
2022,all,23,0.20035387
2022,all,24,0.18392954
2022,all,25,0.18771157
2022,all,26,0.1757935
2022,all,27,0.16191672
2022,all,28,0.16235304
2022,all,29,0.16170916
2022,all,30,0.15351354
2022,all,31,0.14941069
2022,all,32,0.15112199
2022,all,33,0.14799229
2022,all,34,0.14977924
2022,all,35,0.14386407
2022,all,36,0.14204893
2022,all,37,0.14322799
2022,all,38,0.14327481
2022,all,39,0.14687596
2022,all,40,0.14471796
2023,all,1,0.16391224
2023,all,2,0.72819822
2023,all,3,1.5085321
2023,all,4,0.8031408
2023,all,5,0.5208988
2023,all,6,0.55643633
2023,all,7,0.50751334
2023,all,8,0.25927214
2023,all,9,0.17892095
2023,all,10,0.15565702
2023,all,11,0.18217628
2023,all,12,0.20178707
2023,all,13,0.23506934
2023,all,14,0.27596047
2023,all,15,0.2922151
2023,all,16,0.29206393
2023,all,17,0.29922076
2023,all,18,0.27672265
2023,all,19,0.27521562
2023,all,20,0.25485106
2023,all,21,0.23587132
2023,all,22,0.22412395
2023,all,23,0.21519149
2023,all,24,0.20160014
2023,all,25,0.19344457
2023,all,26,0.20080418
2023,all,27,0.19743116
2023,all,28,0.19174254
2023,all,29,0.20204714
2023,all,30,0.18849757
2023,all,31,0.17529249
2023,all,32,0.17571562
2023,all,33,0.17376373
2023,all,34,0.16570951
2023,all,35,0.16300348
2023,all,36,0.16393367
2023,all,37,0.15849881
2023,all,38,0.16052633
2023,all,39,0.15428313
2023,all,40,0.15226813
2024,all,1,0.090780071
2024,all,2,0.5320736
2024,all,3,1.21649239
2024,all,4,0.589128
2024,all,5,0.47897058
2024,all,6,0.56944962
2024,all,7,0.47972721
2024,all,8,0.27628649
2024,all,9,0.19092902
2024,all,10,0.20168366
2024,all,11,0.21981894
2024,all,12,0.30463668
2024,all,13,0.34565254
2024,all,14,0.37150172
2024,all,15,0.44349215
2024,all,16,0.4539265
2024,all,17,0.4654888
2024,all,18,0.483387
2024,all,19,0.40151214
2024,all,20,0.37985021
2024,all,21,0.35770279
2024,all,22,0.31856716
2024,all,23,0.34055927
2024,all,24,0.34259185
2024,all,25,0.34161657
2024,all,26,0.33566391
2024,all,27,0.33811155
2024,all,28,0.32814076
2024,all,29,0.32679249
2024,all,30,0.3605579
2024,all,31,0.36197351
2024,all,32,0.34442616
2024,all,33,0.36306055
2024,all,34,0.33832542
2024,all,35,0.30966111
2024,all,36,0.31355638
2024,all,37,0.31992916
2024,all,38,0.30552193
2024,all,39,0.2976712
2024,all,40,0.29796656
