"Index","Parameter","Estimate","L_bound","U_bound","Gradient","Note"
1,"diff_coffs(1,1)",2.0844038e-09,0,4,3.9961745e-08,"*"
2,"diff_coffs(1,2)",0.0035335893,0,4,9.9964958e-06,""
3,"diff_coffs(1,3)",0.0073181512,0,4,1.2091292e-06,""
4,"diff_coffs(1,4)",6.4512684e-10,0,4,2.2064376e-09,"*"
5,"diff_coffs(1,5)",0.018010006,0,4,-8.1158411e-06,""
6,"diff_coffs(1,6)",0.0064531192,0,4,-3.1343954e-05,""
7,"diff_coffs(1,7)",0.004846663,0,4,-3.4767655e-06,""
8,"diff_coffs(1,8)",0.13964644,0,4,5.3890292e-06,""
9,"diff_coffs(1,9)",0.13434056,0,4,-1.4274904e-05,""
10,"diff_coffs(1,10)",0.0034972233,0,4,1.8504514e-06,""
11,"diff_coffs(1,11)",0.2568965,0,4,5.5613067e-06,""
12,"diff_coffs(1,12)",0.043915398,0,4,-7.5992437e-07,""
13,"diff_coffs(1,13)",0.14969565,0,4,-1.2658074e-06,""
14,"diff_coffs(1,14)",0.011713787,0,4,-9.6929653e-06,""
15,"diff_coffs(2,1)",0.014351867,0,4,1.9668494e-05,""
16,"diff_coffs(2,2)",7.1627837e-10,0,4,1.8121217e-08,"*"
17,"diff_coffs(2,3)",0.046825918,0,4,4.2417194e-06,""
18,"diff_coffs(2,4)",2.6613021e-09,0,4,-2.8645007e-08,"*"
19,"diff_coffs(2,5)",0.033354333,0,4,-1.3242135e-05,""
20,"diff_coffs(2,6)",6.1495882e-09,0,4,3.8994055e-05,"*"
21,"diff_coffs(2,7)",0.0056672085,0,4,1.8929099e-05,""
22,"diff_coffs(2,8)",0.036942467,0,4,5.9084749e-06,""
23,"diff_coffs(2,9)",0.042258052,0,4,-5.1064538e-06,""
24,"diff_coffs(2,10)",5.7651728e-10,0,4,-6.1307495e-09,"*"
25,"diff_coffs(2,11)",2.2146827e-09,0,4,-1.9832774e-08,"*"
26,"diff_coffs(2,12)",0.0016132328,0,4,2.2957286e-06,""
27,"diff_coffs(2,13)",0.092542203,0,4,8.3490381e-06,""
28,"diff_coffs(2,14)",1.3663547e-07,0,4,1.4904987e-05,"*"
29,"diff_coffs(3,1)",2.2881239e-09,0,4,-4.0302886e-07,"*"
30,"diff_coffs(3,2)",3.2611425e-10,0,4,5.21952e-08,"*"
31,"diff_coffs(3,3)",5.7833516e-10,0,4,-1.3600877e-08,"*"
32,"diff_coffs(3,4)",5.1037194e-09,0,4,1.3605612e-07,"*"
33,"diff_coffs(3,5)",0.04406177,0,4,-2.9971963e-05,""
34,"diff_coffs(3,6)",4.7938529e-09,0,4,4.8146473e-06,"*"
35,"diff_coffs(3,7)",0.15395943,0,4,4.2549698e-05,""
36,"diff_coffs(3,8)",1.235138e-09,0,4,2.8289247e-08,"*"
37,"diff_coffs(3,9)",4.6076685e-09,0,4,-1.2572863e-07,"*"
38,"diff_coffs(3,10)",8.729697e-10,0,4,-4.4042588e-07,"*"
39,"diff_coffs(3,11)",1.9805275e-09,0,4,-2.9032006e-07,"*"
40,"diff_coffs(3,12)",0.048023318,0,4,8.098634e-06,""
41,"diff_coffs(3,13)",0.052476402,0,4,-3.0656865e-06,""
42,"diff_coffs(3,14)",1.0639023e-09,0,4,5.9066732e-08,"*"
43,"diff_coffs(4,1)",3.027441e-09,0,4,3.9926493e-08,"*"
44,"diff_coffs(4,2)",4.5013504e-10,0,4,3.6587944e-08,"*"
45,"diff_coffs(4,3)",7.5478246e-10,0,4,7.5808503e-09,"*"
46,"diff_coffs(4,4)",9.6109143e-10,0,4,1.3197839e-07,"*"
47,"diff_coffs(4,5)",5.1392004e-09,0,4,-1.2243436e-07,"*"
48,"diff_coffs(4,6)",1.2099366e-08,0,4,3.2125989e-05,"*"
49,"diff_coffs(4,7)",8.8904706e-10,0,4,6.9414051e-08,"*"
50,"diff_coffs(4,8)",1.0647025e-09,0,4,5.6390526e-10,"*"
51,"diff_coffs(4,9)",0.14713536,0,4,-6.4217927e-06,""
52,"diff_coffs(4,10)",1.2779253e-09,0,4,-4.5002401e-06,"*"
53,"diff_coffs(4,11)",7.2569745e-08,0,4,7.9923597e-06,"*"
54,"diff_coffs(4,12)",0.03942975,0,4,-5.4027949e-06,""
55,"diff_coffs(4,13)",0.23735812,0,4,-7.6426416e-06,""
56,"diff_coffs(4,14)",1.9454804e-09,0,4,4.5414447e-07,"*"
57,"region_rec_diffs(1,1)",0,-3,3,5.388712e-16,""
58,"region_rec_diffs(1,2)",0.67544771,-3,3,-5.4790124e-06,""
59,"region_rec_diffs(1,3)",0.67177228,-3,3,4.3770617e-06,""
60,"region_rec_diffs(1,4)",0.7022142,-3,3,3.7976417e-06,""
61,"region_rec_diffs(1,5)",0.70890801,-3,3,3.7390542e-06,""
62,"region_rec_diffs(1,6)",0.99146561,-3,3,-4.9737793e-06,""
63,"region_rec_diffs(1,7)",0.17990705,-3,3,1.152029e-07,""
64,"region_rec_diffs(1,8)",0.09766758,-3,3,-3.4635866e-06,""
65,"region_rec_diffs(1,9)",0.35134063,-3,3,-7.301287e-06,""
66,"region_rec_diffs(1,10)",0.99991472,-3,3,7.9313226e-07,""
67,"region_rec_diffs(1,11)",0.1477068,-3,3,3.3417225e-06,""
68,"region_rec_diffs(1,12)",0.10141054,-3,3,3.1067996e-06,""
69,"region_rec_diffs(1,13)",0.64946242,-3,3,-2.8160986e-06,""
70,"region_rec_diffs(1,14)",-1.0280341,-3,3,-2.5137053e-07,""
71,"region_rec_diffs(1,15)",-0.08263961,-3,3,2.1493627e-06,""
72,"region_rec_diffs(1,16)",0.042043358,-3,3,1.3617475e-06,""
73,"region_rec_diffs(1,17)",0.17741454,-3,3,-6.7465797e-06,""
74,"region_rec_diffs(1,18)",0.20971023,-3,3,-1.6952836e-05,""
75,"region_rec_diffs(1,19)",0.73459355,-3,3,2.9338143e-06,""
76,"region_rec_diffs(1,20)",0.13648821,-3,3,-6.3154449e-07,""
77,"region_rec_diffs(1,21)",0.55203041,-3,3,1.7577118e-06,""
78,"region_rec_diffs(1,22)",0.80776718,-3,3,9.9320088e-07,""
79,"region_rec_diffs(1,23)",0.80517629,-3,3,1.3912737e-06,""
80,"region_rec_diffs(1,24)",0.1547112,-3,3,5.4128954e-07,""
81,"region_rec_diffs(1,25)",0.94678639,-3,3,-1.6649369e-06,""
82,"region_rec_diffs(1,26)",0.065877117,-3,3,1.1936115e-06,""
83,"region_rec_diffs(1,27)",1.179487,-3,3,-4.1409824e-07,""
84,"region_rec_diffs(1,28)",0.220591,-3,3,5.8789141e-06,""
85,"region_rec_diffs(1,29)",-0.69412859,-3,3,-8.1632632e-06,""
86,"region_rec_diffs(1,30)",-0.23822222,-3,3,-4.4089185e-06,""
87,"region_rec_diffs(1,31)",-0.32106683,-3,3,-4.8559384e-06,""
88,"region_rec_diffs(1,32)",-0.19810669,-3,3,-5.819942e-06,""
89,"region_rec_diffs(1,33)",-0.59537685,-3,3,3.8227579e-06,""
90,"region_rec_diffs(1,34)",0.75553508,-3,3,-3.5372557e-06,""
91,"region_rec_diffs(1,35)",0.29391967,-3,3,5.6580993e-06,""
92,"region_rec_diffs(1,36)",0.58079141,-3,3,-5.6356318e-07,""
93,"region_rec_diffs(1,37)",0.71512099,-3,3,1.8750025e-06,""
94,"region_rec_diffs(1,38)",-0.54034219,-3,3,-1.4194519e-06,""
95,"region_rec_diffs(1,39)",0.28622814,-3,3,2.6027746e-06,""
96,"region_rec_diffs(1,40)",-0.43479881,-3,3,-7.3683455e-06,""
97,"region_rec_diffs(1,41)",0.74936202,-3,3,4.1903107e-06,""
98,"region_rec_diffs(1,42)",0.70079904,-3,3,-5.8671902e-06,""
99,"region_rec_diffs(1,43)",-0.37865199,-3,3,2.2875565e-06,""
100,"region_rec_diffs(1,44)",0.67672967,-3,3,9.4238024e-06,""
101,"region_rec_diffs(1,45)",0.9583847,-3,3,5.9868557e-06,""
102,"region_rec_diffs(1,46)",0.77975051,-3,3,2.3402771e-06,""
103,"region_rec_diffs(1,47)",0.62761463,-3,3,7.1317352e-06,""
104,"region_rec_diffs(1,48)",1.1691147,-3,3,-3.1868773e-07,""
105,"region_rec_diffs(1,49)",-0.9338171,-3,3,-2.064838e-06,""
106,"region_rec_diffs(1,50)",1.1215428,-3,3,4.3562736e-10,""
107,"region_rec_diffs(1,51)",0.13838446,-3,3,-2.8026374e-07,""
108,"region_rec_diffs(1,52)",-0.074209011,-3,3,-2.21789e-06,""
109,"region_rec_diffs(1,53)",0.86710465,-3,3,3.9640202e-06,""
110,"region_rec_diffs(1,54)",0.48907661,-3,3,6.3505369e-06,""
111,"region_rec_diffs(1,55)",0.28010249,-3,3,-7.1880931e-06,""
112,"region_rec_diffs(1,56)",-0.31597156,-3,3,-6.9632783e-06,""
113,"region_rec_diffs(1,57)",-0.027502078,-3,3,3.2857993e-06,""
114,"region_rec_diffs(1,58)",0.67674896,-3,3,-6.639643e-07,""
115,"region_rec_diffs(1,59)",0.27825367,-3,3,-9.9209455e-06,""
116,"region_rec_diffs(1,60)",0.3239202,-3,3,6.4111231e-06,""
117,"region_rec_diffs(1,61)",1.0915789,-3,3,-4.8406552e-07,""
118,"region_rec_diffs(1,62)",-0.2536238,-3,3,1.0363363e-05,""
119,"region_rec_diffs(1,63)",0.94770503,-3,3,9.3258143e-07,""
120,"region_rec_diffs(1,64)",1.0572078,-3,3,1.1906055e-06,""
121,"region_rec_diffs(1,65)",-0.53799658,-3,3,-2.4978167e-05,""
122,"region_rec_diffs(1,66)",-0.19609362,-3,3,6.8499649e-08,""
123,"region_rec_diffs(1,67)",0.30833487,-3,3,-9.1116532e-06,""
124,"region_rec_diffs(1,68)",1.0762556,-3,3,1.0590238e-06,""
125,"region_rec_diffs(1,69)",-1.6358182,-3,3,1.7734283e-06,""
126,"region_rec_diffs(1,70)",-0.55857611,-3,3,-8.6449015e-06,""
127,"region_rec_diffs(1,71)",0.42481202,-3,3,-1.5287748e-05,""
128,"region_rec_diffs(1,72)",0.98519337,-3,3,-2.9468768e-06,""
129,"region_rec_diffs(1,73)",-0.88211851,-3,3,-1.7748866e-05,""
130,"region_rec_diffs(1,74)",0.20592585,-3,3,1.2592591e-05,""
131,"region_rec_diffs(1,75)",-0.68430401,-3,3,3.144389e-06,""
132,"region_rec_diffs(1,76)",-1.3666259,-3,3,-2.1544531e-05,""
133,"region_rec_diffs(1,77)",-0.041474407,-3,3,2.5407871e-06,""
134,"region_rec_diffs(1,78)",-0.72643085,-3,3,2.4568822e-06,""
135,"region_rec_diffs(1,79)",0.26207305,-3,3,4.2365738e-06,""
136,"region_rec_diffs(1,80)",0.92552575,-3,3,-4.4067592e-06,""
137,"region_rec_diffs(1,81)",-1.6344744,-3,3,-1.3448054e-06,""
138,"region_rec_diffs(1,82)",0.82608332,-3,3,7.9359484e-07,""
139,"region_rec_diffs(1,83)",-0.46233218,-3,3,9.3122613e-06,""
140,"region_rec_diffs(1,84)",0.84041764,-3,3,1.6738752e-08,""
141,"region_rec_diffs(1,85)",-1.5023411,-3,3,-1.7376118e-07,""
142,"region_rec_diffs(1,86)",0.87163966,-3,3,-1.0486705e-06,""
143,"region_rec_diffs(1,87)",0.14785775,-3,3,6.3806382e-06,""
144,"region_rec_diffs(1,88)",-0.53890518,-3,3,1.4126103e-05,""
145,"region_rec_diffs(1,89)",1.1016089,-3,3,-3.3725705e-07,""
146,"region_rec_diffs(1,90)",-0.34126814,-3,3,-2.1935087e-05,""
147,"region_rec_diffs(1,91)",-0.61441965,-3,3,9.0062107e-06,""
148,"region_rec_diffs(1,92)",0.53602182,-3,3,8.3180162e-06,""
149,"region_rec_diffs(1,93)",-1.9624751,-3,3,-1.5667855e-06,""
150,"region_rec_diffs(1,94)",0.91697385,-3,3,2.8697234e-06,""
151,"region_rec_diffs(1,95)",0.14202883,-3,3,-2.6816128e-06,""
152,"region_rec_diffs(1,96)",-0.63219087,-3,3,-1.4900982e-05,""
153,"region_rec_diffs(1,97)",-0.58916277,-3,3,-1.1662145e-06,""
154,"region_rec_diffs(1,98)",0.34156232,-3,3,-1.198479e-05,""
155,"region_rec_diffs(1,99)",-0.66480554,-3,3,-1.4105787e-05,""
156,"region_rec_diffs(1,100)",0.4074588,-3,3,3.2487682e-06,""
157,"region_rec_diffs(1,101)",0.10520402,-3,3,7.2388594e-07,""
158,"region_rec_diffs(1,102)",0.50329884,-3,3,5.9937931e-07,""
159,"region_rec_diffs(1,103)",0.80084129,-3,3,6.8900259e-06,""
160,"region_rec_diffs(1,104)",0.19243269,-3,3,5.2750462e-06,""
161,"region_rec_diffs(1,105)",-0.29828801,-3,3,-1.8298086e-06,""
162,"region_rec_diffs(1,106)",0.085008831,-3,3,-1.4584875e-06,""
163,"region_rec_diffs(1,107)",0.15984534,-3,3,-6.8993406e-06,""
164,"region_rec_diffs(1,108)",-0.25056814,-3,3,1.3622617e-06,""
165,"region_rec_diffs(1,109)",0.35292498,-3,3,8.027826e-06,""
166,"region_rec_diffs(1,110)",-0.13112463,-3,3,-2.2489023e-06,""
167,"region_rec_diffs(1,111)",-1.1584288,-3,3,2.3461844e-06,""
168,"region_rec_diffs(1,112)",0.44528689,-3,3,7.5542836e-06,""
169,"region_rec_diffs(1,113)",0.24383206,-3,3,1.2741202e-05,""
170,"region_rec_diffs(1,114)",-0.49790931,-3,3,-2.5959663e-06,""
171,"region_rec_diffs(1,115)",-0.83300491,-3,3,-1.5005869e-06,""
172,"region_rec_diffs(1,116)",0.20149704,-3,3,-3.179468e-06,""
173,"region_rec_diffs(1,117)",-0.11899269,-3,3,1.1543358e-05,""
174,"region_rec_diffs(1,118)",-1.3397573,-3,3,6.7008568e-06,""
175,"region_rec_diffs(1,119)",0.29708191,-3,3,3.2568007e-06,""
176,"region_rec_diffs(1,120)",-0.066531637,-3,3,1.0645883e-06,""
177,"region_rec_diffs(1,121)",0.0061028507,-3,3,6.6716943e-06,""
178,"region_rec_diffs(1,122)",-0.34216792,-3,3,-1.2010991e-05,""
179,"region_rec_diffs(1,123)",-0.16465055,-3,3,5.9306121e-06,""
180,"region_rec_diffs(1,124)",0.88113656,-3,3,-5.3231364e-07,""
181,"region_rec_diffs(1,125)",-1.0316832,-3,3,-2.6819345e-06,""
182,"region_rec_diffs(1,126)",-0.24389913,-3,3,-3.4407409e-06,""
183,"region_rec_diffs(1,127)",0.12695292,-3,3,7.7864292e-06,""
184,"region_rec_diffs(1,128)",0.32591297,-3,3,6.0718002e-06,""
185,"region_rec_diffs(1,129)",-1.5302575,-3,3,1.1993465e-05,""
186,"region_rec_diffs(1,130)",-1.2181368,-3,3,-9.0184792e-07,""
187,"region_rec_diffs(1,131)",0.22761543,-3,3,2.4009985e-06,""
188,"region_rec_diffs(1,132)",-0.40536754,-3,3,-1.5751521e-05,""
189,"region_rec_diffs(1,133)",0.22443362,-3,3,1.6359177e-05,""
190,"region_rec_diffs(1,134)",0.53937358,-3,3,4.9292671e-06,""
191,"region_rec_diffs(1,135)",-0.6825981,-3,3,2.0208618e-05,""
192,"region_rec_diffs(1,136)",0.19436932,-3,3,5.8355358e-07,""
193,"region_rec_diffs(1,137)",-0.51308885,-3,3,-1.1407844e-05,""
194,"region_rec_diffs(1,138)",-0.78696584,-3,3,-6.7420073e-06,""
195,"region_rec_diffs(1,139)",-0.72523712,-3,3,1.9692525e-06,""
196,"region_rec_diffs(1,140)",-0.87778457,-3,3,9.0684239e-06,""
197,"region_rec_diffs(1,141)",-0.20318859,-3,3,-2.9961711e-05,""
198,"region_rec_diffs(1,142)",0.32065336,-3,3,-1.3413858e-05,""
199,"region_rec_diffs(1,143)",-1.0091087,-3,3,-2.9949658e-05,""
200,"region_rec_diffs(1,144)",0.12715331,-3,3,1.2072072e-05,""
201,"region_rec_diffs(1,145)",-0.8752695,-3,3,-5.4250472e-06,""
202,"region_rec_diffs(1,146)",0.68706603,-3,3,3.4974558e-06,""
203,"region_rec_diffs(1,147)",-0.712698,-3,3,-8.008617e-06,""
204,"region_rec_diffs(1,148)",0.41210021,-3,3,-2.7538775e-06,""
205,"region_rec_diffs(1,149)",-1.3022642,-3,3,6.1847622e-06,""
206,"region_rec_diffs(1,150)",0.42066503,-3,3,8.0358003e-07,""
207,"region_rec_diffs(1,151)",-1.3211684,-3,3,4.8153403e-07,""
208,"region_rec_diffs(1,152)",-0.21293951,-3,3,6.4369131e-06,""
209,"region_rec_diffs(1,153)",1.0580066,-3,3,3.4702497e-06,""
210,"region_rec_diffs(1,154)",-2.3916283,-3,3,8.608915e-06,""
211,"region_rec_diffs(1,155)",-0.095690475,-3,3,4.8444386e-06,""
212,"region_rec_diffs(1,156)",-0.092050091,-3,3,6.604734e-06,""
213,"region_rec_diffs(1,157)",-0.13081761,-3,3,9.7907879e-06,""
214,"region_rec_diffs(1,158)",-2.0428259,-3,3,5.9992165e-06,""
215,"region_rec_diffs(1,159)",-2.7243416,-3,3,5.3548828e-06,""
216,"region_rec_diffs(1,160)",-1.2417486,-3,3,-2.7447734e-06,""
217,"region_rec_diffs(1,161)",-0.52612559,-3,3,1.7624308e-06,""
218,"region_rec_diffs(1,162)",-0.29379142,-3,3,2.8644073e-06,""
219,"region_rec_diffs(1,163)",-0.9696119,-3,3,-1.2893832e-05,""
220,"region_rec_diffs(1,164)",-0.10229939,-3,3,1.112908e-07,""
221,"region_rec_diffs(1,165)",0.20734097,-3,3,-2.2036169e-06,""
222,"region_rec_diffs(1,166)",-1.5248377,-3,3,4.9639427e-06,""
223,"region_rec_diffs(1,167)",-2.1557123,-3,3,8.7131616e-06,""
224,"region_rec_diffs(1,168)",-1.0442436,-3,3,-2.8840867e-06,""
225,"region_rec_diffs(1,169)",-1.3821053,-3,3,-4.114749e-06,""
226,"region_rec_diffs(1,170)",-0.33982801,-3,3,-1.0860823e-05,""
227,"region_rec_diffs(1,171)",0.69160453,-3,3,9.1559342e-06,""
228,"region_rec_diffs(1,172)",-1.6651379,-3,3,1.5561664e-06,""
229,"region_rec_diffs(1,173)",1.0758815,-3,3,7.3874274e-07,""
230,"region_rec_diffs(1,174)",-0.11669561,-3,3,-1.1358656e-05,""
231,"region_rec_diffs(1,175)",-1.7078713,-3,3,5.5085931e-06,""
232,"region_rec_diffs(1,176)",-0.29550829,-3,3,-1.7494406e-05,""
233,"region_rec_diffs(1,177)",-2.1147295,-3,3,1.0408626e-05,""
234,"region_rec_diffs(1,178)",-0.24791545,-3,3,8.5218384e-06,""
235,"region_rec_diffs(1,179)",-0.68339866,-3,3,-4.5732804e-06,""
236,"region_rec_diffs(1,180)",-0.33986356,-3,3,1.3349349e-06,""
237,"region_rec_diffs(1,181)",-0.27561233,-3,3,-1.1648252e-05,""
238,"region_rec_diffs(1,182)",-1.6078953,-3,3,-9.7684373e-06,""
239,"region_rec_diffs(1,183)",-2.3148755,-3,3,1.9809058e-06,""
240,"region_rec_diffs(1,184)",-0.38238413,-3,3,-2.5827811e-06,""
241,"region_rec_diffs(1,185)",-1.49576,-3,3,-1.8959998e-05,""
242,"region_rec_diffs(1,186)",-1.5320605,-3,3,1.854849e-06,""
243,"region_rec_diffs(1,187)",-1.3475862,-3,3,1.331074e-05,""
244,"region_rec_diffs(1,188)",-0.15950192,-3,3,3.2958879e-06,""
245,"region_rec_diffs(1,189)",-1.0981308,-3,3,3.3450101e-06,""
246,"region_rec_diffs(1,190)",-0.83506057,-3,3,3.5491646e-06,""
247,"region_rec_diffs(1,191)",-1.3448832,-3,3,-5.3349545e-06,""
248,"region_rec_diffs(1,192)",-0.38390737,-3,3,-1.472664e-05,""
249,"region_rec_diffs(1,193)",-0.18817819,-3,3,2.0799019e-05,""
250,"region_rec_diffs(1,194)",-0.27623332,-3,3,9.8721701e-06,""
251,"region_rec_diffs(1,195)",-1.8547468,-3,3,2.8584022e-06,""
252,"region_rec_diffs(1,196)",-0.55482686,-3,3,-2.6054224e-06,""
253,"region_rec_diffs(1,197)",0.2862238,-3,3,-5.0107823e-06,""
254,"region_rec_diffs(1,198)",-1.8333957,-3,3,-6.3705369e-06,""
255,"region_rec_diffs(1,199)",-1.9675746,-3,3,-6.1805023e-06,""
256,"region_rec_diffs(1,200)",-1.0357037,-3,3,-5.0547264e-06,""
257,"region_rec_diffs(1,201)",-0.37252954,-3,3,5.0980707e-06,""
258,"region_rec_diffs(1,202)",-0.62045672,-3,3,9.4866062e-06,""
259,"region_rec_diffs(1,203)",0.36669246,-3,3,-7.6068271e-06,""
260,"region_rec_diffs(1,204)",-1.6847085,-3,3,-3.7420528e-07,""
261,"region_rec_diffs(1,205)",-1.9698911,-3,3,2.8891745e-06,""
262,"region_rec_diffs(1,206)",-1.0401043,-3,3,-3.7191396e-06,""
263,"region_rec_diffs(1,207)",-1.2893086,-3,3,1.48704e-05,""
264,"region_rec_diffs(1,208)",-1.5981742,-3,3,-3.1392495e-05,""
265,"region_rec_diffs(1,209)",-0.69325738,-3,3,-3.5145256e-06,""
266,"region_rec_diffs(1,210)",-0.22352625,-3,3,-1.310352e-05,""
267,"region_rec_diffs(1,211)",0.3944144,-3,3,2.7467662e-06,""
268,"region_rec_diffs(1,212)",-1.5489451,-3,3,-1.133491e-05,""
269,"region_rec_diffs(1,213)",-2.4366798,-3,3,-9.9294182e-07,""
270,"region_rec_diffs(1,214)",-2.4408089,-3,3,1.7414058e-06,""
271,"region_rec_diffs(1,215)",-2.0803237,-3,3,1.1622153e-05,""
272,"region_rec_diffs(1,216)",-0.24331762,-3,3,2.3430789e-05,""
273,"region_rec_diffs(1,217)",0.033020085,-3,3,-1.738867e-05,""
274,"region_rec_diffs(1,218)",-2.4636863,-3,3,7.0312207e-07,""
275,"region_rec_diffs(1,219)",-1.8154486,-3,3,-2.7160056e-06,""
276,"region_rec_diffs(1,220)",0.046136735,-3,3,-2.6805874e-06,""
277,"region_rec_diffs(1,221)",-0.65696263,-3,3,-3.3089113e-06,""
278,"region_rec_diffs(1,222)",-1.5574159,-3,3,-4.5204207e-06,""
279,"region_rec_diffs(1,223)",-0.90447062,-3,3,1.3877337e-06,""
280,"region_rec_diffs(1,224)",-0.30329663,-3,3,1.2311537e-05,""
281,"region_rec_diffs(1,225)",-1.3822108,-3,3,6.8111758e-06,""
282,"region_rec_diffs(1,226)",-2.9570471,-3,3,6.6836564e-07,""
283,"region_rec_diffs(1,227)",-2.4199866,-3,3,-2.2001835e-05,""
284,"region_rec_diffs(1,228)",-0.91955343,-3,3,-2.585443e-05,""
285,"region_rec_diffs(1,229)",0.38047939,-3,3,-8.1713764e-06,""
286,"region_rec_diffs(1,230)",-1.7991441,-3,3,9.2569518e-06,""
287,"region_rec_diffs(1,231)",-0.52692003,-3,3,7.654158e-06,""
288,"region_rec_diffs(1,232)",-0.037436248,-3,3,-4.4059237e-06,""
289,"region_rec_diffs(1,233)",-1.2347743,-3,3,1.1800318e-06,""
290,"region_rec_diffs(1,234)",-1.2935322,-3,3,2.2144805e-05,""
291,"region_rec_diffs(1,235)",-1.2907138,-3,3,-1.1524333e-05,""
292,"region_rec_diffs(1,236)",-0.3116634,-3,3,-7.7303452e-06,""
293,"region_rec_diffs(1,237)",-0.59000807,-3,3,8.3129274e-06,""
294,"region_rec_diffs(1,238)",-1.1196023,-3,3,2.1473074e-05,""
295,"region_rec_diffs(1,239)",-1.1930043,-3,3,1.3646979e-05,""
296,"region_rec_diffs(1,240)",-1.3170047,-3,3,1.6237133e-05,""
297,"region_rec_diffs(1,241)",0.26840954,-3,3,-1.3761943e-05,""
298,"region_rec_diffs(1,242)",-0.85609027,-3,3,2.4899243e-05,""
299,"region_rec_diffs(1,243)",-0.037459035,-3,3,-1.724389e-05,""
300,"region_rec_diffs(1,244)",-0.027406494,-3,3,8.1351785e-06,""
301,"region_rec_diffs(1,245)",-1.0008199,-3,3,-6.4181227e-06,""
302,"region_rec_diffs(1,246)",-1.304733,-3,3,9.813953e-06,""
303,"region_rec_diffs(1,247)",-1.2523132,-3,3,-9.5757369e-06,""
304,"region_rec_diffs(1,248)",-0.14177775,-3,3,-8.9119196e-06,""
305,"region_rec_diffs(1,249)",-0.51465552,-3,3,3.8622703e-05,""
306,"region_rec_diffs(1,250)",-0.9779434,-3,3,-4.1783035e-07,""
307,"region_rec_diffs(1,251)",-1.0098775,-3,3,-8.9664883e-06,""
308,"region_rec_diffs(1,252)",-0.64374213,-3,3,3.0210295e-06,""
309,"region_rec_diffs(1,253)",0.065257474,-3,3,-6.6021128e-06,""
310,"region_rec_diffs(1,254)",-0.58311296,-3,3,-9.5526555e-06,""
311,"region_rec_diffs(1,255)",-0.91747778,-3,3,1.7537218e-05,""
312,"region_rec_diffs(1,256)",-0.36346182,-3,3,-1.8498251e-05,""
313,"region_rec_diffs(1,257)",0.075107218,-3,3,1.1352419e-06,""
314,"region_rec_diffs(1,258)",-0.34123472,-3,3,-4.6385299e-06,""
315,"region_rec_diffs(1,259)",-0.092393485,-3,3,4.1836514e-06,""
316,"region_rec_diffs(1,260)",0.52906912,-3,3,-5.5560308e-06,""
317,"region_rec_diffs(1,261)",-0.29527055,-3,3,-6.1879368e-06,""
318,"region_rec_diffs(1,262)",-0.64887833,-3,3,2.4912251e-05,""
319,"region_rec_diffs(1,263)",-0.3618465,-3,3,-3.5411003e-05,""
320,"region_rec_diffs(1,264)",-0.17340873,-3,3,1.6002889e-05,""
321,"region_rec_diffs(1,265)",0.032692423,-3,3,-4.539751e-07,""
322,"region_rec_diffs(1,266)",-0.10815435,-3,3,2.9176411e-05,""
323,"region_rec_diffs(1,267)",-0.46197419,-3,3,-1.7704395e-06,""
324,"region_rec_diffs(1,268)",-0.7643852,-3,3,-6.9816519e-07,""
325,"region_rec_diffs(1,269)",-1.6423975,-3,3,-1.3997984e-05,""
326,"region_rec_diffs(1,270)",-0.5191423,-3,3,1.4833518e-05,""
327,"region_rec_diffs(1,271)",-1.1760367,-3,3,5.1676834e-06,""
328,"region_rec_diffs(1,272)",0.16506823,-3,3,1.5113292e-06,""
329,"region_rec_diffs(1,273)",-0.59459342,-3,3,-3.6643161e-06,""
330,"region_rec_diffs(1,274)",-0.86116034,-3,3,2.8839187e-05,""
331,"region_rec_diffs(1,275)",-0.34368614,-3,3,1.3699949e-05,""
332,"region_rec_diffs(1,276)",-0.58338866,-3,3,-1.9319265e-06,""
333,"region_rec_diffs(1,277)",-0.53054156,-3,3,-2.1561463e-06,""
334,"region_rec_diffs(1,278)",-0.257283,-3,3,1.690727e-05,""
335,"region_rec_diffs(1,279)",-1.3724416,-3,3,-1.7606447e-05,""
336,"region_rec_diffs(1,280)",-1.6951468,-3,3,-9.1623534e-07,""
337,"region_rec_diffs(1,281)",-1.1431868,-3,3,-9.4027799e-06,""
338,"region_rec_diffs(1,282)",-1.6819346,-3,3,8.428367e-06,""
339,"region_rec_diffs(1,283)",-0.49862922,-3,3,-6.5758151e-06,""
340,"region_rec_diffs(1,284)",-1.522001,-3,3,-9.9712194e-07,""
341,"region_rec_diffs(1,285)",-0.12293091,-3,3,2.6730382e-06,""
342,"region_rec_diffs(1,286)",-0.72488743,-3,3,8.9446894e-06,""
343,"region_rec_diffs(1,287)",-2.9350507,-3,3,1.3601637e-05,""
344,"region_rec_diffs(1,288)",-1.3567242,-3,3,-2.8018239e-07,""
345,"region_rec_diffs(1,289)",-0.15167258,-3,3,-3.0163068e-06,""
346,"region_rec_diffs(1,290)",0.97190435,-3,3,2.8174157e-06,""
347,"region_rec_diffs(1,291)",0.86324512,-3,3,-6.5895655e-07,""
348,"region_rec_diffs(2,1)",0,-3,3,1.9497873e-16,""
349,"region_rec_diffs(2,2)",0.16581408,-3,3,2.8546545e-07,""
350,"region_rec_diffs(2,3)",0.24737558,-3,3,3.3547333e-06,""
351,"region_rec_diffs(2,4)",0.22362435,-3,3,-2.0591379e-05,""
352,"region_rec_diffs(2,5)",0.15365565,-3,3,1.0298872e-05,""
353,"region_rec_diffs(2,6)",0.33226367,-3,3,2.7913389e-05,""
354,"region_rec_diffs(2,7)",0.08865059,-3,3,-1.5837245e-06,""
355,"region_rec_diffs(2,8)",0.0068286637,-3,3,-1.1497641e-06,""
356,"region_rec_diffs(2,9)",-0.069796384,-3,3,-1.9614449e-06,""
357,"region_rec_diffs(2,10)",-0.47357792,-3,3,1.0950459e-05,""
358,"region_rec_diffs(2,11)",0.0080579827,-3,3,-3.740004e-06,""
359,"region_rec_diffs(2,12)",-0.041154034,-3,3,-8.5463219e-07,""
360,"region_rec_diffs(2,13)",-0.58557893,-3,3,5.7915308e-07,""
361,"region_rec_diffs(2,14)",0.44489103,-3,3,1.1119718e-05,""
362,"region_rec_diffs(2,15)",-0.0079877022,-3,3,-8.3357235e-07,""
363,"region_rec_diffs(2,16)",-0.047045787,-3,3,-6.2358117e-07,""
364,"region_rec_diffs(2,17)",0.91451945,-3,3,1.240761e-07,""
365,"region_rec_diffs(2,18)",0.2658685,-3,3,-4.8516722e-06,""
366,"region_rec_diffs(2,19)",-0.51341429,-3,3,6.7044859e-08,""
367,"region_rec_diffs(2,20)",-0.17668062,-3,3,-1.6139842e-07,""
368,"region_rec_diffs(2,21)",-0.35134851,-3,3,-4.9812212e-06,""
369,"region_rec_diffs(2,22)",-0.7060652,-3,3,-1.1645122e-06,""
370,"region_rec_diffs(2,23)",-0.77075753,-3,3,-3.9694665e-06,""
371,"region_rec_diffs(2,24)",-0.27665616,-3,3,-1.5621262e-06,""
372,"region_rec_diffs(2,25)",-1.2483142,-3,3,-2.0667507e-06,""
373,"region_rec_diffs(2,26)",-0.27081257,-3,3,1.9319979e-06,""
374,"region_rec_diffs(2,27)",-2.2648127,-3,3,-7.6511791e-06,""
375,"region_rec_diffs(2,28)",-0.1314338,-3,3,7.8479437e-07,""
376,"region_rec_diffs(2,29)",1.1735125,-3,3,-1.2966754e-05,""
377,"region_rec_diffs(2,30)",0.23726264,-3,3,-2.3159613e-06,""
378,"region_rec_diffs(2,31)",0.078431816,-3,3,-3.7685603e-06,""
379,"region_rec_diffs(2,32)",-0.0091800803,-3,3,-1.8520657e-06,""
380,"region_rec_diffs(2,33)",-0.60881309,-3,3,1.1996808e-06,""
381,"region_rec_diffs(2,34)",-1.8177537,-3,3,-2.703251e-06,""
382,"region_rec_diffs(2,35)",-0.2206793,-3,3,-5.6944051e-07,""
383,"region_rec_diffs(2,36)",-0.58387925,-3,3,-1.0917492e-05,""
384,"region_rec_diffs(2,37)",-1.7624727,-3,3,2.4343005e-06,""
385,"region_rec_diffs(2,38)",-0.081729339,-3,3,2.4776493e-06,""
386,"region_rec_diffs(2,39)",-0.46796277,-3,3,-1.9015892e-06,""
387,"region_rec_diffs(2,40)",-1.0071825,-3,3,-1.6480923e-07,""
388,"region_rec_diffs(2,41)",0.12104183,-3,3,1.2685353e-05,""
389,"region_rec_diffs(2,42)",-1.2274012,-3,3,-4.320408e-07,""
390,"region_rec_diffs(2,43)",-1.186171,-3,3,1.7248514e-06,""
391,"region_rec_diffs(2,44)",0.025959562,-3,3,9.6620018e-06,""
392,"region_rec_diffs(2,45)",-1.6896861,-3,3,-2.3235747e-06,""
393,"region_rec_diffs(2,46)",-0.88263636,-3,3,3.0747483e-07,""
394,"region_rec_diffs(2,47)",-1.6221808,-3,3,-2.3349833e-06,""
395,"region_rec_diffs(2,48)",-1.8019018,-3,3,-1.1477666e-06,""
396,"region_rec_diffs(2,49)",0.61189151,-3,3,-4.3984587e-07,""
397,"region_rec_diffs(2,50)",-0.78485686,-3,3,-4.2829978e-06,""
398,"region_rec_diffs(2,51)",-0.13849347,-3,3,1.783113e-06,""
399,"region_rec_diffs(2,52)",0.46164298,-3,3,1.2788265e-06,""
400,"region_rec_diffs(2,53)",-1.2160348,-3,3,7.0991556e-06,""
401,"region_rec_diffs(2,54)",-1.7034678,-3,3,-4.1262761e-06,""
402,"region_rec_diffs(2,55)",-0.36667905,-3,3,2.4641383e-07,""
403,"region_rec_diffs(2,56)",-1.3608629,-3,3,-7.9175573e-06,""
404,"region_rec_diffs(2,57)",-1.0050388,-3,3,3.8716517e-06,""
405,"region_rec_diffs(2,58)",-1.8270785,-3,3,5.3214701e-06,""
406,"region_rec_diffs(2,59)",-0.29852698,-3,3,3.4164131e-06,""
407,"region_rec_diffs(2,60)",-2.0603251,-3,3,-3.0760025e-06,""
408,"region_rec_diffs(2,61)",-1.7304539,-3,3,-4.3045809e-06,""
409,"region_rec_diffs(2,62)",0.18407833,-3,3,2.8447033e-06,""
410,"region_rec_diffs(2,63)",-0.4517962,-3,3,6.4806329e-07,""
411,"region_rec_diffs(2,64)",-0.91383326,-3,3,-2.6269877e-06,""
412,"region_rec_diffs(2,65)",0.19665809,-3,3,-6.182921e-06,""
413,"region_rec_diffs(2,66)",0.18445653,-3,3,9.8372636e-08,""
414,"region_rec_diffs(2,67)",0.096198275,-3,3,-4.6590877e-06,""
415,"region_rec_diffs(2,68)",0.068644907,-3,3,-3.4205963e-06,""
416,"region_rec_diffs(2,69)",-0.0082263495,-3,3,-9.6699602e-06,""
417,"region_rec_diffs(2,70)",-0.85511874,-3,3,-2.5710986e-06,""
418,"region_rec_diffs(2,71)",-0.31900934,-3,3,-5.331631e-06,""
419,"region_rec_diffs(2,72)",-1.5996577,-3,3,-1.4243993e-07,""
420,"region_rec_diffs(2,73)",0.029478321,-3,3,-9.7290299e-06,""
421,"region_rec_diffs(2,74)",0.39837382,-3,3,5.0546273e-06,""
422,"region_rec_diffs(2,75)",0.088711868,-3,3,1.7183628e-06,""
423,"region_rec_diffs(2,76)",2.0600313,-3,3,-4.5302693e-05,""
424,"region_rec_diffs(2,77)",0.33423889,-3,3,2.0486927e-06,""
425,"region_rec_diffs(2,78)",-0.36995445,-3,3,-4.3546955e-06,""
426,"region_rec_diffs(2,79)",0.11380516,-3,3,1.2659277e-06,""
427,"region_rec_diffs(2,80)",-1.1449808,-3,3,-2.7122069e-06,""
428,"region_rec_diffs(2,81)",1.9199549,-3,3,2.6339367e-06,""
429,"region_rec_diffs(2,82)",-0.65361048,-3,3,-2.44333e-06,""
430,"region_rec_diffs(2,83)",-1.3842201,-3,3,1.2416631e-06,""
431,"region_rec_diffs(2,84)",-0.65283131,-3,3,-6.4784585e-07,""
432,"region_rec_diffs(2,85)",-0.83274393,-3,3,5.522628e-06,""
433,"region_rec_diffs(2,86)",-0.64999203,-3,3,1.5003904e-06,""
434,"region_rec_diffs(2,87)",-0.22831787,-3,3,-7.587588e-07,""
435,"region_rec_diffs(2,88)",0.32694621,-3,3,4.8360673e-06,""
436,"region_rec_diffs(2,89)",-0.014599403,-3,3,-1.0596956e-06,""
437,"region_rec_diffs(2,90)",0.10991519,-3,3,-8.7766251e-06,""
438,"region_rec_diffs(2,91)",-0.85565288,-3,3,-2.4438379e-06,""
439,"region_rec_diffs(2,92)",1.4550029,-3,3,-6.1481574e-06,""
440,"region_rec_diffs(2,93)",-0.49239902,-3,3,-2.9998483e-06,""
441,"region_rec_diffs(2,94)",-1.5721139,-3,3,-6.3084635e-06,""
442,"region_rec_diffs(2,95)",-1.3441747,-3,3,-4.0994493e-06,""
443,"region_rec_diffs(2,96)",-1.4726782,-3,3,-3.2341816e-06,""
444,"region_rec_diffs(2,97)",-0.99970997,-3,3,-1.669359e-06,""
445,"region_rec_diffs(2,98)",-0.73120474,-3,3,-2.3087787e-06,""
446,"region_rec_diffs(2,99)",-1.1678304,-3,3,-9.6420025e-07,""
447,"region_rec_diffs(2,100)",1.3259579,-3,3,-9.0326762e-06,""
448,"region_rec_diffs(2,101)",-1.0936028,-3,3,1.7866448e-06,""
449,"region_rec_diffs(2,102)",-0.20494026,-3,3,-2.0216238e-06,""
450,"region_rec_diffs(2,103)",0.26337917,-3,3,-1.0722821e-05,""
451,"region_rec_diffs(2,104)",-1.5528524,-3,3,-1.8585316e-05,""
452,"region_rec_diffs(2,105)",-0.53676298,-3,3,-3.249145e-06,""
453,"region_rec_diffs(2,106)",-0.23442681,-3,3,-2.3499726e-07,""
454,"region_rec_diffs(2,107)",0.023492023,-3,3,-8.69243e-07,""
455,"region_rec_diffs(2,108)",0.64243356,-3,3,7.9631913e-06,""
456,"region_rec_diffs(2,109)",-0.84206158,-3,3,-1.8954674e-05,""
457,"region_rec_diffs(2,110)",0.0086317743,-3,3,-8.2674661e-06,""
458,"region_rec_diffs(2,111)",0.24331376,-3,3,2.7485287e-06,""
459,"region_rec_diffs(2,112)",-2.0533559,-3,3,6.4416012e-06,""
460,"region_rec_diffs(2,113)",-2.9999986,-3,3,5.3506162e-08,"*"
461,"region_rec_diffs(2,114)",-0.11488262,-3,3,-3.9930254e-06,""
462,"region_rec_diffs(2,115)",-0.82596643,-3,3,-2.4972826e-06,""
463,"region_rec_diffs(2,116)",-1.1430119,-3,3,-6.2775644e-07,""
464,"region_rec_diffs(2,117)",-0.70760375,-3,3,7.2063671e-06,""
465,"region_rec_diffs(2,118)",-0.83077549,-3,3,3.6625335e-06,""
466,"region_rec_diffs(2,119)",0.74821058,-3,3,1.4471366e-06,""
467,"region_rec_diffs(2,120)",-0.41991672,-3,3,-2.4984725e-06,""
468,"region_rec_diffs(2,121)",-2.9999997,-3,3,2.154214e-09,"*"
469,"region_rec_diffs(2,122)",-2.9999994,-3,3,-2.3262938e-08,"*"
470,"region_rec_diffs(2,123)",0.25521929,-3,3,7.7927451e-06,""
471,"region_rec_diffs(2,124)",-2.5226432,-3,3,-4.7571023e-06,""
472,"region_rec_diffs(2,125)",-2.5549694,-3,3,-3.2222232e-06,""
473,"region_rec_diffs(2,126)",1.7290374,-3,3,1.0073529e-05,""
474,"region_rec_diffs(2,127)",0.47593796,-3,3,-3.3698083e-06,""
475,"region_rec_diffs(2,128)",-1.7570466,-3,3,-1.5388636e-05,""
476,"region_rec_diffs(2,129)",-2.9999996,-3,3,-2.1092582e-08,"*"
477,"region_rec_diffs(2,130)",-1.0784795,-3,3,3.8877741e-06,""
478,"region_rec_diffs(2,131)",0.27279741,-3,3,1.5591173e-05,""
479,"region_rec_diffs(2,132)",-2.9999999,-3,3,-1.0319302e-09,"*"
480,"region_rec_diffs(2,133)",-2.9999999,-3,3,-2.6739971e-08,"*"
481,"region_rec_diffs(2,134)",-2.0928938,-3,3,-8.4524104e-06,""
482,"region_rec_diffs(2,135)",1.8625542,-3,3,1.4306208e-05,""
483,"region_rec_diffs(2,136)",1.6218658,-3,3,7.1050085e-06,""
484,"region_rec_diffs(2,137)",0.042348616,-3,3,-1.740434e-06,""
485,"region_rec_diffs(2,138)",0.22022467,-3,3,-8.0005949e-06,""
486,"region_rec_diffs(2,139)",1.5485726,-3,3,3.8037276e-07,""
487,"region_rec_diffs(2,140)",1.479221,-3,3,-1.0861649e-05,""
488,"region_rec_diffs(2,141)",-2.7123908,-3,3,1.3913597e-05,""
489,"region_rec_diffs(2,142)",-1.3085159,-3,3,-9.9251168e-08,""
490,"region_rec_diffs(2,143)",-2.0540558,-3,3,-4.9316183e-06,""
491,"region_rec_diffs(2,144)",1.0375619,-3,3,-8.3845316e-06,""
492,"region_rec_diffs(2,145)",-0.3811027,-3,3,-5.5844036e-06,""
493,"region_rec_diffs(2,146)",-0.22903169,-3,3,1.7497309e-06,""
494,"region_rec_diffs(2,147)",0.91163086,-3,3,-1.2923632e-05,""
495,"region_rec_diffs(2,148)",1.2682174,-3,3,1.0906045e-05,""
496,"region_rec_diffs(2,149)",0.7614253,-3,3,4.2581188e-06,""
497,"region_rec_diffs(2,150)",0.086958359,-3,3,4.7726207e-07,""
498,"region_rec_diffs(2,151)",-0.54746828,-3,3,5.1969975e-07,""
499,"region_rec_diffs(2,152)",1.6738837,-3,3,-1.8025807e-06,""
500,"region_rec_diffs(2,153)",-0.6379034,-3,3,-1.0166591e-05,""
501,"region_rec_diffs(2,154)",-1.7352572,-3,3,-6.6387399e-07,""
502,"region_rec_diffs(2,155)",-0.71055324,-3,3,1.2167367e-06,""
503,"region_rec_diffs(2,156)",1.1560233,-3,3,1.0568127e-05,""
504,"region_rec_diffs(2,157)",-1.484579,-3,3,-2.5644739e-06,""
505,"region_rec_diffs(2,158)",-0.16271311,-3,3,9.2749241e-06,""
506,"region_rec_diffs(2,159)",-0.70416483,-3,3,-8.6419385e-06,""
507,"region_rec_diffs(2,160)",0.25075891,-3,3,-1.1759021e-05,""
508,"region_rec_diffs(2,161)",-2.4885548,-3,3,-4.1106278e-06,""
509,"region_rec_diffs(2,162)",-1.4096652,-3,3,-6.2365206e-06,""
510,"region_rec_diffs(2,163)",1.8822622,-3,3,2.1318123e-05,""
511,"region_rec_diffs(2,164)",-0.046697007,-3,3,-1.121023e-05,""
512,"region_rec_diffs(2,165)",0.48342018,-3,3,-2.1402261e-06,""
513,"region_rec_diffs(2,166)",1.1991443,-3,3,-1.8225567e-05,""
514,"region_rec_diffs(2,167)",1.548314,-3,3,1.0976962e-05,""
515,"region_rec_diffs(2,168)",-0.14153412,-3,3,1.9110472e-06,""
516,"region_rec_diffs(2,169)",-0.095550919,-3,3,-1.7300673e-05,""
517,"region_rec_diffs(2,170)",1.8662705,-3,3,2.0471646e-05,""
518,"region_rec_diffs(2,171)",0.63071576,-3,3,-2.1274356e-05,""
519,"region_rec_diffs(2,172)",-2.5981983,-3,3,-1.0115824e-05,""
520,"region_rec_diffs(2,173)",-1.3606494,-3,3,-1.2425031e-06,""
521,"region_rec_diffs(2,174)",1.2846683,-3,3,1.0383597e-05,""
522,"region_rec_diffs(2,175)",1.7555291,-3,3,1.7126139e-05,""
523,"region_rec_diffs(2,176)",1.7962923,-3,3,-6.4610024e-06,""
524,"region_rec_diffs(2,177)",0.30240533,-3,3,-1.9473631e-06,""
525,"region_rec_diffs(2,178)",0.2419341,-3,3,-2.1215835e-05,""
526,"region_rec_diffs(2,179)",1.5158647,-3,3,-1.6225462e-05,""
527,"region_rec_diffs(2,180)",0.2630627,-3,3,1.1594424e-05,""
528,"region_rec_diffs(2,181)",1.1517059,-3,3,-6.188233e-06,""
529,"region_rec_diffs(2,182)",1.6930753,-3,3,8.4158959e-06,""
530,"region_rec_diffs(2,183)",1.949622,-3,3,-2.8749117e-05,""
531,"region_rec_diffs(2,184)",0.68889319,-3,3,1.7135545e-05,""
532,"region_rec_diffs(2,185)",-0.99974412,-3,3,-3.1216509e-06,""
533,"region_rec_diffs(2,186)",0.92811336,-3,3,-1.8151474e-05,""
534,"region_rec_diffs(2,187)",0.43373397,-3,3,-6.7708389e-06,""
535,"region_rec_diffs(2,188)",1.1163668,-3,3,2.9600835e-05,""
536,"region_rec_diffs(2,189)",0.87409675,-3,3,7.1156706e-06,""
537,"region_rec_diffs(2,190)",1.6243927,-3,3,2.5659117e-06,""
538,"region_rec_diffs(2,191)",0.93492913,-3,3,4.4499232e-06,""
539,"region_rec_diffs(2,192)",-0.81322041,-3,3,9.1017846e-06,""
540,"region_rec_diffs(2,193)",-1.6709964,-3,3,-1.188063e-06,""
541,"region_rec_diffs(2,194)",0.58339109,-3,3,-2.7463346e-05,""
542,"region_rec_diffs(2,195)",1.242357,-3,3,1.8920351e-06,""
543,"region_rec_diffs(2,196)",-0.2323822,-3,3,-1.9908061e-05,""
544,"region_rec_diffs(2,197)",0.21662223,-3,3,-1.1949923e-06,""
545,"region_rec_diffs(2,198)",2.0106666,-3,3,4.2015248e-06,""
546,"region_rec_diffs(2,199)",0.33346399,-3,3,1.5491132e-05,""
547,"region_rec_diffs(2,200)",1.7730329,-3,3,1.1251301e-05,""
548,"region_rec_diffs(2,201)",0.42993191,-3,3,3.314468e-06,""
549,"region_rec_diffs(2,202)",-1.3366479,-3,3,1.7318154e-06,""
550,"region_rec_diffs(2,203)",0.14484328,-3,3,5.9079345e-06,""
551,"region_rec_diffs(2,204)",1.971569,-3,3,1.2233434e-05,""
552,"region_rec_diffs(2,205)",-1.6399607,-3,3,-3.3475256e-06,""
553,"region_rec_diffs(2,206)",1.735124,-3,3,-1.7299868e-05,""
554,"region_rec_diffs(2,207)",0.55860628,-3,3,8.8105029e-06,""
555,"region_rec_diffs(2,208)",1.9016941,-3,3,-3.2286224e-06,""
556,"region_rec_diffs(2,209)",-0.78871936,-3,3,-4.1568581e-06,""
557,"region_rec_diffs(2,210)",-1.6609905,-3,3,-5.1247843e-06,""
558,"region_rec_diffs(2,211)",-1.4446319,-3,3,6.2201098e-07,""
559,"region_rec_diffs(2,212)",0.98150218,-3,3,1.8836889e-05,""
560,"region_rec_diffs(2,213)",0.47843159,-3,3,-5.9239493e-06,""
561,"region_rec_diffs(2,214)",1.4314392,-3,3,-7.9410374e-06,""
562,"region_rec_diffs(2,215)",0.22180375,-3,3,3.8305985e-06,""
563,"region_rec_diffs(2,216)",1.7152677,-3,3,1.5169115e-06,""
564,"region_rec_diffs(2,217)",0.72930579,-3,3,1.6766655e-05,""
565,"region_rec_diffs(2,218)",0.63962004,-3,3,1.8593395e-05,""
566,"region_rec_diffs(2,219)",1.2179075,-3,3,6.4760785e-07,""
567,"region_rec_diffs(2,220)",1.1655414,-3,3,7.2544996e-06,""
568,"region_rec_diffs(2,221)",0.97652845,-3,3,-1.7295543e-05,""
569,"region_rec_diffs(2,222)",0.99510043,-3,3,-4.4890949e-06,""
570,"region_rec_diffs(2,223)",-1.7377789,-3,3,-2.2872551e-06,""
571,"region_rec_diffs(2,224)",0.2889385,-3,3,1.2133445e-05,""
572,"region_rec_diffs(2,225)",1.0557014,-3,3,-2.9474145e-06,""
573,"region_rec_diffs(2,226)",1.2861406,-3,3,3.5593994e-06,""
574,"region_rec_diffs(2,227)",0.84506233,-3,3,1.3002657e-05,""
575,"region_rec_diffs(2,228)",1.105213,-3,3,6.0807456e-06,""
576,"region_rec_diffs(2,229)",0.10444574,-3,3,-1.443667e-05,""
577,"region_rec_diffs(2,230)",0.087763706,-3,3,-1.7905244e-06,""
578,"region_rec_diffs(2,231)",-1.0061771,-3,3,-6.6972972e-06,""
579,"region_rec_diffs(2,232)",-1.0843193,-3,3,2.0324648e-05,""
580,"region_rec_diffs(2,233)",-0.15740719,-3,3,1.2912531e-05,""
581,"region_rec_diffs(2,234)",-1.1333993,-3,3,-1.5579569e-05,""
582,"region_rec_diffs(2,235)",-0.50751103,-3,3,6.9961129e-06,""
583,"region_rec_diffs(2,236)",0.55330499,-3,3,1.1586297e-05,""
584,"region_rec_diffs(2,237)",0.59546831,-3,3,-2.5148489e-05,""
585,"region_rec_diffs(2,238)",0.29310018,-3,3,-6.0201269e-06,""
586,"region_rec_diffs(2,239)",0.75171984,-3,3,7.7570886e-06,""
587,"region_rec_diffs(2,240)",-0.55118593,-3,3,-1.4795018e-05,""
588,"region_rec_diffs(2,241)",-0.66533039,-3,3,2.1472258e-05,""
589,"region_rec_diffs(2,242)",0.11409353,-3,3,3.1364382e-05,""
590,"region_rec_diffs(2,243)",0.39865004,-3,3,-2.1081998e-05,""
591,"region_rec_diffs(2,244)",0.59110016,-3,3,1.1848171e-06,""
592,"region_rec_diffs(2,245)",0.51571026,-3,3,-4.1012515e-06,""
593,"region_rec_diffs(2,246)",-1.0146073,-3,3,4.9399156e-06,""
594,"region_rec_diffs(2,247)",-0.17894255,-3,3,1.9437201e-05,""
595,"region_rec_diffs(2,248)",0.43598889,-3,3,1.0044412e-05,""
596,"region_rec_diffs(2,249)",1.2305315,-3,3,-1.3354101e-05,""
597,"region_rec_diffs(2,250)",0.26005666,-3,3,-1.348006e-05,""
598,"region_rec_diffs(2,251)",1.0648595,-3,3,-1.6803806e-05,""
599,"region_rec_diffs(2,252)",0.64358346,-3,3,2.0255474e-05,""
600,"region_rec_diffs(2,253)",0.59738367,-3,3,2.0460387e-06,""
601,"region_rec_diffs(2,254)",0.86636868,-3,3,-1.8687727e-06,""
602,"region_rec_diffs(2,255)",-0.015346178,-3,3,1.0223631e-05,""
603,"region_rec_diffs(2,256)",0.027747279,-3,3,1.306624e-05,""
604,"region_rec_diffs(2,257)",0.71081546,-3,3,-4.2550628e-06,""
605,"region_rec_diffs(2,258)",0.90899704,-3,3,7.5911616e-06,""
606,"region_rec_diffs(2,259)",1.0093282,-3,3,1.1400895e-07,""
607,"region_rec_diffs(2,260)",0.72352947,-3,3,3.3328798e-05,""
608,"region_rec_diffs(2,261)",-0.20146609,-3,3,3.5394975e-06,""
609,"region_rec_diffs(2,262)",0.88772663,-3,3,9.8276662e-06,""
610,"region_rec_diffs(2,263)",0.3785047,-3,3,1.5892686e-05,""
611,"region_rec_diffs(2,264)",0.11605421,-3,3,-6.3246345e-07,""
612,"region_rec_diffs(2,265)",-0.36755863,-3,3,-1.4984259e-05,""
613,"region_rec_diffs(2,266)",0.60260498,-3,3,-1.2563762e-05,""
614,"region_rec_diffs(2,267)",0.30074177,-3,3,-5.4401873e-06,""
615,"region_rec_diffs(2,268)",-0.59733512,-3,3,8.2161981e-06,""
616,"region_rec_diffs(2,269)",-1.4324661,-3,3,3.6015157e-07,""
617,"region_rec_diffs(2,270)",-1.3059553,-3,3,-1.4504855e-05,""
618,"region_rec_diffs(2,271)",-0.85886029,-3,3,2.1210935e-05,""
619,"region_rec_diffs(2,272)",0.77599501,-3,3,5.4655435e-06,""
620,"region_rec_diffs(2,273)",1.6657891,-3,3,-1.0896669e-05,""
621,"region_rec_diffs(2,274)",0.68704442,-3,3,1.4949166e-06,""
622,"region_rec_diffs(2,275)",1.4464772,-3,3,-6.6898451e-06,""
623,"region_rec_diffs(2,276)",1.2687161,-3,3,1.1782084e-05,""
624,"region_rec_diffs(2,277)",0.29724554,-3,3,4.4347632e-06,""
625,"region_rec_diffs(2,278)",1.581134,-3,3,-4.5478114e-06,""
626,"region_rec_diffs(2,279)",1.2153773,-3,3,3.6449521e-06,""
627,"region_rec_diffs(2,280)",0.81534195,-3,3,-1.0089045e-05,""
628,"region_rec_diffs(2,281)",0.99469138,-3,3,1.3643529e-05,""
629,"region_rec_diffs(2,282)",1.0161993,-3,3,8.8131311e-06,""
630,"region_rec_diffs(2,283)",1.4456721,-3,3,-5.782891e-06,""
631,"region_rec_diffs(2,284)",1.2192798,-3,3,5.6050937e-06,""
632,"region_rec_diffs(2,285)",-0.42340732,-3,3,-5.3974187e-06,""
633,"region_rec_diffs(2,286)",0.99859902,-3,3,1.1398089e-05,""
634,"region_rec_diffs(2,287)",1.8430286,-3,3,1.0650382e-05,""
635,"region_rec_diffs(2,288)",0.86886271,-3,3,-8.925353e-06,""
636,"region_rec_diffs(2,289)",-0.8024569,-3,3,4.418513e-06,""
637,"region_rec_diffs(2,290)",0.61380982,-3,3,-1.0979968e-05,""
638,"region_rec_diffs(2,291)",0.83471791,-3,3,6.2894508e-06,""
639,"region_rec_diffs(3,1)",0,-3,3,8.5361818e-16,""
640,"region_rec_diffs(3,2)",-1.5815162,-3,3,6.878361e-07,""
641,"region_rec_diffs(3,3)",-1.5628707,-3,3,2.7455565e-06,""
642,"region_rec_diffs(3,4)",-1.6077219,-3,3,-7.6609545e-06,""
643,"region_rec_diffs(3,5)",-1.5346958,-3,3,1.2958417e-06,""
644,"region_rec_diffs(3,6)",-1.6734514,-3,3,2.8122231e-06,""
645,"region_rec_diffs(3,7)",-0.15751686,-3,3,3.9535217e-06,""
646,"region_rec_diffs(3,8)",-0.090254511,-3,3,-7.3626013e-06,""
647,"region_rec_diffs(3,9)",-0.35091857,-3,3,1.6785659e-06,""
648,"region_rec_diffs(3,10)",-1.7562229,-3,3,3.3481563e-06,""
649,"region_rec_diffs(3,11)",-0.12419892,-3,3,5.0779406e-06,""
650,"region_rec_diffs(3,12)",-0.07142081,-3,3,-1.4891774e-06,""
651,"region_rec_diffs(3,13)",-0.68853864,-3,3,-9.7101576e-06,""
652,"region_rec_diffs(3,14)",-0.58212395,-3,3,-1.4374578e-05,""
653,"region_rec_diffs(3,15)",0.03367329,-3,3,-1.9993353e-06,""
654,"region_rec_diffs(3,16)",-0.032182708,-3,3,-1.243191e-07,""
655,"region_rec_diffs(3,17)",-0.63405358,-3,3,6.758788e-06,""
656,"region_rec_diffs(3,18)",-1.0245085,-3,3,4.1252514e-06,""
657,"region_rec_diffs(3,19)",-0.68110845,-3,3,2.3022405e-06,""
658,"region_rec_diffs(3,20)",-0.062469867,-3,3,-4.3000112e-06,""
659,"region_rec_diffs(3,21)",-0.65585636,-3,3,-1.1999968e-05,""
660,"region_rec_diffs(3,22)",-0.81962717,-3,3,2.8925318e-07,""
661,"region_rec_diffs(3,23)",-0.90434957,-3,3,-2.0914541e-06,""
662,"region_rec_diffs(3,24)",-0.081447566,-3,3,-3.898227e-06,""
663,"region_rec_diffs(3,25)",-1.215246,-3,3,2.5215937e-06,""
664,"region_rec_diffs(3,26)",-0.036257966,-3,3,5.0814746e-06,""
665,"region_rec_diffs(3,27)",-2.6020555,-3,3,-1.787682e-06,""
666,"region_rec_diffs(3,28)",-0.13330755,-3,3,3.9442494e-06,""
667,"region_rec_diffs(3,29)",-1.2951003,-3,3,-1.1040642e-06,""
668,"region_rec_diffs(3,30)",0.059391571,-3,3,7.8859341e-07,""
669,"region_rec_diffs(3,31)",0.11901648,-3,3,-1.0712503e-05,""
670,"region_rec_diffs(3,32)",0.082046197,-3,3,-5.6950781e-06,""
671,"region_rec_diffs(3,33)",-0.34623532,-3,3,1.4718271e-05,""
672,"region_rec_diffs(3,34)",-1.9923642,-3,3,4.8900567e-06,""
673,"region_rec_diffs(3,35)",-0.21040299,-3,3,1.6911757e-06,""
674,"region_rec_diffs(3,36)",-0.44809306,-3,3,-1.120969e-05,""
675,"region_rec_diffs(3,37)",-1.4684182,-3,3,6.7212691e-06,""
676,"region_rec_diffs(3,38)",0.16904462,-3,3,-6.1327212e-07,""
677,"region_rec_diffs(3,39)",-0.15321724,-3,3,1.9147728e-06,""
678,"region_rec_diffs(3,40)",0.4131295,-3,3,2.4475679e-06,""
679,"region_rec_diffs(3,41)",-0.80613168,-3,3,-8.6610587e-07,""
680,"region_rec_diffs(3,42)",-0.084594993,-3,3,1.5794169e-05,""
681,"region_rec_diffs(3,43)",-0.62951718,-3,3,-5.2157204e-06,""
682,"region_rec_diffs(3,44)",-0.77013046,-3,3,6.005721e-06,""
683,"region_rec_diffs(3,45)",-1.5354545,-3,3,-5.8066357e-06,""
684,"region_rec_diffs(3,46)",-0.90059182,-3,3,-1.0023841e-06,""
685,"region_rec_diffs(3,47)",-0.34002019,-3,3,-1.5767332e-05,""
686,"region_rec_diffs(3,48)",-2.154484,-3,3,4.5902087e-09,""
687,"region_rec_diffs(3,49)",-2.0306513,-3,3,-2.6115842e-06,""
688,"region_rec_diffs(3,50)",-1.9045408,-3,3,2.7139903e-06,""
689,"region_rec_diffs(3,51)",-0.12708377,-3,3,-1.9888286e-07,""
690,"region_rec_diffs(3,52)",-0.31434907,-3,3,3.7715885e-06,""
691,"region_rec_diffs(3,53)",-1.9699163,-3,3,8.5934969e-07,""
692,"region_rec_diffs(3,54)",-1.8538603,-3,3,1.2580829e-06,""
693,"region_rec_diffs(3,55)",-0.23282983,-3,3,-4.1257341e-06,""
694,"region_rec_diffs(3,56)",-0.44703532,-3,3,-8.9781093e-06,""
695,"region_rec_diffs(3,57)",-0.028273982,-3,3,1.6551821e-05,""
696,"region_rec_diffs(3,58)",-1.9379035,-3,3,1.279522e-05,""
697,"region_rec_diffs(3,59)",-0.14764416,-3,3,-1.034021e-05,""
698,"region_rec_diffs(3,60)",-1.0496632,-3,3,1.0774961e-06,""
699,"region_rec_diffs(3,61)",-1.5217647,-3,3,5.7908085e-06,""
700,"region_rec_diffs(3,62)",0.032460841,-3,3,-2.080674e-06,""
701,"region_rec_diffs(3,63)",-1.1994062,-3,3,1.1479493e-06,""
702,"region_rec_diffs(3,64)",-1.582642,-3,3,3.7255807e-06,""
703,"region_rec_diffs(3,65)",-1.791392,-3,3,1.6538767e-06,""
704,"region_rec_diffs(3,66)",0.020114298,-3,3,5.7744925e-06,""
705,"region_rec_diffs(3,67)",-0.22692887,-3,3,-4.5758539e-06,""
706,"region_rec_diffs(3,68)",-1.9053655,-3,3,-3.223406e-06,""
707,"region_rec_diffs(3,69)",-0.76848585,-3,3,-1.151654e-05,""
708,"region_rec_diffs(3,70)",-0.034319683,-3,3,-1.1604776e-05,""
709,"region_rec_diffs(3,71)",-0.28844715,-3,3,-8.597313e-06,""
710,"region_rec_diffs(3,72)",-1.4939028,-3,3,9.4080041e-06,""
711,"region_rec_diffs(3,73)",0.096535564,-3,3,3.7285711e-06,""
712,"region_rec_diffs(3,74)",-0.35073859,-3,3,1.1257812e-05,""
713,"region_rec_diffs(3,75)",-0.13014928,-3,3,-3.1145841e-06,""
714,"region_rec_diffs(3,76)",-1.8165219,-3,3,6.0601736e-08,""
715,"region_rec_diffs(3,77)",-0.11555099,-3,3,4.3235648e-06,""
716,"region_rec_diffs(3,78)",-1.7005037,-3,3,-7.6928019e-06,""
717,"region_rec_diffs(3,79)",-0.26784098,-3,3,3.1216728e-06,""
718,"region_rec_diffs(3,80)",-0.62301921,-3,3,2.1065566e-05,""
719,"region_rec_diffs(3,81)",-1.0901857,-3,3,5.6969712e-06,""
720,"region_rec_diffs(3,82)",-1.374569,-3,3,1.6538194e-06,""
721,"region_rec_diffs(3,83)",-1.835119,-3,3,-5.6248467e-06,""
722,"region_rec_diffs(3,84)",-1.489135,-3,3,-3.9904755e-06,""
723,"region_rec_diffs(3,85)",-1.9696649,-3,3,-4.4479379e-07,""
724,"region_rec_diffs(3,86)",-1.2211829,-3,3,-1.9322781e-06,""
725,"region_rec_diffs(3,87)",-0.37796017,-3,3,7.2104317e-06,""
726,"region_rec_diffs(3,88)",-1.5617836,-3,3,3.5015614e-06,""
727,"region_rec_diffs(3,89)",-2.2355335,-3,3,3.4749347e-06,""
728,"region_rec_diffs(3,90)",0.17026402,-3,3,-4.513275e-05,""
729,"region_rec_diffs(3,91)",0.56956981,-3,3,1.6445684e-07,""
730,"region_rec_diffs(3,92)",-2.1871426,-3,3,-1.2096605e-06,""
731,"region_rec_diffs(3,93)",-0.71355042,-3,3,-5.316714e-06,""
732,"region_rec_diffs(3,94)",-0.90014469,-3,3,-8.5253895e-06,""
733,"region_rec_diffs(3,95)",0.24837392,-3,3,1.5430575e-06,""
734,"region_rec_diffs(3,96)",0.53903453,-3,3,3.2984157e-06,""
735,"region_rec_diffs(3,97)",0.43306288,-3,3,8.1113467e-07,""
736,"region_rec_diffs(3,98)",-0.10177256,-3,3,-3.2609877e-06,""
737,"region_rec_diffs(3,99)",0.53670856,-3,3,3.1771497e-06,""
738,"region_rec_diffs(3,100)",-1.3419767,-3,3,1.610807e-06,""
739,"region_rec_diffs(3,101)",0.26343746,-3,3,9.6732673e-07,""
740,"region_rec_diffs(3,102)",-0.40273862,-3,3,-2.0296241e-08,""
741,"region_rec_diffs(3,103)",-0.94523165,-3,3,-3.9132906e-06,""
742,"region_rec_diffs(3,104)",-0.084817204,-3,3,1.3605644e-05,""
743,"region_rec_diffs(3,105)",0.38629822,-3,3,2.103133e-06,""
744,"region_rec_diffs(3,106)",0.17985613,-3,3,-2.0566345e-06,""
745,"region_rec_diffs(3,107)",6.7703224e-05,-3,3,-4.2747529e-06,""
746,"region_rec_diffs(3,108)",0.10861718,-3,3,2.4590241e-05,""
747,"region_rec_diffs(3,109)",0.099077467,-3,3,-1.5205789e-06,""
748,"region_rec_diffs(3,110)",0.044694099,-3,3,-4.8695225e-06,""
749,"region_rec_diffs(3,111)",0.52856331,-3,3,-8.7230169e-07,""
750,"region_rec_diffs(3,112)",-0.63681637,-3,3,1.7529366e-06,""
751,"region_rec_diffs(3,113)",0.28465883,-3,3,-8.4233558e-07,""
752,"region_rec_diffs(3,114)",0.36984541,-3,3,2.3996174e-06,""
753,"region_rec_diffs(3,115)",0.60125112,-3,3,1.3228941e-06,""
754,"region_rec_diffs(3,116)",0.2611427,-3,3,3.0159274e-06,""
755,"region_rec_diffs(3,117)",-0.91271718,-3,3,1.739682e-06,""
756,"region_rec_diffs(3,118)",0.23300177,-3,3,1.5188118e-05,""
757,"region_rec_diffs(3,119)",-0.66434466,-3,3,1.8061897e-05,""
758,"region_rec_diffs(3,120)",0.3996799,-3,3,4.1032397e-07,""
759,"region_rec_diffs(3,121)",0.11059025,-3,3,-2.3931819e-06,""
760,"region_rec_diffs(3,122)",0.59576299,-3,3,2.7211693e-06,""
761,"region_rec_diffs(3,123)",-0.4630625,-3,3,5.3871504e-07,""
762,"region_rec_diffs(3,124)",-0.85786367,-3,3,3.2886086e-06,""
763,"region_rec_diffs(3,125)",0.24376703,-3,3,1.4184405e-05,""
764,"region_rec_diffs(3,126)",-1.2088811,-3,3,-6.7372046e-06,""
765,"region_rec_diffs(3,127)",-0.044979695,-3,3,-8.7902632e-07,""
766,"region_rec_diffs(3,128)",0.28122922,-3,3,-3.7704705e-06,""
767,"region_rec_diffs(3,129)",0.74359551,-3,3,-1.1404458e-06,""
768,"region_rec_diffs(3,130)",0.6072116,-3,3,-2.8091367e-06,""
769,"region_rec_diffs(3,131)",-0.26234087,-3,3,1.1679447e-05,""
770,"region_rec_diffs(3,132)",0.54602733,-3,3,-5.1751e-07,""
771,"region_rec_diffs(3,133)",-0.51853748,-3,3,1.5984153e-05,""
772,"region_rec_diffs(3,134)",-0.16592358,-3,3,2.4265076e-06,""
773,"region_rec_diffs(3,135)",-0.98240306,-3,3,1.3321441e-05,""
774,"region_rec_diffs(3,136)",-1.332568,-3,3,3.5941015e-06,""
775,"region_rec_diffs(3,137)",0.19806189,-3,3,-5.5949883e-06,""
776,"region_rec_diffs(3,138)",-0.0030342701,-3,3,-1.0646361e-05,""
777,"region_rec_diffs(3,139)",-0.79520337,-3,3,7.1116399e-06,""
778,"region_rec_diffs(3,140)",-0.17838427,-3,3,-9.0961803e-06,""
779,"region_rec_diffs(3,141)",0.57213556,-3,3,3.9370239e-06,""
780,"region_rec_diffs(3,142)",0.077310807,-3,3,9.4302554e-06,""
781,"region_rec_diffs(3,143)",0.63772869,-3,3,3.2831134e-06,""
782,"region_rec_diffs(3,144)",-0.48168327,-3,3,3.2345512e-06,""
783,"region_rec_diffs(3,145)",0.061264947,-3,3,2.3385987e-06,""
784,"region_rec_diffs(3,146)",-0.6178569,-3,3,7.7543946e-07,""
785,"region_rec_diffs(3,147)",-0.08277935,-3,3,-1.1019407e-05,""
786,"region_rec_diffs(3,148)",-1.3905281,-3,3,5.2597556e-07,""
787,"region_rec_diffs(3,149)",-1.3479744,-3,3,8.1520603e-07,""
788,"region_rec_diffs(3,150)",-0.48786634,-3,3,-4.0477437e-06,""
789,"region_rec_diffs(3,151)",-2.0050522,-3,3,-1.7537972e-07,""
790,"region_rec_diffs(3,152)",-1.8411065,-3,3,2.3358116e-06,""
791,"region_rec_diffs(3,153)",-1.7766504,-3,3,-1.2204212e-05,""
792,"region_rec_diffs(3,154)",0.08582838,-3,3,6.516938e-06,""
793,"region_rec_diffs(3,155)",-0.31935643,-3,3,-4.1973994e-06,""
794,"region_rec_diffs(3,156)",-1.8162012,-3,3,1.7915027e-06,""
795,"region_rec_diffs(3,157)",-1.2074737,-3,3,-1.0899374e-05,""
796,"region_rec_diffs(3,158)",0.64309997,-3,3,-6.838614e-07,""
797,"region_rec_diffs(3,159)",0.65860118,-3,3,1.2081998e-06,""
798,"region_rec_diffs(3,160)",-1.7786991,-3,3,4.2075251e-06,""
799,"region_rec_diffs(3,161)",-1.3636634,-3,3,-4.8482597e-06,""
800,"region_rec_diffs(3,162)",0.3743485,-3,3,2.0589918e-06,""
801,"region_rec_diffs(3,163)",-1.2904847,-3,3,5.3359051e-06,""
802,"region_rec_diffs(3,164)",-1.3154364,-3,3,-9.5870438e-07,""
803,"region_rec_diffs(3,165)",-0.41231415,-3,3,6.0457759e-06,""
804,"region_rec_diffs(3,166)",0.042807882,-3,3,-3.6818884e-06,""
805,"region_rec_diffs(3,167)",-0.13075515,-3,3,9.777031e-06,""
806,"region_rec_diffs(3,168)",-1.2153204,-3,3,-3.5255651e-06,""
807,"region_rec_diffs(3,169)",-1.3657259,-3,3,-1.3914911e-07,""
808,"region_rec_diffs(3,170)",-1.9847828,-3,3,3.2120963e-06,""
809,"region_rec_diffs(3,171)",-1.5507647,-3,3,-2.9801629e-06,""
810,"region_rec_diffs(3,172)",-2.8039659,-3,3,-9.4783096e-06,""
811,"region_rec_diffs(3,173)",-1.5862541,-3,3,-5.2291885e-07,""
812,"region_rec_diffs(3,174)",-0.38774151,-3,3,1.4123106e-05,""
813,"region_rec_diffs(3,175)",-0.55250144,-3,3,3.1353175e-06,""
814,"region_rec_diffs(3,176)",-1.540528,-3,3,1.3978348e-06,""
815,"region_rec_diffs(3,177)",-0.31232856,-3,3,6.2766216e-06,""
816,"region_rec_diffs(3,178)",0.36744341,-3,3,2.8737436e-06,""
817,"region_rec_diffs(3,179)",-0.23045665,-3,3,3.1260279e-07,""
818,"region_rec_diffs(3,180)",-0.43466086,-3,3,7.7765744e-07,""
819,"region_rec_diffs(3,181)",-0.52462527,-3,3,6.2142463e-06,""
820,"region_rec_diffs(3,182)",-0.40533042,-3,3,-1.0959256e-05,""
821,"region_rec_diffs(3,183)",-0.78058821,-3,3,-9.593795e-06,""
822,"region_rec_diffs(3,184)",0.27212693,-3,3,-5.7128154e-06,""
823,"region_rec_diffs(3,185)",-0.76831757,-3,3,4.2705399e-06,""
824,"region_rec_diffs(3,186)",-0.7320313,-3,3,7.3097446e-06,""
825,"region_rec_diffs(3,187)",-0.24461471,-3,3,7.1104127e-06,""
826,"region_rec_diffs(3,188)",-0.083808234,-3,3,-6.4454823e-06,""
827,"region_rec_diffs(3,189)",0.19425356,-3,3,2.6762921e-08,""
828,"region_rec_diffs(3,190)",-0.36899162,-3,3,1.7447812e-05,""
829,"region_rec_diffs(3,191)",0.31658242,-3,3,-6.1506949e-07,""
830,"region_rec_diffs(3,192)",0.59905787,-3,3,4.350831e-06,""
831,"region_rec_diffs(3,193)",0.53146897,-3,3,-1.5893583e-06,""
832,"region_rec_diffs(3,194)",-1.4433568,-3,3,-2.5645059e-06,""
833,"region_rec_diffs(3,195)",-0.39562403,-3,3,-3.0268781e-06,""
834,"region_rec_diffs(3,196)",0.579707,-3,3,3.3415339e-06,""
835,"region_rec_diffs(3,197)",-0.19514264,-3,3,-2.8248927e-06,""
836,"region_rec_diffs(3,198)",-1.2427544,-3,3,-9.3880554e-06,""
837,"region_rec_diffs(3,199)",-1.7662572,-3,3,6.6538291e-06,""
838,"region_rec_diffs(3,200)",-1.0831056,-3,3,-2.4757726e-06,""
839,"region_rec_diffs(3,201)",-1.2102103,-3,3,-1.4144019e-05,""
840,"region_rec_diffs(3,202)",-0.9490707,-3,3,1.434878e-06,""
841,"region_rec_diffs(3,203)",-2.5605471,-3,3,-2.0278425e-06,""
842,"region_rec_diffs(3,204)",-1.7160253,-3,3,2.0270784e-06,""
843,"region_rec_diffs(3,205)",-1.3644358,-3,3,-4.8028922e-07,""
844,"region_rec_diffs(3,206)",-1.3674215,-3,3,4.060675e-06,""
845,"region_rec_diffs(3,207)",-1.1260278,-3,3,-1.2741584e-08,""
846,"region_rec_diffs(3,208)",-1.2066009,-3,3,-3.1356606e-06,""
847,"region_rec_diffs(3,209)",-0.96086136,-3,3,-1.4456211e-05,""
848,"region_rec_diffs(3,210)",-1.7420881,-3,3,2.8434958e-06,""
849,"region_rec_diffs(3,211)",-1.438336,-3,3,8.6402617e-06,""
850,"region_rec_diffs(3,212)",-1.0762129,-3,3,1.6133019e-06,""
851,"region_rec_diffs(3,213)",-1.3559685,-3,3,3.2244435e-06,""
852,"region_rec_diffs(3,214)",-1.2405115,-3,3,4.0122341e-06,""
853,"region_rec_diffs(3,215)",-1.8004655,-3,3,3.8118055e-06,""
854,"region_rec_diffs(3,216)",-1.492323,-3,3,-3.9297961e-06,""
855,"region_rec_diffs(3,217)",-2.5096488,-3,3,-2.5269382e-06,""
856,"region_rec_diffs(3,218)",-1.561644,-3,3,-1.883743e-05,""
857,"region_rec_diffs(3,219)",-1.1667506,-3,3,9.4289814e-07,""
858,"region_rec_diffs(3,220)",-1.6299243,-3,3,-6.3932792e-06,""
859,"region_rec_diffs(3,221)",-2.071245,-3,3,-5.2243757e-06,""
860,"region_rec_diffs(3,222)",0.027222492,-3,3,1.36384e-05,""
861,"region_rec_diffs(3,223)",0.59342395,-3,3,5.1284824e-06,""
862,"region_rec_diffs(3,224)",0.42009992,-3,3,-2.6365571e-07,""
863,"region_rec_diffs(3,225)",-1.0324972,-3,3,-7.497973e-06,""
864,"region_rec_diffs(3,226)",-0.29619038,-3,3,-1.8500859e-05,""
865,"region_rec_diffs(3,227)",0.32016197,-3,3,5.9871884e-07,""
866,"region_rec_diffs(3,228)",-0.0090672492,-3,3,-1.1593059e-05,""
867,"region_rec_diffs(3,229)",-0.89343939,-3,3,-2.6623278e-06,""
868,"region_rec_diffs(3,230)",0.18339563,-3,3,-8.0591655e-07,""
869,"region_rec_diffs(3,231)",-0.34956194,-3,3,-2.4947721e-05,""
870,"region_rec_diffs(3,232)",-0.58897539,-3,3,-3.6072437e-06,""
871,"region_rec_diffs(3,233)",0.5713206,-3,3,-2.4410454e-06,""
872,"region_rec_diffs(3,234)",0.65353278,-3,3,-6.5514894e-07,""
873,"region_rec_diffs(3,235)",-0.084669381,-3,3,8.7727681e-06,""
874,"region_rec_diffs(3,236)",-1.1203164,-3,3,-2.517299e-06,""
875,"region_rec_diffs(3,237)",-0.42214107,-3,3,2.4633256e-05,""
876,"region_rec_diffs(3,238)",-0.017451219,-3,3,1.5350523e-05,""
877,"region_rec_diffs(3,239)",-0.92566021,-3,3,7.6379277e-06,""
878,"region_rec_diffs(3,240)",0.73195288,-3,3,-9.016709e-07,""
879,"region_rec_diffs(3,241)",0.092380358,-3,3,7.1876586e-06,""
880,"region_rec_diffs(3,242)",0.23042429,-3,3,-3.7264513e-06,""
881,"region_rec_diffs(3,243)",-0.58208021,-3,3,4.8390831e-06,""
882,"region_rec_diffs(3,244)",-0.81317435,-3,3,5.7741431e-06,""
883,"region_rec_diffs(3,245)",0.043950501,-3,3,1.9895726e-05,""
884,"region_rec_diffs(3,246)",0.62063141,-3,3,3.9253821e-07,""
885,"region_rec_diffs(3,247)",0.18445321,-3,3,-3.2631921e-06,""
886,"region_rec_diffs(3,248)",0.15317569,-3,3,-1.3824856e-06,""
887,"region_rec_diffs(3,249)",0.096038282,-3,3,-1.6657008e-06,""
888,"region_rec_diffs(3,250)",0.5953485,-3,3,1.1887182e-06,""
889,"region_rec_diffs(3,251)",0.14340474,-3,3,1.2317062e-05,""
890,"region_rec_diffs(3,252)",0.16808907,-3,3,-1.3429319e-05,""
891,"region_rec_diffs(3,253)",0.24274303,-3,3,8.5045422e-07,""
892,"region_rec_diffs(3,254)",0.13104266,-3,3,7.575157e-07,""
893,"region_rec_diffs(3,255)",0.55326362,-3,3,-2.3853878e-06,""
894,"region_rec_diffs(3,256)",0.53835445,-3,3,7.7907834e-07,""
895,"region_rec_diffs(3,257)",0.14302736,-3,3,-1.9000642e-06,""
896,"region_rec_diffs(3,258)",-0.30855291,-3,3,4.267632e-06,""
897,"region_rec_diffs(3,259)",0.034697521,-3,3,-3.6194267e-07,""
898,"region_rec_diffs(3,260)",-0.37311031,-3,3,1.7474375e-05,""
899,"region_rec_diffs(3,261)",0.48813836,-3,3,1.7765569e-06,""
900,"region_rec_diffs(3,262)",0.14328011,-3,3,1.3766185e-07,""
901,"region_rec_diffs(3,263)",0.1061687,-3,3,-1.3552761e-07,""
902,"region_rec_diffs(3,264)",0.18395156,-3,3,-4.2036457e-06,""
903,"region_rec_diffs(3,265)",0.052892394,-3,3,1.5137345e-05,""
904,"region_rec_diffs(3,266)",0.035465457,-3,3,1.0489592e-06,""
905,"region_rec_diffs(3,267)",-0.02870503,-3,3,-3.1543841e-06,""
906,"region_rec_diffs(3,268)",0.58771209,-3,3,2.211399e-06,""
907,"region_rec_diffs(3,269)",0.42922251,-3,3,1.1359795e-06,""
908,"region_rec_diffs(3,270)",-0.044288748,-3,3,-1.9460028e-05,""
909,"region_rec_diffs(3,271)",-2.1027975,-3,3,-6.5508265e-06,""
910,"region_rec_diffs(3,272)",-1.0758749,-3,3,2.7847956e-06,""
911,"region_rec_diffs(3,273)",-0.78458499,-3,3,-6.27567e-07,""
912,"region_rec_diffs(3,274)",-1.3168994,-3,3,8.842446e-07,""
913,"region_rec_diffs(3,275)",-0.8953645,-3,3,3.2987796e-06,""
914,"region_rec_diffs(3,276)",-1.3912175,-3,3,2.6170755e-06,""
915,"region_rec_diffs(3,277)",-1.3165672,-3,3,-8.1690932e-07,""
916,"region_rec_diffs(3,278)",-1.5960305,-3,3,5.490214e-06,""
917,"region_rec_diffs(3,279)",-0.16750062,-3,3,-6.7446759e-06,""
918,"region_rec_diffs(3,280)",0.35074609,-3,3,7.1411314e-06,""
919,"region_rec_diffs(3,281)",0.16757622,-3,3,-5.4057417e-06,""
920,"region_rec_diffs(3,282)",0.20878796,-3,3,-4.8417673e-06,""
921,"region_rec_diffs(3,283)",-0.81001281,-3,3,1.7747947e-05,""
922,"region_rec_diffs(3,284)",-0.04968364,-3,3,1.0529565e-05,""
923,"region_rec_diffs(3,285)",0.25780802,-3,3,-7.2785387e-07,""
924,"region_rec_diffs(3,286)",-0.0071737293,-3,3,-9.1517248e-06,""
925,"region_rec_diffs(3,287)",-0.68390993,-3,3,1.8217341e-07,""
926,"region_rec_diffs(3,288)",-0.80009894,-3,3,1.7285578e-05,""
927,"region_rec_diffs(3,289)",-0.79999601,-3,3,1.1460423e-05,""
928,"region_rec_diffs(3,290)",-2.2386162,-3,3,1.621884e-06,""
929,"region_rec_diffs(3,291)",-1.9844882,-3,3,-6.2849472e-06,""
930,"region_rec_diffs(4,1)",0,-3,3,2.0422558e-16,""
931,"region_rec_diffs(4,2)",-0.70768821,-3,3,4.4976923e-06,""
932,"region_rec_diffs(4,3)",-0.47259113,-3,3,2.4419331e-06,""
933,"region_rec_diffs(4,4)",-0.50406436,-3,3,-2.0896296e-05,""
934,"region_rec_diffs(4,5)",-0.60613723,-3,3,1.5080708e-05,""
935,"region_rec_diffs(4,6)",-0.72097456,-3,3,2.8903916e-06,""
936,"region_rec_diffs(4,7)",-0.023572803,-3,3,-7.0875536e-06,""
937,"region_rec_diffs(4,8)",-0.0027108873,-3,3,-2.5145283e-06,""
938,"region_rec_diffs(4,9)",0.021971978,-3,3,1.1082036e-06,""
939,"region_rec_diffs(4,10)",0.053725868,-3,3,1.6706102e-07,""
940,"region_rec_diffs(4,11)",0.059506704,-3,3,1.1247037e-06,""
941,"region_rec_diffs(4,12)",0.039446694,-3,3,1.3599345e-06,""
942,"region_rec_diffs(4,13)",-0.40689481,-3,3,-5.7074426e-08,""
943,"region_rec_diffs(4,14)",-0.91251996,-3,3,1.4885307e-06,""
944,"region_rec_diffs(4,15)",-0.039843719,-3,3,2.1839852e-06,""
945,"region_rec_diffs(4,16)",0.00090143291,-3,3,1.3092583e-06,""
946,"region_rec_diffs(4,17)",-0.065985918,-3,3,7.0917794e-06,""
947,"region_rec_diffs(4,18)",-0.43746222,-3,3,5.7036453e-06,""
948,"region_rec_diffs(4,19)",-0.18959196,-3,3,2.0482649e-06,""
949,"region_rec_diffs(4,20)",-0.012429576,-3,3,-9.5019707e-07,""
950,"region_rec_diffs(4,21)",-0.5269246,-3,3,3.8704139e-06,""
951,"region_rec_diffs(4,22)",-0.44470821,-3,3,7.7754545e-06,""
952,"region_rec_diffs(4,23)",-0.10504662,-3,3,1.6372398e-06,""
953,"region_rec_diffs(4,24)",0.0012405288,-3,3,1.6716292e-06,""
954,"region_rec_diffs(4,25)",-0.74510125,-3,3,-5.1524242e-07,""
955,"region_rec_diffs(4,26)",-0.20701799,-3,3,3.989249e-06,""
956,"region_rec_diffs(4,27)",-1.9357931,-3,3,-1.32923e-06,""
957,"region_rec_diffs(4,28)",-0.14470661,-3,3,1.9302375e-06,""
958,"region_rec_diffs(4,29)",-1.1918657,-3,3,-2.5470252e-06,""
959,"region_rec_diffs(4,30)",-0.19705493,-3,3,-2.4580295e-06,""
960,"region_rec_diffs(4,31)",-0.061362771,-3,3,-5.7284525e-06,""
961,"region_rec_diffs(4,32)",0.015625628,-3,3,-1.475167e-06,""
962,"region_rec_diffs(4,33)",0.22870073,-3,3,2.3261633e-06,""
963,"region_rec_diffs(4,34)",0.973615,-3,3,7.8774615e-06,""
964,"region_rec_diffs(4,35)",0.031691054,-3,3,1.1279382e-06,""
965,"region_rec_diffs(4,36)",-0.044708255,-3,3,-4.462565e-06,""
966,"region_rec_diffs(4,37)",-0.60916402,-3,3,5.2000261e-06,""
967,"region_rec_diffs(4,38)",0.048448198,-3,3,1.3013773e-06,""
968,"region_rec_diffs(4,39)",0.041549014,-3,3,1.7183878e-06,""
969,"region_rec_diffs(4,40)",-0.18098786,-3,3,-1.8469406e-06,""
970,"region_rec_diffs(4,41)",-0.023497701,-3,3,2.251061e-07,""
971,"region_rec_diffs(4,42)",-0.86821159,-3,3,-3.8655199e-06,""
972,"region_rec_diffs(4,43)",1.6813171,-3,3,-6.3258691e-06,""
973,"region_rec_diffs(4,44)",-0.16793337,-3,3,-8.1102118e-07,""
974,"region_rec_diffs(4,45)",0.0080826206,-3,3,-9.0730941e-06,""
975,"region_rec_diffs(4,46)",0.14321433,-3,3,-1.5030978e-06,""
976,"region_rec_diffs(4,47)",0.27254475,-3,3,2.9486395e-06,""
977,"region_rec_diffs(4,48)",-0.62835686,-3,3,1.1870074e-06,""
978,"region_rec_diffs(4,49)",1.5877997,-3,3,-1.8182966e-05,""
979,"region_rec_diffs(4,50)",-0.87578917,-3,3,1.6146699e-06,""
980,"region_rec_diffs(4,51)",0.052135879,-3,3,1.7880424e-07,""
981,"region_rec_diffs(4,52)",0.28702363,-3,3,-1.9373614e-06,""
982,"region_rec_diffs(4,53)",0.74603919,-3,3,-2.0895402e-05,""
983,"region_rec_diffs(4,54)",0.083260435,-3,3,-8.3629435e-07,""
984,"region_rec_diffs(4,55)",0.098766316,-3,3,-1.8222208e-06,""
985,"region_rec_diffs(4,56)",1.043626,-3,3,3.3566763e-06,""
986,"region_rec_diffs(4,57)",0.36516397,-3,3,-3.7853859e-08,""
987,"region_rec_diffs(4,58)",1.3724535,-3,3,2.0080359e-06,""
988,"region_rec_diffs(4,59)",0.052155389,-3,3,-1.1493578e-06,""
989,"region_rec_diffs(4,60)",1.5092535,-3,3,1.4365438e-05,""
990,"region_rec_diffs(4,61)",-0.092572082,-3,3,-2.2164459e-06,""
991,"region_rec_diffs(4,62)",0.15829185,-3,3,2.9035357e-06,""
992,"region_rec_diffs(4,63)",-0.31319325,-3,3,1.1816377e-06,""
993,"region_rec_diffs(4,64)",-0.37094187,-3,3,2.3522648e-06,""
994,"region_rec_diffs(4,65)",1.7670909,-3,3,2.9015534e-05,""
995,"region_rec_diffs(4,66)",0.099845437,-3,3,-6.1911912e-07,""
996,"region_rec_diffs(4,67)",-0.014514514,-3,3,-2.6660369e-06,""
997,"region_rec_diffs(4,68)",-0.60327265,-3,3,-2.2888004e-06,""
998,"region_rec_diffs(4,69)",1.8529359,-3,3,1.5624021e-05,""
999,"region_rec_diffs(4,70)",1.2829971,-3,3,-8.0287333e-06,""
1000,"region_rec_diffs(4,71)",0.036846655,-3,3,-4.3372232e-06,""
1001,"region_rec_diffs(4,72)",0.39386774,-3,3,7.6526937e-06,""
1002,"region_rec_diffs(4,73)",0.95446553,-3,3,-2.2459167e-06,""
1003,"region_rec_diffs(4,74)",-0.032947055,-3,3,8.0234819e-06,""
1004,"region_rec_diffs(4,75)",0.89405851,-3,3,3.2541291e-06,""
1005,"region_rec_diffs(4,76)",-0.40621509,-3,3,-9.7599927e-06,""
1006,"region_rec_diffs(4,77)",-0.020648948,-3,3,3.6348071e-06,""
1007,"region_rec_diffs(4,78)",1.9501697,-3,3,1.4867036e-06,""
1008,"region_rec_diffs(4,79)",0.07590671,-3,3,2.2234841e-06,""
1009,"region_rec_diffs(4,80)",-0.66271067,-3,3,-1.482269e-06,""
1010,"region_rec_diffs(4,81)",-0.26890734,-3,3,2.6385919e-06,""
1011,"region_rec_diffs(4,82)",0.34726334,-3,3,2.1696665e-06,""
1012,"region_rec_diffs(4,83)",0.38458909,-3,3,5.533645e-06,""
1013,"region_rec_diffs(4,84)",0.083602817,-3,3,-5.9817814e-07,""
1014,"region_rec_diffs(4,85)",1.1860203,-3,3,1.3537862e-05,""
1015,"region_rec_diffs(4,86)",0.1035508,-3,3,6.6473004e-06,""
1016,"region_rec_diffs(4,87)",0.41519231,-3,3,4.7621245e-06,""
1017,"region_rec_diffs(4,88)",1.2308618,-3,3,1.0530249e-06,""
1018,"region_rec_diffs(4,89)",-0.70767015,-3,3,-3.3011489e-06,""
1019,"region_rec_diffs(4,90)",0.028502111,-3,3,-9.6282078e-06,""
1020,"region_rec_diffs(4,91)",-0.84281829,-3,3,1.8720442e-06,""
1021,"region_rec_diffs(4,92)",-0.43467908,-3,3,-2.6126348e-06,""
1022,"region_rec_diffs(4,93)",1.8231631,-3,3,-1.0508143e-06,""
1023,"region_rec_diffs(4,94)",-0.036392608,-3,3,4.9284064e-06,""
1024,"region_rec_diffs(4,95)",-0.38986491,-3,3,1.710146e-06,""
1025,"region_rec_diffs(4,96)",-0.2770435,-3,3,-2.8334964e-06,""
1026,"region_rec_diffs(4,97)",0.10206795,-3,3,-1.6236921e-07,""
1027,"region_rec_diffs(4,98)",0.086764314,-3,3,2.3043134e-06,""
1028,"region_rec_diffs(4,99)",-0.45865959,-3,3,4.5990324e-06,""
1029,"region_rec_diffs(4,100)",-0.37542122,-3,3,2.466546e-06,""
1030,"region_rec_diffs(4,101)",-0.2548693,-3,3,9.9927616e-07,""
1031,"region_rec_diffs(4,102)",0.0076875281,-3,3,-1.9877613e-06,""
1032,"region_rec_diffs(4,103)",-0.18199227,-3,3,-5.3230056e-06,""
1033,"region_rec_diffs(4,104)",1.0092309,-3,3,-1.2518383e-05,""
1034,"region_rec_diffs(4,105)",-0.24441657,-3,3,-2.9065783e-06,""
1035,"region_rec_diffs(4,106)",-0.30594444,-3,3,-2.86446e-07,""
1036,"region_rec_diffs(4,107)",-0.058271428,-3,3,4.1230829e-07,""
1037,"region_rec_diffs(4,108)",-0.038622762,-3,3,5.778226e-06,""
1038,"region_rec_diffs(4,109)",0.068211741,-3,3,-2.5658237e-06,""
1039,"region_rec_diffs(4,110)",0.30761938,-3,3,-2.8624286e-06,""
1040,"region_rec_diffs(4,111)",-0.54947421,-3,3,8.1978524e-07,""
1041,"region_rec_diffs(4,112)",1.1655549,-3,3,-4.7793139e-06,""
1042,"region_rec_diffs(4,113)",-0.079118826,-3,3,-6.1172474e-06,""
1043,"region_rec_diffs(4,114)",-0.27084687,-3,3,-3.1984492e-06,""
1044,"region_rec_diffs(4,115)",-0.60202183,-3,3,-3.1907593e-06,""
1045,"region_rec_diffs(4,116)",-0.38746066,-3,3,-2.6409564e-06,""
1046,"region_rec_diffs(4,117)",1.383679,-3,3,-1.4475838e-05,""
1047,"region_rec_diffs(4,118)",-0.22850421,-3,3,7.6950217e-07,""
1048,"region_rec_diffs(4,119)",0.36212261,-3,3,-6.6997362e-06,""
1049,"region_rec_diffs(4,120)",-1.0480017,-3,3,-4.0086956e-06,""
1050,"region_rec_diffs(4,121)",0.89708576,-3,3,-2.9837824e-06,""
1051,"region_rec_diffs(4,122)",-0.89458067,-3,3,-2.203025e-06,""
1052,"region_rec_diffs(4,123)",1.3010833,-3,3,-1.5129079e-05,""
1053,"region_rec_diffs(4,124)",-0.19499544,-3,3,-2.5335212e-06,""
1054,"region_rec_diffs(4,125)",1.2025168,-3,3,-2.1676888e-05,""
1055,"region_rec_diffs(4,126)",-0.42547818,-3,3,-3.4538864e-06,""
1056,"region_rec_diffs(4,127)",-0.20799682,-3,3,-8.5150545e-06,""
1057,"region_rec_diffs(4,128)",-1.062986,-3,3,-6.6235737e-06,""
1058,"region_rec_diffs(4,129)",-0.87539162,-3,3,-7.1854311e-07,""
1059,"region_rec_diffs(4,130)",-0.4443508,-3,3,1.4148934e-05,""
1060,"region_rec_diffs(4,131)",-0.20519588,-3,3,-2.9216368e-06,""
1061,"region_rec_diffs(4,132)",-0.35024666,-3,3,-2.5456015e-05,""
1062,"region_rec_diffs(4,133)",-1.1473655,-3,3,-7.121122e-06,""
1063,"region_rec_diffs(4,134)",-0.41778955,-3,3,-3.5677722e-06,""
1064,"region_rec_diffs(4,135)",-0.97604146,-3,3,-4.9903048e-06,""
1065,"region_rec_diffs(4,136)",-0.93151463,-3,3,-8.2581069e-06,""
1066,"region_rec_diffs(4,137)",-1.1434584,-3,3,-1.0899607e-05,""
1067,"region_rec_diffs(4,138)",-0.10270101,-3,3,-3.8753791e-07,""
1068,"region_rec_diffs(4,139)",-0.75655067,-3,3,2.0522719e-06,""
1069,"region_rec_diffs(4,140)",-0.51954649,-3,3,2.0317711e-06,""
1070,"region_rec_diffs(4,141)",-1.0187588,-3,3,-2.8857788e-06,""
1071,"region_rec_diffs(4,142)",-0.17488211,-3,3,3.4510618e-07,""
1072,"region_rec_diffs(4,143)",-0.36019969,-3,3,-1.4885729e-06,""
1073,"region_rec_diffs(4,144)",0.37851868,-3,3,2.860169e-07,""
1074,"region_rec_diffs(4,145)",0.00092952,-3,3,7.1131548e-06,""
1075,"region_rec_diffs(4,146)",-0.32027333,-3,3,1.7576903e-06,""
1076,"region_rec_diffs(4,147)",-0.053901578,-3,3,3.0322604e-06,""
1077,"region_rec_diffs(4,148)",-0.73175301,-3,3,-8.198678e-07,""
1078,"region_rec_diffs(4,149)",-0.68242743,-3,3,-3.5764349e-06,""
1079,"region_rec_diffs(4,150)",0.046392572,-3,3,-6.4720383e-07,""
1080,"region_rec_diffs(4,151)",-0.72867703,-3,3,-3.543169e-06,""
1081,"region_rec_diffs(4,152)",-0.38802375,-3,3,5.3696146e-06,""
1082,"region_rec_diffs(4,153)",-0.56313117,-3,3,-4.1219898e-06,""
1083,"region_rec_diffs(4,154)",-0.82208806,-3,3,3.0660445e-06,""
1084,"region_rec_diffs(4,155)",-0.052304124,-3,3,-5.0277583e-06,""
1085,"region_rec_diffs(4,156)",-0.06016111,-3,3,7.5409571e-06,""
1086,"region_rec_diffs(4,157)",0.40830351,-3,3,-2.7169604e-05,""
1087,"region_rec_diffs(4,158)",-0.66215222,-3,3,4.1879268e-06,""
1088,"region_rec_diffs(4,159)",-0.45922632,-3,3,1.8746326e-06,""
1089,"region_rec_diffs(4,160)",-0.47308218,-3,3,5.0752218e-06,""
1090,"region_rec_diffs(4,161)",-0.30370378,-3,3,-3.2703255e-06,""
1091,"region_rec_diffs(4,162)",-0.22515028,-3,3,5.5187707e-06,""
1092,"region_rec_diffs(4,163)",-0.10670501,-3,3,1.0006526e-05,""
1093,"region_rec_diffs(4,164)",0.55977046,-3,3,1.0501092e-05,""
1094,"region_rec_diffs(4,165)",0.059498941,-3,3,-6.4191629e-08,""
1095,"region_rec_diffs(4,166)",-0.10947142,-3,3,1.6117629e-07,""
1096,"region_rec_diffs(4,167)",-0.20537951,-3,3,3.8708192e-06,""
1097,"region_rec_diffs(4,168)",1.7595877,-3,3,-6.3111964e-06,""
1098,"region_rec_diffs(4,169)",0.092091248,-3,3,4.9154873e-06,""
1099,"region_rec_diffs(4,170)",-0.036037238,-3,3,-9.5113471e-06,""
1100,"region_rec_diffs(4,171)",0.21254218,-3,3,-4.3050939e-06,""
1101,"region_rec_diffs(4,172)",1.3041681,-3,3,6.6471097e-06,""
1102,"region_rec_diffs(4,173)",-0.58315076,-3,3,-7.2168365e-07,""
1103,"region_rec_diffs(4,174)",-0.54481752,-3,3,4.5436267e-06,""
1104,"region_rec_diffs(4,175)",-0.22554852,-3,3,2.4813236e-06,""
1105,"region_rec_diffs(4,176)",-0.20288302,-3,3,-7.0748211e-06,""
1106,"region_rec_diffs(4,177)",1.5924843,-3,3,3.9518487e-06,""
1107,"region_rec_diffs(4,178)",-0.73468404,-3,3,-2.2535624e-06,""
1108,"region_rec_diffs(4,179)",-0.50491596,-3,3,5.693871e-07,""
1109,"region_rec_diffs(4,180)",1.0645094,-3,3,-1.1491008e-05,""
1110,"region_rec_diffs(4,181)",0.36608304,-3,3,1.4560551e-05,""
1111,"region_rec_diffs(4,182)",-0.15251417,-3,3,8.9673469e-07,""
1112,"region_rec_diffs(4,183)",-0.32433194,-3,3,-2.7158412e-06,""
1113,"region_rec_diffs(4,184)",-0.43819008,-3,3,2.854552e-06,""
1114,"region_rec_diffs(4,185)",1.9456177,-3,3,-8.8864201e-06,""
1115,"region_rec_diffs(4,186)",0.18459627,-3,3,-1.3700107e-05,""
1116,"region_rec_diffs(4,187)",-0.60413198,-3,3,4.0252641e-06,""
1117,"region_rec_diffs(4,188)",-0.71350377,-3,3,-1.1712911e-05,""
1118,"region_rec_diffs(4,189)",-0.15178637,-3,3,4.2205916e-06,""
1119,"region_rec_diffs(4,190)",-0.44943394,-3,3,1.0048778e-05,""
1120,"region_rec_diffs(4,191)",-0.37364423,-3,3,-1.9291905e-06,""
1121,"region_rec_diffs(4,192)",-1.3639999,-3,3,1.6264185e-06,""
1122,"region_rec_diffs(4,193)",-0.87890011,-3,3,5.723388e-07,""
1123,"region_rec_diffs(4,194)",-0.6282095,-3,3,-1.2255143e-06,""
1124,"region_rec_diffs(4,195)",-0.90205912,-3,3,3.099141e-06,""
1125,"region_rec_diffs(4,196)",-1.6536023,-3,3,2.5996456e-07,""
1126,"region_rec_diffs(4,197)",-0.4332485,-3,3,3.0615984e-07,""
1127,"region_rec_diffs(4,198)",-0.62237482,-3,3,-1.8543974e-06,""
1128,"region_rec_diffs(4,199)",-1.0603815,-3,3,4.2215578e-07,""
1129,"region_rec_diffs(4,200)",0.40056546,-3,3,-7.7688581e-07,""
1130,"region_rec_diffs(4,201)",1.6669484,-3,3,3.1323894e-06,""
1131,"region_rec_diffs(4,202)",-0.027083692,-3,3,4.8563334e-06,""
1132,"region_rec_diffs(4,203)",-1.1386645,-3,3,2.0547812e-06,""
1133,"region_rec_diffs(4,204)",-0.41334691,-3,3,6.0139494e-06,""
1134,"region_rec_diffs(4,205)",0.23525908,-3,3,9.4437012e-06,""
1135,"region_rec_diffs(4,206)",0.76234889,-3,3,-2.706696e-06,""
1136,"region_rec_diffs(4,207)",1.7754425,-3,3,4.1653739e-06,""
1137,"region_rec_diffs(4,208)",0.50351469,-3,3,1.0989709e-05,""
1138,"region_rec_diffs(4,209)",1.7934209,-3,3,-2.6575879e-05,""
1139,"region_rec_diffs(4,210)",-0.71457379,-3,3,4.2282304e-06,""
1140,"region_rec_diffs(4,211)",-0.26452817,-3,3,7.0117268e-06,""
1141,"region_rec_diffs(4,212)",-0.25008173,-3,3,-1.6687893e-05,""
1142,"region_rec_diffs(4,213)",0.12118841,-3,3,-6.4019909e-06,""
1143,"region_rec_diffs(4,214)",1.3091248,-3,3,-7.2401679e-07,""
1144,"region_rec_diffs(4,215)",-0.93192466,-3,3,3.3454541e-06,""
1145,"region_rec_diffs(4,216)",-0.49198072,-3,3,-1.8393437e-06,""
1146,"region_rec_diffs(4,217)",1.4962868,-3,3,-1.1187742e-05,""
1147,"region_rec_diffs(4,218)",1.8856654,-3,3,1.1628038e-05,""
1148,"region_rec_diffs(4,219)",-0.58614252,-3,3,-1.7259102e-06,""
1149,"region_rec_diffs(4,220)",-1.5361144,-3,3,-2.5942574e-06,""
1150,"region_rec_diffs(4,221)",-1.8075363,-3,3,-5.1820873e-07,""
1151,"region_rec_diffs(4,222)",-1.9530307,-3,3,6.6911194e-07,""
1152,"region_rec_diffs(4,223)",-2.5730923,-3,3,-7.8640299e-06,""
1153,"region_rec_diffs(4,224)",-2.4805086,-3,3,-1.0014644e-05,""
1154,"region_rec_diffs(4,225)",-2.0074333,-3,3,8.8795924e-06,""
1155,"region_rec_diffs(4,226)",-1.3047354,-3,3,-7.8158497e-07,""
1156,"region_rec_diffs(4,227)",0.38352509,-3,3,-7.5156314e-06,""
1157,"region_rec_diffs(4,228)",-1.2328763,-3,3,2.8508967e-06,""
1158,"region_rec_diffs(4,229)",-0.084943843,-3,3,-1.1038406e-05,""
1159,"region_rec_diffs(4,230)",0.38669402,-3,3,1.1843717e-05,""
1160,"region_rec_diffs(4,231)",1.5999971,-3,3,5.5012573e-06,""
1161,"region_rec_diffs(4,232)",-0.44202197,-3,3,-1.0839631e-05,""
1162,"region_rec_diffs(4,233)",-0.28521254,-3,3,2.8847173e-07,""
1163,"region_rec_diffs(4,234)",-0.35067891,-3,3,-2.5295118e-06,""
1164,"region_rec_diffs(4,235)",1.5621947,-3,3,-2.197736e-06,""
1165,"region_rec_diffs(4,236)",1.541189,-3,3,-6.2885253e-06,""
1166,"region_rec_diffs(4,237)",-0.79829227,-3,3,-5.358854e-06,""
1167,"region_rec_diffs(4,238)",-1.6748277,-3,3,-4.2254899e-06,""
1168,"region_rec_diffs(4,239)",-2.3460223,-3,3,-5.7687587e-06,""
1169,"region_rec_diffs(4,240)",-2.5472401,-3,3,2.8171251e-06,""
1170,"region_rec_diffs(4,241)",0.28530514,-3,3,-3.5183308e-07,""
1171,"region_rec_diffs(4,242)",0.44206859,-3,3,-3.0604042e-06,""
1172,"region_rec_diffs(4,243)",0.43400588,-3,3,1.3331322e-05,""
1173,"region_rec_diffs(4,244)",-2.0243513,-3,3,-4.7629064e-06,""
1174,"region_rec_diffs(4,245)",-1.5085939,-3,3,-1.0128907e-05,""
1175,"region_rec_diffs(4,246)",-0.62295865,-3,3,3.1010346e-06,""
1176,"region_rec_diffs(4,247)",1.213257,-3,3,9.2419441e-06,""
1177,"region_rec_diffs(4,248)",0.26226705,-3,3,1.7887032e-05,""
1178,"region_rec_diffs(4,249)",-1.3537808,-3,3,-1.9905e-06,""
1179,"region_rec_diffs(4,250)",-1.5202437,-3,3,-1.3251377e-05,""
1180,"region_rec_diffs(4,251)",0.34860694,-3,3,6.7928694e-07,""
1181,"region_rec_diffs(4,252)",0.64829481,-3,3,2.3827745e-05,""
1182,"region_rec_diffs(4,253)",-1.8214234,-3,3,-4.8666324e-07,""
1183,"region_rec_diffs(4,254)",0.39774722,-3,3,6.3503868e-06,""
1184,"region_rec_diffs(4,255)",-0.38173124,-3,3,-4.5997593e-06,""
1185,"region_rec_diffs(4,256)",-2.2263424,-3,3,1.1149711e-06,""
1186,"region_rec_diffs(4,257)",-1.0537846,-3,3,-2.5084143e-06,""
1187,"region_rec_diffs(4,258)",0.94664737,-3,3,3.0666595e-06,""
1188,"region_rec_diffs(4,259)",-0.50494535,-3,3,1.1768998e-05,""
1189,"region_rec_diffs(4,260)",-1.5636327,-3,3,-1.7136136e-06,""
1190,"region_rec_diffs(4,261)",-1.4845431,-3,3,-1.3080788e-06,""
1191,"region_rec_diffs(4,262)",0.32440457,-3,3,-1.6535267e-05,""
1192,"region_rec_diffs(4,263)",0.48823595,-3,3,7.6758641e-06,""
1193,"region_rec_diffs(4,264)",-0.15223854,-3,3,-8.8153305e-06,""
1194,"region_rec_diffs(4,265)",-0.73741438,-3,3,5.5739956e-06,""
1195,"region_rec_diffs(4,266)",0.32574397,-3,3,7.2945187e-06,""
1196,"region_rec_diffs(4,267)",1.0645164,-3,3,-1.3551749e-05,""
1197,"region_rec_diffs(4,268)",-0.52653848,-3,3,-1.2851724e-05,""
1198,"region_rec_diffs(4,269)",0.98751019,-3,3,5.0061142e-06,""
1199,"region_rec_diffs(4,270)",1.0106167,-3,3,2.1345293e-05,""
1200,"region_rec_diffs(4,271)",0.48731007,-3,3,-1.2415704e-05,""
1201,"region_rec_diffs(4,272)",-0.78450887,-3,3,-5.1566075e-07,""
1202,"region_rec_diffs(4,273)",-0.32455861,-3,3,-3.3106182e-06,""
1203,"region_rec_diffs(4,274)",1.5131041,-3,3,-4.924637e-06,""
1204,"region_rec_diffs(4,275)",-1.74665,-3,3,-5.8588156e-08,""
1205,"region_rec_diffs(4,276)",-1.6569991,-3,3,9.0547025e-07,""
1206,"region_rec_diffs(4,277)",-0.52573618,-3,3,2.2237395e-06,""
1207,"region_rec_diffs(4,278)",-0.41350582,-3,3,8.0658823e-06,""
1208,"region_rec_diffs(4,279)",-2.6059771,-3,3,-1.3037194e-05,""
1209,"region_rec_diffs(4,280)",-0.013636923,-3,3,4.6445586e-06,""
1210,"region_rec_diffs(4,281)",-0.74924285,-3,3,-3.8689593e-06,""
1211,"region_rec_diffs(4,282)",-0.76810543,-3,3,-3.7022925e-06,""
1212,"region_rec_diffs(4,283)",0.63945909,-3,3,-1.4099982e-06,""
1213,"region_rec_diffs(4,284)",0.20854411,-3,3,1.1963054e-05,""
1214,"region_rec_diffs(4,285)",0.22391605,-3,3,-3.4911783e-06,""
1215,"region_rec_diffs(4,286)",0.19892779,-3,3,2.193342e-05,""
1216,"region_rec_diffs(4,287)",0.61248157,-3,3,1.6993406e-05,""
1217,"region_rec_diffs(4,288)",1.5480326,-3,3,-5.3479813e-06,""
1218,"region_rec_diffs(4,289)",-0.24253037,-3,3,3.4268741e-06,""
1219,"region_rec_diffs(4,290)",-0.53152347,-3,3,-6.7867844e-06,""
1220,"region_rec_diffs(4,291)",-0.7970125,-3,3,1.3239183e-06,""
1221,"region_rec_diffs(5,1)",0,-3,3,3.010274e-16,""
1222,"region_rec_diffs(5,2)",0.56453055,-3,3,-9.9343952e-06,""
1223,"region_rec_diffs(5,3)",0.47333189,-3,3,1.7950401e-05,""
1224,"region_rec_diffs(5,4)",0.44229035,-3,3,-2.4224669e-05,""
1225,"region_rec_diffs(5,5)",0.45999589,-3,3,3.3262833e-06,""
1226,"region_rec_diffs(5,6)",-0.97638072,-3,3,5.5498919e-07,""
1227,"region_rec_diffs(5,7)",0.0153482,-3,3,-4.500776e-06,""
1228,"region_rec_diffs(5,8)",0.056360577,-3,3,-2.6703452e-06,""
1229,"region_rec_diffs(5,9)",0.10781047,-3,3,6.0108667e-06,""
1230,"region_rec_diffs(5,10)",-0.71229376,-3,3,-4.813513e-06,""
1231,"region_rec_diffs(5,11)",-0.0011976098,-3,3,1.2926539e-06,""
1232,"region_rec_diffs(5,12)",0.0030017807,-3,3,9.8740991e-08,""
1233,"region_rec_diffs(5,13)",0.25731723,-3,3,-5.8056331e-06,""
1234,"region_rec_diffs(5,14)",1.2383889,-3,3,-2.2230101e-05,""
1235,"region_rec_diffs(5,15)",0.073887359,-3,3,-1.5165911e-06,""
1236,"region_rec_diffs(5,16)",0.041202587,-3,3,1.3323291e-06,""
1237,"region_rec_diffs(5,17)",0.054064375,-3,3,1.4517968e-06,""
1238,"region_rec_diffs(5,18)",0.89356649,-3,3,-5.1316617e-06,""
1239,"region_rec_diffs(5,19)",-0.17193878,-3,3,-1.8792239e-06,""
1240,"region_rec_diffs(5,20)",0.023566287,-3,3,-2.614974e-06,""
1241,"region_rec_diffs(5,21)",0.41787714,-3,3,-1.0946217e-05,""
1242,"region_rec_diffs(5,22)",-0.060336061,-3,3,-5.511199e-06,""
1243,"region_rec_diffs(5,23)",-0.10927051,-3,3,-1.501941e-06,""
1244,"region_rec_diffs(5,24)",0.075901935,-3,3,-5.068383e-07,""
1245,"region_rec_diffs(5,25)",0.0046881224,-3,3,2.8442516e-06,""
1246,"region_rec_diffs(5,26)",0.23199395,-3,3,-3.4382596e-06,""
1247,"region_rec_diffs(5,27)",-0.22980862,-3,3,3.8071571e-06,""
1248,"region_rec_diffs(5,28)",0.080675814,-3,3,1.5828051e-06,""
1249,"region_rec_diffs(5,29)",1.0943363,-3,3,-7.7632685e-06,""
1250,"region_rec_diffs(5,30)",0.14305857,-3,3,-1.7817819e-06,""
1251,"region_rec_diffs(5,31)",0.11440943,-3,3,-5.589493e-06,""
1252,"region_rec_diffs(5,32)",0.07206924,-3,3,-1.4486905e-06,""
1253,"region_rec_diffs(5,33)",1.0138442,-3,3,-4.6652533e-06,""
1254,"region_rec_diffs(5,34)",-0.14077865,-3,3,5.5889148e-06,""
1255,"region_rec_diffs(5,35)",0.032800186,-3,3,1.8300215e-06,""
1256,"region_rec_diffs(5,36)",-0.067727667,-3,3,-8.6719882e-06,""
1257,"region_rec_diffs(5,37)",0.77721309,-3,3,-6.6767909e-06,""
1258,"region_rec_diffs(5,38)",0.21791272,-3,3,-2.0691287e-07,""
1259,"region_rec_diffs(5,39)",0.024448514,-3,3,1.066301e-06,""
1260,"region_rec_diffs(5,40)",-0.33570514,-3,3,-1.2402176e-06,""
1261,"region_rec_diffs(5,41)",-0.67526217,-3,3,6.8031328e-07,""
1262,"region_rec_diffs(5,42)",-1.2620113,-3,3,-4.1404198e-06,""
1263,"region_rec_diffs(5,43)",-0.96076354,-3,3,-1.0769569e-06,""
1264,"region_rec_diffs(5,44)",-0.12617078,-3,3,1.5065517e-06,""
1265,"region_rec_diffs(5,45)",-0.12033267,-3,3,-1.2781622e-05,""
1266,"region_rec_diffs(5,46)",-0.16032192,-3,3,-6.5471129e-07,""
1267,"region_rec_diffs(5,47)",-0.55709205,-3,3,-3.0002391e-06,""
1268,"region_rec_diffs(5,48)",-0.86389748,-3,3,-5.0595305e-06,""
1269,"region_rec_diffs(5,49)",0.3114601,-3,3,-2.5699001e-06,""
1270,"region_rec_diffs(5,50)",-0.7362383,-3,3,-1.0079009e-07,""
1271,"region_rec_diffs(5,51)",0.11326097,-3,3,-2.1957453e-07,""
1272,"region_rec_diffs(5,52)",0.24930829,-3,3,-5.1817354e-07,""
1273,"region_rec_diffs(5,53)",-0.37545791,-3,3,-7.4768781e-06,""
1274,"region_rec_diffs(5,54)",1.0104867,-3,3,-4.2938162e-06,""
1275,"region_rec_diffs(5,55)",0.13044944,-3,3,-2.2941507e-06,""
1276,"region_rec_diffs(5,56)",0.55643787,-3,3,-6.1232881e-06,""
1277,"region_rec_diffs(5,57)",0.21718304,-3,3,1.765828e-06,""
1278,"region_rec_diffs(5,58)",-1.3384288,-3,3,5.0421706e-07,""
1279,"region_rec_diffs(5,59)",-0.054522059,-3,3,-6.6740359e-06,""
1280,"region_rec_diffs(5,60)",-1.0517851,-3,3,-4.3288087e-06,""
1281,"region_rec_diffs(5,61)",-1.2337213,-3,3,2.8608681e-06,""
1282,"region_rec_diffs(5,62)",0.057287164,-3,3,1.1075503e-06,""
1283,"region_rec_diffs(5,63)",-0.54158314,-3,3,-5.016165e-08,""
1284,"region_rec_diffs(5,64)",-0.6805626,-3,3,9.8994491e-07,""
1285,"region_rec_diffs(5,65)",-0.38677729,-3,3,-2.7004636e-06,""
1286,"region_rec_diffs(5,66)",0.055966768,-3,3,-7.0311485e-07,""
1287,"region_rec_diffs(5,67)",-0.13540759,-3,3,-3.1613083e-06,""
1288,"region_rec_diffs(5,68)",-1.4556334,-3,3,-7.5665139e-07,""
1289,"region_rec_diffs(5,69)",-1.1083285,-3,3,-3.2963764e-06,""
1290,"region_rec_diffs(5,70)",-0.75190071,-3,3,-2.4694449e-06,""
1291,"region_rec_diffs(5,71)",-0.087655446,-3,3,-8.4033151e-06,""
1292,"region_rec_diffs(5,72)",-0.91031352,-3,3,3.8710713e-06,""
1293,"region_rec_diffs(5,73)",-0.41513333,-3,3,6.4239823e-06,""
1294,"region_rec_diffs(5,74)",0.12415445,-3,3,7.1265175e-06,""
1295,"region_rec_diffs(5,75)",0.17424217,-3,3,3.6661058e-07,""
1296,"region_rec_diffs(5,76)",-0.66240043,-3,3,-3.9960843e-06,""
1297,"region_rec_diffs(5,77)",0.12839377,-3,3,-2.6069406e-07,""
1298,"region_rec_diffs(5,78)",-1.0089075,-3,3,-5.2752907e-06,""
1299,"region_rec_diffs(5,79)",-0.0028781841,-3,3,3.0621867e-06,""
1300,"region_rec_diffs(5,80)",-0.97874301,-3,3,3.4466028e-06,""
1301,"region_rec_diffs(5,81)",-0.32435011,-3,3,6.5587333e-06,""
1302,"region_rec_diffs(5,82)",-0.15616836,-3,3,-9.1242265e-06,""
1303,"region_rec_diffs(5,83)",1.4412505,-3,3,2.7392071e-06,""
1304,"region_rec_diffs(5,84)",0.092648397,-3,3,3.9808948e-06,""
1305,"region_rec_diffs(5,85)",1.2995538,-3,3,-1.0896041e-05,""
1306,"region_rec_diffs(5,86)",-0.2829956,-3,3,-1.3180282e-07,""
1307,"region_rec_diffs(5,87)",0.32811738,-3,3,6.6680746e-06,""
1308,"region_rec_diffs(5,88)",0.73725397,-3,3,-9.5733124e-06,""
1309,"region_rec_diffs(5,89)",-1.1690222,-3,3,-4.4921571e-06,""
1310,"region_rec_diffs(5,90)",-0.108406,-3,3,-1.2312573e-05,""
1311,"region_rec_diffs(5,91)",-0.86209859,-3,3,-1.4393107e-06,""
1312,"region_rec_diffs(5,92)",-0.99174303,-3,3,6.8709756e-07,""
1313,"region_rec_diffs(5,93)",-0.31954472,-3,3,-6.9975108e-06,""
1314,"region_rec_diffs(5,94)",-0.60242674,-3,3,1.12688e-06,""
1315,"region_rec_diffs(5,95)",-0.44996577,-3,3,2.4397711e-06,""
1316,"region_rec_diffs(5,96)",-0.70483075,-3,3,-2.46293e-06,""
1317,"region_rec_diffs(5,97)",-0.49862971,-3,3,-2.9406986e-06,""
1318,"region_rec_diffs(5,98)",-0.19338264,-3,3,-6.8085814e-07,""
1319,"region_rec_diffs(5,99)",-0.56753564,-3,3,5.1868729e-08,""
1320,"region_rec_diffs(5,100)",-0.4806648,-3,3,2.923952e-06,""
1321,"region_rec_diffs(5,101)",-0.61397256,-3,3,-3.9472002e-07,""
1322,"region_rec_diffs(5,102)",-0.12178712,-3,3,-1.6254001e-06,""
1323,"region_rec_diffs(5,103)",-0.77629593,-3,3,-1.5056475e-06,""
1324,"region_rec_diffs(5,104)",-1.645018,-3,3,-4.9783267e-07,""
1325,"region_rec_diffs(5,105)",-0.59833743,-3,3,1.003914e-06,""
1326,"region_rec_diffs(5,106)",-0.50745712,-3,3,-1.4489294e-06,""
1327,"region_rec_diffs(5,107)",-0.33687482,-3,3,-3.0991133e-06,""
1328,"region_rec_diffs(5,108)",-0.66379081,-3,3,5.293513e-06,""
1329,"region_rec_diffs(5,109)",-1.2768171,-3,3,-6.7518198e-07,""
1330,"region_rec_diffs(5,110)",-0.17435019,-3,3,-5.3244109e-07,""
1331,"region_rec_diffs(5,111)",-0.98151602,-3,3,-1.2705768e-06,""
1332,"region_rec_diffs(5,112)",-0.88655964,-3,3,2.5514461e-07,""
1333,"region_rec_diffs(5,113)",-1.3091103,-3,3,-1.7435878e-06,""
1334,"region_rec_diffs(5,114)",-0.39944667,-3,3,-4.2648573e-07,""
1335,"region_rec_diffs(5,115)",-1.0113927,-3,3,-2.4187189e-06,""
1336,"region_rec_diffs(5,116)",-0.85178969,-3,3,5.7325366e-07,""
1337,"region_rec_diffs(5,117)",0.18207097,-3,3,1.3409739e-05,""
1338,"region_rec_diffs(5,118)",0.73776548,-3,3,-9.0114019e-06,""
1339,"region_rec_diffs(5,119)",-0.30509979,-3,3,8.2879076e-06,""
1340,"region_rec_diffs(5,120)",-0.91915869,-3,3,2.0183624e-06,""
1341,"region_rec_diffs(5,121)",-1.1067609,-3,3,2.0200569e-06,""
1342,"region_rec_diffs(5,122)",-1.3096224,-3,3,-1.3778061e-06,""
1343,"region_rec_diffs(5,123)",-1.1323982,-3,3,-5.6116607e-06,""
1344,"region_rec_diffs(5,124)",-0.17615027,-3,3,-7.3043314e-06,""
1345,"region_rec_diffs(5,125)",-0.89620078,-3,3,-1.0327935e-05,""
1346,"region_rec_diffs(5,126)",-0.48804178,-3,3,-3.2001315e-06,""
1347,"region_rec_diffs(5,127)",-0.48459605,-3,3,-1.5297888e-06,""
1348,"region_rec_diffs(5,128)",-0.93822438,-3,3,-4.8428162e-06,""
1349,"region_rec_diffs(5,129)",-1.0768458,-3,3,-5.9694772e-07,""
1350,"region_rec_diffs(5,130)",-0.54229105,-3,3,4.0845556e-06,""
1351,"region_rec_diffs(5,131)",0.11199806,-3,3,4.9123098e-06,""
1352,"region_rec_diffs(5,132)",-0.72471864,-3,3,-1.8235837e-06,""
1353,"region_rec_diffs(5,133)",1.0487828,-3,3,2.4674479e-05,""
1354,"region_rec_diffs(5,134)",-0.032170552,-3,3,-2.6958347e-06,""
1355,"region_rec_diffs(5,135)",-0.56550962,-3,3,1.0010361e-05,""
1356,"region_rec_diffs(5,136)",-0.71039278,-3,3,3.5743697e-06,""
1357,"region_rec_diffs(5,137)",0.43071395,-3,3,-1.2587347e-05,""
1358,"region_rec_diffs(5,138)",0.63693563,-3,3,3.8808134e-06,""
1359,"region_rec_diffs(5,139)",0.36582616,-3,3,7.9374436e-06,""
1360,"region_rec_diffs(5,140)",-0.52253678,-3,3,-3.3560893e-06,""
1361,"region_rec_diffs(5,141)",-1.5496847,-3,3,1.5075128e-06,""
1362,"region_rec_diffs(5,142)",-0.37533762,-3,3,-2.8222679e-06,""
1363,"region_rec_diffs(5,143)",-0.90840782,-3,3,-5.3507738e-07,""
1364,"region_rec_diffs(5,144)",-1.0535766,-3,3,1.2112776e-06,""
1365,"region_rec_diffs(5,145)",0.72889768,-3,3,2.1680421e-05,""
1366,"region_rec_diffs(5,146)",-0.14912482,-3,3,4.9484394e-06,""
1367,"region_rec_diffs(5,147)",0.18851812,-3,3,-4.5846243e-06,""
1368,"region_rec_diffs(5,148)",-0.085576656,-3,3,5.061814e-06,""
1369,"region_rec_diffs(5,149)",1.3880332,-3,3,-3.1437801e-06,""
1370,"region_rec_diffs(5,150)",0.064482476,-3,3,-2.9710688e-07,""
1371,"region_rec_diffs(5,151)",1.6883817,-3,3,-3.1402901e-06,""
1372,"region_rec_diffs(5,152)",0.13569797,-3,3,1.5464172e-05,""
1373,"region_rec_diffs(5,153)",-0.50454096,-3,3,-7.7529314e-06,""
1374,"region_rec_diffs(5,154)",1.1973985,-3,3,-7.6151794e-06,""
1375,"region_rec_diffs(5,155)",0.83507003,-3,3,-8.9093072e-06,""
1376,"region_rec_diffs(5,156)",0.77083823,-3,3,-4.5547015e-06,""
1377,"region_rec_diffs(5,157)",1.2162801,-3,3,9.4459855e-06,""
1378,"region_rec_diffs(5,158)",-0.80725284,-3,3,-1.0769172e-05,""
1379,"region_rec_diffs(5,159)",-0.45808247,-3,3,-4.173507e-07,""
1380,"region_rec_diffs(5,160)",1.550267,-3,3,-9.3957221e-08,""
1381,"region_rec_diffs(5,161)",1.5339426,-3,3,-1.359057e-06,""
1382,"region_rec_diffs(5,162)",-0.21470308,-3,3,-1.0077335e-05,""
1383,"region_rec_diffs(5,163)",-0.45373018,-3,3,-3.2864444e-06,""
1384,"region_rec_diffs(5,164)",1.018315,-3,3,-8.8702415e-06,""
1385,"region_rec_diffs(5,165)",0.093922084,-3,3,3.8444659e-06,""
1386,"region_rec_diffs(5,166)",-0.16284665,-3,3,-2.5613669e-06,""
1387,"region_rec_diffs(5,167)",-0.4051262,-3,3,6.26057e-06,""
1388,"region_rec_diffs(5,168)",-0.018746346,-3,3,-9.5413555e-06,""
1389,"region_rec_diffs(5,169)",1.4940363,-3,3,-3.7081802e-06,""
1390,"region_rec_diffs(5,170)",-0.78632822,-3,3,-4.3321707e-06,""
1391,"region_rec_diffs(5,171)",-0.32563349,-3,3,-5.207844e-06,""
1392,"region_rec_diffs(5,172)",1.3671618,-3,3,-4.648121e-06,""
1393,"region_rec_diffs(5,173)",-0.51459666,-3,3,-8.8598599e-07,""
1394,"region_rec_diffs(5,174)",-0.35433444,-3,3,4.9405228e-06,""
1395,"region_rec_diffs(5,175)",-0.33751422,-3,3,2.968339e-06,""
1396,"region_rec_diffs(5,176)",-0.57956513,-3,3,8.3294726e-08,""
1397,"region_rec_diffs(5,177)",-0.77969359,-3,3,8.5414322e-06,""
1398,"region_rec_diffs(5,178)",-1.1389618,-3,3,-9.4674291e-07,""
1399,"region_rec_diffs(5,179)",-0.81566415,-3,3,3.5252266e-06,""
1400,"region_rec_diffs(5,180)",0.027484066,-3,3,1.0279691e-05,""
1401,"region_rec_diffs(5,181)",-0.12397714,-3,3,3.7385782e-06,""
1402,"region_rec_diffs(5,182)",-0.50108064,-3,3,-3.6233892e-06,""
1403,"region_rec_diffs(5,183)",-0.79767335,-3,3,-1.0373792e-06,""
1404,"region_rec_diffs(5,184)",-1.2442996,-3,3,-4.757259e-06,""
1405,"region_rec_diffs(5,185)",-1.3167493,-3,3,3.2999525e-06,""
1406,"region_rec_diffs(5,186)",1.0108017,-3,3,1.145314e-05,""
1407,"region_rec_diffs(5,187)",1.0650686,-3,3,9.8740131e-06,""
1408,"region_rec_diffs(5,188)",-0.67084925,-3,3,2.8919e-07,""
1409,"region_rec_diffs(5,189)",-0.24971735,-3,3,-2.851927e-06,""
1410,"region_rec_diffs(5,190)",-0.69416242,-3,3,3.8085919e-06,""
1411,"region_rec_diffs(5,191)",-0.72292731,-3,3,-1.5010929e-06,""
1412,"region_rec_diffs(5,192)",-1.9856872,-3,3,-2.2230964e-06,""
1413,"region_rec_diffs(5,193)",-1.326988,-3,3,2.2790247e-06,""
1414,"region_rec_diffs(5,194)",1.225327,-3,3,-3.3481665e-06,""
1415,"region_rec_diffs(5,195)",0.81159801,-3,3,-7.0028552e-08,""
1416,"region_rec_diffs(5,196)",-1.4246814,-3,3,4.1599718e-07,""
1417,"region_rec_diffs(5,197)",-0.0077430946,-3,3,3.1890274e-06,""
1418,"region_rec_diffs(5,198)",-0.41456346,-3,3,-7.0887156e-06,""
1419,"region_rec_diffs(5,199)",1.6287606,-3,3,-6.8355813e-06,""
1420,"region_rec_diffs(5,200)",-0.62804255,-3,3,-4.6864224e-06,""
1421,"region_rec_diffs(5,201)",-1.2392354,-3,3,-1.026371e-05,""
1422,"region_rec_diffs(5,202)",1.4041031,-3,3,-5.5364412e-06,""
1423,"region_rec_diffs(5,203)",1.162516,-3,3,1.2539987e-05,""
1424,"region_rec_diffs(5,204)",0.021958555,-3,3,-1.4656273e-06,""
1425,"region_rec_diffs(5,205)",1.612518,-3,3,-3.3957012e-06,""
1426,"region_rec_diffs(5,206)",-0.74439261,-3,3,4.3496225e-06,""
1427,"region_rec_diffs(5,207)",-0.89424525,-3,3,-1.110745e-05,""
1428,"region_rec_diffs(5,208)",-1.2298145,-3,3,2.3800447e-06,""
1429,"region_rec_diffs(5,209)",-0.49692686,-3,3,-5.5802708e-06,""
1430,"region_rec_diffs(5,210)",1.5235003,-3,3,-3.4543663e-06,""
1431,"region_rec_diffs(5,211)",1.0856748,-3,3,6.5433018e-06,""
1432,"region_rec_diffs(5,212)",1.2098502,-3,3,-8.0656799e-07,""
1433,"region_rec_diffs(5,213)",1.4506304,-3,3,-3.4857895e-06,""
1434,"region_rec_diffs(5,214)",-0.27230816,-3,3,-1.1975997e-06,""
1435,"region_rec_diffs(5,215)",1.6495474,-3,3,-5.8102867e-06,""
1436,"region_rec_diffs(5,216)",-0.10507625,-3,3,-1.452638e-05,""
1437,"region_rec_diffs(5,217)",-0.68257462,-3,3,-5.1618396e-06,""
1438,"region_rec_diffs(5,218)",-0.65315516,-3,3,3.3880094e-06,""
1439,"region_rec_diffs(5,219)",1.1690579,-3,3,6.1321743e-06,""
1440,"region_rec_diffs(5,220)",0.83542367,-3,3,-7.0778578e-06,""
1441,"region_rec_diffs(5,221)",1.3482753,-3,3,1.5995096e-05,""
1442,"region_rec_diffs(5,222)",0.6019697,-3,3,2.2648741e-05,""
1443,"region_rec_diffs(5,223)",-0.039720815,-3,3,-3.015236e-06,""
1444,"region_rec_diffs(5,224)",-0.8842047,-3,3,4.338122e-06,""
1445,"region_rec_diffs(5,225)",1.2682679,-3,3,-6.2091717e-06,""
1446,"region_rec_diffs(5,226)",0.80618194,-3,3,-1.2925109e-05,""
1447,"region_rec_diffs(5,227)",-0.92636059,-3,3,-1.7299611e-06,""
1448,"region_rec_diffs(5,228)",0.24686459,-3,3,-3.2471651e-06,""
1449,"region_rec_diffs(5,229)",0.60406108,-3,3,-9.1682867e-06,""
1450,"region_rec_diffs(5,230)",0.43720358,-3,3,8.9843632e-06,""
1451,"region_rec_diffs(5,231)",-1.1746945,-3,3,3.9011673e-06,""
1452,"region_rec_diffs(5,232)",1.1007282,-3,3,8.0574924e-06,""
1453,"region_rec_diffs(5,233)",-1.0170944,-3,3,-1.1258992e-06,""
1454,"region_rec_diffs(5,234)",-1.0621191,-3,3,-1.4492693e-06,""
1455,"region_rec_diffs(5,235)",-1.4243876,-3,3,-2.7942499e-06,""
1456,"region_rec_diffs(5,236)",-0.8606484,-3,3,6.2315063e-06,""
1457,"region_rec_diffs(5,237)",0.96392196,-3,3,7.0862594e-07,""
1458,"region_rec_diffs(5,238)",0.95415657,-3,3,-2.2787038e-05,""
1459,"region_rec_diffs(5,239)",1.3514969,-3,3,-4.6745569e-06,""
1460,"region_rec_diffs(5,240)",-1.6739556,-3,3,6.5712573e-06,""
1461,"region_rec_diffs(5,241)",-1.2935877,-3,3,2.1577229e-06,""
1462,"region_rec_diffs(5,242)",-0.1730569,-3,3,-1.6011089e-05,""
1463,"region_rec_diffs(5,243)",0.4863146,-3,3,2.3573333e-05,""
1464,"region_rec_diffs(5,244)",0.99409603,-3,3,-1.3987674e-05,""
1465,"region_rec_diffs(5,245)",0.74398598,-3,3,-3.3728705e-05,""
1466,"region_rec_diffs(5,246)",-0.4900459,-3,3,2.2336407e-07,""
1467,"region_rec_diffs(5,247)",-1.5281984,-3,3,-3.0375155e-06,""
1468,"region_rec_diffs(5,248)",-1.5344446,-3,3,3.5730657e-07,""
1469,"region_rec_diffs(5,249)",-0.97118906,-3,3,1.3751578e-06,""
1470,"region_rec_diffs(5,250)",-1.7660129,-3,3,-2.8984931e-06,""
1471,"region_rec_diffs(5,251)",-1.6375383,-3,3,-2.4046089e-06,""
1472,"region_rec_diffs(5,252)",-2.0027287,-3,3,-1.2268605e-06,""
1473,"region_rec_diffs(5,253)",-1.8410513,-3,3,1.8573181e-06,""
1474,"region_rec_diffs(5,254)",-1.7360146,-3,3,1.1094033e-07,""
1475,"region_rec_diffs(5,255)",-1.5116333,-3,3,-4.1822384e-06,""
1476,"region_rec_diffs(5,256)",-1.980406,-3,3,-3.8343314e-06,""
1477,"region_rec_diffs(5,257)",-1.5736961,-3,3,-4.3833254e-06,""
1478,"region_rec_diffs(5,258)",-1.4182126,-3,3,-2.4056687e-06,""
1479,"region_rec_diffs(5,259)",-1.5832878,-3,3,-5.1004142e-06,""
1480,"region_rec_diffs(5,260)",-0.70694261,-3,3,1.0248142e-06,""
1481,"region_rec_diffs(5,261)",-1.0962012,-3,3,-1.6111362e-06,""
1482,"region_rec_diffs(5,262)",-1.4402582,-3,3,8.9331749e-07,""
1483,"region_rec_diffs(5,263)",-0.69039348,-3,3,6.3812368e-06,""
1484,"region_rec_diffs(5,264)",-0.31364926,-3,3,8.0750446e-06,""
1485,"region_rec_diffs(5,265)",0.29613165,-3,3,3.960783e-06,""
1486,"region_rec_diffs(5,266)",-1.2480572,-3,3,-8.5975533e-06,""
1487,"region_rec_diffs(5,267)",-1.4665685,-3,3,-7.1624808e-06,""
1488,"region_rec_diffs(5,268)",-1.289304,-3,3,-3.8909958e-06,""
1489,"region_rec_diffs(5,269)",-1.2245179,-3,3,1.985427e-07,""
1490,"region_rec_diffs(5,270)",0.13074021,-3,3,-3.0457825e-06,""
1491,"region_rec_diffs(5,271)",1.5452674,-3,3,1.9761279e-07,""
1492,"region_rec_diffs(5,272)",0.76904659,-3,3,-1.4170593e-05,""
1493,"region_rec_diffs(5,273)",-0.28006984,-3,3,2.0091149e-06,""
1494,"region_rec_diffs(5,274)",0.064574526,-3,3,5.6057496e-07,""
1495,"region_rec_diffs(5,275)",0.50775369,-3,3,6.0794473e-06,""
1496,"region_rec_diffs(5,276)",1.0381551,-3,3,1.3138347e-07,""
1497,"region_rec_diffs(5,277)",1.353463,-3,3,1.2696257e-05,""
1498,"region_rec_diffs(5,278)",0.33556104,-3,3,-9.422626e-06,""
1499,"region_rec_diffs(5,279)",0.63227209,-3,3,5.1965597e-06,""
1500,"region_rec_diffs(5,280)",-0.75025199,-3,3,-5.1656423e-07,""
1501,"region_rec_diffs(5,281)",-0.039235927,-3,3,-4.5990277e-06,""
1502,"region_rec_diffs(5,282)",0.028647419,-3,3,5.2133872e-07,""
1503,"region_rec_diffs(5,283)",-0.56826649,-3,3,-1.9851178e-06,""
1504,"region_rec_diffs(5,284)",-0.17778007,-3,3,-2.8884521e-06,""
1505,"region_rec_diffs(5,285)",-0.83768275,-3,3,-2.6608169e-06,""
1506,"region_rec_diffs(5,286)",-0.38137188,-3,3,9.9185554e-08,""
1507,"region_rec_diffs(5,287)",-2.2335777,-3,3,1.8913722e-06,""
1508,"region_rec_diffs(5,288)",-0.7220108,-3,3,3.0632804e-06,""
1509,"region_rec_diffs(5,289)",1.2007162,-3,3,7.0203374e-06,""
1510,"region_rec_diffs(5,290)",-1.0821831,-3,3,8.5622751e-07,""
1511,"region_rec_diffs(5,291)",-0.63139125,-3,3,3.1252215e-07,""
1512,"bs_selcoff_gp:1(1,1,1,1)",-4.1036887,-20,7,-9.2103813e-06,""
1513,"bs_selcoff_gp:1(1,1,1,2)",-1.1984168,-20,7,2.2069557e-06,""
1514,"bs_selcoff_gp:1(1,1,1,3)",0.47856802,-20,7,-1.654985e-06,""
1515,"bs_selcoff_gp:1(1,1,1,4)",0.37447935,-20,7,2.1645998e-06,""
1516,"bs_selcoff_gp:1(1,1,1,5)",0.47860442,-20,7,3.0524278e-06,""
1517,"bs_selcoff_gp:2(2,1,1,1)",-4.7627307,-20,7,-3.0275522e-06,""
1518,"bs_selcoff_gp:2(2,1,1,2)",-2.1634568,-20,7,3.1444049e-06,""
1519,"bs_selcoff_gp:2(2,1,1,3)",-0.002229818,-20,7,7.4992242e-06,""
1520,"bs_selcoff_gp:2(2,1,1,4)",0.73914957,-20,7,7.3958159e-06,""
1521,"bs_selcoff_gp:2(2,1,1,5)",0.57919728,-20,7,-6.3203309e-06,""
1522,"bs_selcoff_gp:3(3,1,1,1)",-4.7294825,-20,7,-1.236512e-05,""
1523,"bs_selcoff_gp:3(3,1,1,2)",-2.1047476,-20,7,-9.9875809e-06,""
1524,"bs_selcoff_gp:3(3,1,1,3)",0.1415031,-20,7,-9.5638593e-06,""
1525,"bs_selcoff_gp:3(3,1,1,4)",0.5132053,-20,7,-3.9259018e-06,""
1526,"bs_selcoff_gp:3(3,1,1,5)",0.71620298,-20,7,6.368718e-06,""
1527,"bs_selcoff_gp:4(4,1,1,1)",-5.1230568,-20,7,-7.6578922e-07,""
1528,"bs_selcoff_gp:4(4,1,1,2)",-0.17159516,-20,7,-1.2380553e-06,""
1529,"bs_selcoff_gp:4(4,1,1,3)",0.17123632,-20,7,3.9578679e-06,""
1530,"bs_selcoff_gp:4(4,1,1,4)",0.94986442,-20,7,-3.465143e-06,""
1531,"bs_selcoff_gp:4(4,1,1,5)",-0.96865767,-20,7,4.9010223e-06,""
1532,"bs_selcoff_gp:5(5,1,1,1)",-7.2961921,-20,7,8.2651967e-06,""
1533,"bs_selcoff_gp:5(5,1,1,2)",-6.1175638,-20,7,-1.8568324e-06,""
1534,"bs_selcoff_gp:5(5,1,1,3)",-1.9814332,-20,7,-7.7812712e-06,""
1535,"bs_selcoff_gp:5(5,1,1,4)",1.3418096,-20,7,-5.1043459e-06,""
1536,"bs_selcoff_gp:5(5,1,1,5)",0.03274609,-20,7,2.3448218e-05,""
1537,"bs_selcoff_gp:6(6,1,1,1)",-5.2296152,-20,7,5.004179e-06,""
1538,"bs_selcoff_gp:6(6,1,1,2)",-1.1330947,-20,7,1.6065397e-05,""
1539,"bs_selcoff_gp:6(6,1,1,3)",0.80119141,-20,7,-9.7112542e-06,""
1540,"bs_selcoff_gp:6(6,1,1,4)",0.84756145,-20,7,9.5595657e-06,""
1541,"bs_selcoff_gp:6(6,1,1,5)",-2.2030028,-20,7,1.2044716e-05,""
1542,"bs_selcoff_gp:7(7,1,1,1)",-4.7552955,-20,7,-1.9481029e-06,""
1543,"bs_selcoff_gp:7(7,1,1,2)",-1.6913482,-20,7,-1.8633113e-06,""
1544,"bs_selcoff_gp:7(7,1,1,3)",-0.18002291,-20,7,9.6115347e-07,""
1545,"bs_selcoff_gp:7(7,1,1,4)",1.2248126,-20,7,3.2737203e-07,""
1546,"bs_selcoff_gp:7(7,1,1,5)",-0.56503064,-20,7,-4.7606287e-06,""
1547,"bs_selcoff_gp:8(8,1,1,1)",-3.8394273,-20,7,-3.6244581e-06,""
1548,"bs_selcoff_gp:8(8,1,1,2)",-2.2587495,-20,7,5.2213969e-06,""
1549,"bs_selcoff_gp:8(8,1,1,3)",-0.78185138,-20,7,1.2023025e-05,""
1550,"bs_selcoff_gp:8(8,1,1,4)",1.0456078,-20,7,-6.3142334e-06,""
1551,"bs_selcoff_gp:8(8,1,1,5)",0.45192192,-20,7,5.9339482e-06,""
1552,"bs_selcoff_gp:9(9,1,1,1)",-5.5978965,-20,7,-5.6375242e-06,""
1553,"bs_selcoff_gp:9(9,1,1,2)",-3.1290478,-20,7,-2.8073419e-05,""
1554,"bs_selcoff_gp:9(9,1,1,3)",-0.84309115,-20,7,-2.3931067e-07,""
1555,"bs_selcoff_gp:9(9,1,1,4)",1.3897552,-20,7,-7.9027016e-07,""
1556,"bs_selcoff_gp:9(9,1,1,5)",-0.67671265,-20,7,-2.1158015e-06,""
1557,"bs_selcoff_gp:10(10,1,1,1)",-2.9731493,-20,7,6.8891165e-06,""
1558,"bs_selcoff_gp:10(10,1,1,2)",-1.276533,-20,7,5.8196518e-06,""
1559,"bs_selcoff_gp:10(10,1,1,3)",0.1152905,-20,7,3.2024198e-05,""
1560,"bs_selcoff_gp:10(10,1,1,4)",0.66850503,-20,7,-1.1128628e-05,""
1561,"bs_selcoff_gp:10(10,1,1,5)",0.46771418,-20,7,-7.3976971e-06,""
1562,"bs_selcoff_gp:11(11,1,1,1)",-6.545417,-20,7,-4.1600398e-06,""
1563,"bs_selcoff_gp:11(11,1,1,2)",-2.7093388,-20,7,-1.7369719e-05,""
1564,"bs_selcoff_gp:11(11,1,1,3)",0.38002577,-20,7,-4.15846e-06,""
1565,"bs_selcoff_gp:11(11,1,1,4)",0.998621,-20,7,-9.9517303e-07,""
1566,"bs_selcoff_gp:11(11,1,1,5)",-0.28087633,-20,7,5.4910806e-06,""
1567,"bs_selcoff_gp:12(12,1,1,1)",0.74079607,-20,7,-1.9384641e-05,""
1568,"bs_selcoff_gp:12(12,1,1,2)",0.77226086,-20,7,1.6567849e-05,""
1569,"bs_selcoff_gp:12(12,1,1,3)",-0.61972596,-20,7,1.9813971e-05,""
1570,"bs_selcoff_gp:12(12,1,1,4)",-1.8711448,-20,7,-2.1615493e-05,""
1571,"bs_selcoff_gp:12(12,1,1,5)",-3.0856483,-20,7,-4.1399997e-06,""
1572,"bs_selcoff_gp:13(13,1,1,1)",-0.53456766,-20,7,1.7047369e-05,""
1573,"bs_selcoff_gp:13(13,1,1,2)",1.1205717,-20,7,-1.0756132e-05,""
1574,"bs_selcoff_gp:13(13,1,1,3)",-0.17491852,-20,7,2.2048653e-05,""
1575,"bs_selcoff_gp:13(13,1,1,4)",-0.79519199,-20,7,2.078178e-05,""
1576,"bs_selcoff_gp:13(13,1,1,5)",-2.8743008,-20,7,-1.034957e-05,""
1577,"bs_selcoff_gp:14(14,1,1,1)",-5.935245,-20,7,-3.2360126e-06,""
1578,"bs_selcoff_gp:14(14,1,1,2)",-1.5919469,-20,7,-3.0029542e-07,""
1579,"bs_selcoff_gp:14(14,1,1,3)",0.11054983,-20,7,1.4660844e-05,""
1580,"bs_selcoff_gp:14(14,1,1,4)",0.41753633,-20,7,-1.0864922e-05,""
1581,"bs_selcoff_gp:14(14,1,1,5)",0.76951469,-20,7,2.8047287e-06,""
1582,"bs_selcoff_gp:15(15,1,1,1)",-1.9441999,-20,7,1.7891553e-05,""
1583,"bs_selcoff_gp:15(15,1,1,2)",-0.599973,-20,7,3.8809392e-06,""
1584,"bs_selcoff_gp:15(15,1,1,3)",-2.7895343,-20,7,-8.0875776e-06,""
1585,"bs_selcoff_gp:15(15,1,1,4)",1.0239074,-20,7,-3.1121867e-06,""
1586,"bs_selcoff_gp:15(15,1,1,5)",0.38019678,-20,7,6.4002079e-06,""
1587,"bs_selcoff_gp:16(16,1,1,1)",-0.38102191,-20,7,-3.1255851e-05,""
1588,"bs_selcoff_gp:16(16,1,1,2)",1.3334714,-20,7,-2.9361349e-06,""
1589,"bs_selcoff_gp:16(16,1,1,3)",-6.5425605,-20,7,1.0143769e-05,""
1590,"bs_selcoff_gp:16(16,1,1,4)",-0.65122753,-20,7,3.2677656e-05,""
1591,"bs_selcoff_gp:16(16,1,1,5)",-19.999998,-20,7,5.827974e-07,"*"
1592,"bs_selcoff_gp:17(17,1,1,1)",-0.24455095,-20,7,-1.4089156e-05,""
1593,"bs_selcoff_gp:17(17,1,1,2)",1.3809635,-20,7,6.3364945e-06,""
1594,"bs_selcoff_gp:17(17,1,1,3)",-8.4101893,-20,7,-5.3944651e-06,""
1595,"bs_selcoff_gp:17(17,1,1,4)",-1.4355424,-20,7,7.5243544e-06,""
1596,"bs_selcoff_gp:17(17,1,1,5)",-13.944658,-20,7,-7.2001524e-07,""
1597,"bs_selcoff_gp:18(18,1,1,1)",-0.13351993,-20,7,1.1795638e-06,""
1598,"bs_selcoff_gp:18(18,1,1,2)",1.3008088,-20,7,-3.3144256e-06,""
1599,"bs_selcoff_gp:18(18,1,1,3)",-1.0690041,-20,7,4.9031915e-06,""
1600,"bs_selcoff_gp:18(18,1,1,4)",-2.3914079,-20,7,1.2093504e-05,""
1601,"bs_selcoff_gp:18(18,1,1,5)",-4.024414,-20,7,-1.0210853e-05,""
1602,"bs_selcoff_gp:19(19,1,1,1)",-0.95397697,-20,7,1.0097954e-05,""
1603,"bs_selcoff_gp:19(19,1,1,2)",1.3865877,-20,7,1.6118504e-07,""
1604,"bs_selcoff_gp:19(19,1,1,3)",-0.78643913,-20,7,-1.1216442e-05,""
1605,"bs_selcoff_gp:19(19,1,1,4)",-1.8579504,-20,7,-3.5146363e-06,""
1606,"bs_selcoff_gp:19(19,1,1,5)",-6.1348125,-20,7,1.7412584e-05,""
1607,"bs_selcoff_gp:20(20,1,1,1)",-4.3532612,-20,7,-7.1877183e-06,""
1608,"bs_selcoff_gp:20(20,1,1,2)",-0.50101661,-20,7,1.1276583e-05,""
1609,"bs_selcoff_gp:20(20,1,1,3)",0.12827539,-20,7,3.8947735e-08,""
1610,"bs_selcoff_gp:20(20,1,1,4)",1.1182473,-20,7,-3.0600724e-06,""
1611,"bs_selcoff_gp:20(20,1,1,5)",-1.6881144,-20,7,6.3566436e-07,""
1612,"bs_selcoff_gp:21(21,1,1,1)",-1.9056021,-20,7,2.4818879e-06,""
1613,"bs_selcoff_gp:21(21,1,1,2)",1.2358404,-20,7,-3.1161805e-05,""
1614,"bs_selcoff_gp:21(21,1,1,3)",-1.7541818,-20,7,-2.2409238e-06,""
1615,"bs_selcoff_gp:21(21,1,1,4)",0.19114921,-20,7,4.2300743e-05,""
1616,"bs_selcoff_gp:21(21,1,1,5)",-3.6377503,-20,7,1.2495218e-05,""
1617,"bs_selcoff_gp:22(22,1,1,1)",0.11672223,-20,7,-2.6960597e-06,""
1618,"bs_selcoff_gp:22(22,1,1,2)",0.72619497,-20,7,-1.0586197e-05,""
1619,"bs_selcoff_gp:22(22,1,1,3)",-0.13582496,-20,7,-9.2695122e-06,""
1620,"bs_selcoff_gp:22(22,1,1,4)",-0.13986633,-20,7,1.613256e-05,""
1621,"bs_selcoff_gp:22(22,1,1,5)",-2.7101628,-20,7,3.1467235e-05,""
1622,"bs_selcoff_gp:23(23,1,1,1)",-2.7052921,-20,7,-7.7034002e-06,""
1623,"bs_selcoff_gp:23(23,1,1,2)",0.9872968,-20,7,-9.139182e-06,""
1624,"bs_selcoff_gp:23(23,1,1,3)",0.40290472,-20,7,1.2923432e-05,""
1625,"bs_selcoff_gp:23(23,1,1,4)",-0.56137687,-20,7,-1.6467958e-05,""
1626,"bs_selcoff_gp:23(23,1,1,5)",-1.7005061,-20,7,1.0616796e-05,""
1627,"bs_selcoff_gp:24(24,1,1,1)",-2.6983765,-20,7,1.6548095e-05,""
1628,"bs_selcoff_gp:24(24,1,1,2)",1.5955124,-20,7,-2.8022192e-06,""
1629,"bs_selcoff_gp:24(24,1,1,3)",-6.5775069,-20,7,-1.2566904e-06,""
1630,"bs_selcoff_gp:24(24,1,1,4)",-7.6893392,-20,7,-2.5501179e-06,""
1631,"bs_selcoff_gp:24(24,1,1,5)",-19.999939,-20,7,4.0967119e-07,"*"
1632,"bs_selcoff_gp:25(25,1,1,1)",-2.1848646,-20,7,2.1529417e-06,""
1633,"bs_selcoff_gp:25(25,1,1,2)",1.0359905,-20,7,-2.7205698e-05,""
1634,"bs_selcoff_gp:25(25,1,1,3)",0.80727566,-20,7,1.1021621e-06,""
1635,"bs_selcoff_gp:25(25,1,1,4)",0.28864185,-20,7,1.3965874e-05,""
1636,"bs_selcoff_gp:25(25,1,1,5)",-1.1656065,-20,7,3.4235714e-05,""
1637,"bs_selcoff_gp:25(25,1,1,6)",-2.5329522,-20,7,1.7135416e-05,""
1638,"bs_selcoff_gp:25(25,1,1,7)",-2.2822363,-20,7,7.1354942e-06,""
1639,"bs_selcoff_gp:26(26,1,1,1)",-2.234248,-20,7,-1.6511899e-05,""
1640,"bs_selcoff_gp:26(26,1,1,2)",0.92982776,-20,7,-6.168885e-07,""
1641,"bs_selcoff_gp:26(26,1,1,3)",0.66189779,-20,7,-1.081413e-05,""
1642,"bs_selcoff_gp:26(26,1,1,4)",0.69773817,-20,7,9.379845e-06,""
1643,"bs_selcoff_gp:26(26,1,1,5)",-1.5448548,-20,7,-5.2721421e-05,""
1644,"bs_selcoff_gp:26(26,1,1,6)",-2.0503361,-20,7,-1.152738e-05,""
1645,"bs_selcoff_gp:26(26,1,1,7)",-2.6717349,-20,7,-1.5299828e-05,""
1646,"bs_selcoff_gp:27(27,1,1,1)",-3.1298518,-20,7,-8.7674578e-06,""
1647,"bs_selcoff_gp:27(27,1,1,2)",1.2238964,-20,7,-1.1523116e-05,""
1648,"bs_selcoff_gp:27(27,1,1,3)",-0.26076511,-20,7,1.4716023e-05,""
1649,"bs_selcoff_gp:27(27,1,1,4)",-0.34943049,-20,7,2.5950875e-05,""
1650,"bs_selcoff_gp:27(27,1,1,5)",-2.5217904,-20,7,1.1098345e-06,""
1651,"bs_selcoff_gp:28(28,1,1,1)",-3.0785951,-20,7,5.429845e-07,""
1652,"bs_selcoff_gp:28(28,1,1,2)",0.50026104,-20,7,-4.3348933e-06,""
1653,"bs_selcoff_gp:28(28,1,1,3)",-1.8532461,-20,7,4.3794706e-06,""
1654,"bs_selcoff_gp:28(28,1,1,4)",0.77743196,-20,7,-1.5215928e-06,""
1655,"bs_selcoff_gp:28(28,1,1,5)",-0.028171873,-20,7,1.4682511e-05,""
1656,"bs_selcoff_gp:29(29,1,1,1)",-4.3342459,-20,7,-2.4095141e-05,""
1657,"bs_selcoff_gp:29(29,1,1,2)",-1.3183278,-20,7,-5.8037769e-06,""
1658,"bs_selcoff_gp:29(29,1,1,3)",0.27704312,-20,7,-8.5506326e-06,""
1659,"bs_selcoff_gp:29(29,1,1,4)",0.69103259,-20,7,2.7325762e-06,""
1660,"bs_selcoff_gp:29(29,1,1,5)",0.33954062,-20,7,-4.1218027e-06,""
1661,"bs_selcoff_gp:30(30,1,1,1)",-4.9536936,-20,7,1.3071314e-05,""
1662,"bs_selcoff_gp:30(30,1,1,2)",-0.21050908,-20,7,-6.98447e-06,""
1663,"bs_selcoff_gp:30(30,1,1,3)",0.085845993,-20,7,-1.5944846e-06,""
1664,"bs_selcoff_gp:30(30,1,1,4)",1.0205547,-20,7,-1.1328407e-06,""
1665,"bs_selcoff_gp:30(30,1,1,5)",-1.1444623,-20,7,-3.3078268e-05,""
1666,"bs_selcoff_gp:31(31,1,1,1)",-5.4474205,-20,7,-7.029951e-06,""
1667,"bs_selcoff_gp:31(31,1,1,2)",-1.8504632,-20,7,-4.492349e-08,""
1668,"bs_selcoff_gp:31(31,1,1,3)",-0.0037804303,-20,7,-5.3987974e-06,""
1669,"bs_selcoff_gp:31(31,1,1,4)",1.234189,-20,7,2.152666e-06,""
1670,"bs_selcoff_gp:31(31,1,1,5)",-0.89965819,-20,7,-2.5713964e-06,""
1671,"bs_selcoff_gp:32(32,1,1,1)",-4.3296105,-20,7,-1.0538918e-06,""
1672,"bs_selcoff_gp:32(32,1,1,2)",-2.1213199,-20,7,-5.0261014e-07,""
1673,"bs_selcoff_gp:32(32,1,1,3)",-0.072138625,-20,7,-1.3174557e-05,""
1674,"bs_selcoff_gp:32(32,1,1,4)",1.0194752,-20,7,-3.8459572e-06,""
1675,"bs_selcoff_gp:32(32,1,1,5)",0.15255815,-20,7,3.5886932e-06,""
1676,"bs_selcoff_gp:33(33,1,1,1)",-5.4315269,-20,7,-4.4151379e-06,""
1677,"bs_selcoff_gp:33(33,1,1,2)",-3.4133733,-20,7,-5.7499413e-07,""
1678,"bs_selcoff_gp:33(33,1,1,3)",-0.17038223,-20,7,3.0078242e-06,""
1679,"bs_selcoff_gp:33(33,1,1,4)",0.16450426,-20,7,3.8140645e-06,""
1680,"bs_selcoff_gp:33(33,1,1,5)",1.0785942,-20,7,-2.0283937e-06,""
1681,"recr(2)",0.61434237,-20,20,2.2071813e-05,""
1682,"recr(3)",0.66163573,-20,20,-2.0607448e-05,""
1683,"recr(4)",0.56169869,-20,20,-4.4570275e-05,""
1684,"recr(5)",0.54748605,-20,20,2.1425352e-05,""
1685,"recr(6)",1.2912891,-20,20,1.8105429e-05,""
1686,"recr(7)",-1.0283656,-20,20,-2.1866864e-06,""
1687,"recr(8)",-1.1844085,-20,20,5.7363209e-06,""
1688,"recr(9)",-0.18596609,-20,20,-3.8573711e-06,""
1689,"recr(10)",1.9736434,-20,20,-1.247096e-05,""
1690,"recr(11)",-1.3877148,-20,20,-1.1750128e-05,""
1691,"recr(12)",-1.4249237,-20,20,5.0503083e-06,""
1692,"recr(13)",1.6354636,-20,20,-6.2770706e-06,""
1693,"recr(14)",1.4131797,-20,20,-8.8515879e-06,""
1694,"recr(15)",-2.1372417,-20,20,-1.2164478e-05,""
1695,"recr(16)",-2.5151025,-20,20,-4.9477561e-06,""
1696,"recr(17)",0.028097725,-20,20,-9.376148e-06,""
1697,"recr(18)",1.3002328,-20,20,-1.8783545e-05,""
1698,"recr(19)",-1.5439111,-20,20,1.7774922e-07,""
1699,"recr(20)",-2.6988996,-20,20,-5.2655577e-06,""
1700,"recr(21)",0.60085268,-20,20,2.0782211e-05,""
1701,"recr(22)",0.42252098,-20,20,1.3015401e-05,""
1702,"recr(23)",-0.97002302,-20,20,-7.0425309e-06,""
1703,"recr(24)",-2.6640666,-20,20,-3.3791592e-06,""
1704,"recr(25)",-0.0073714997,-20,20,-1.313772e-05,""
1705,"recr(26)",-1.8093035,-20,20,-1.132014e-05,""
1706,"recr(27)",1.8906259,-20,20,-1.546068e-07,""
1707,"recr(28)",-2.0251504,-20,20,-2.6991376e-06,""
1708,"recr(29)",1.1627529,-20,20,8.3001024e-07,""
1709,"recr(30)",-1.2691723,-20,20,-6.9375056e-06,""
1710,"recr(31)",-1.6312788,-20,20,-2.1736753e-06,""
1711,"recr(32)",-2.2970894,-20,20,1.4703665e-05,""
1712,"recr(33)",-0.26316607,-20,20,-1.4037089e-05,""
1713,"recr(34)",1.3445922,-20,20,-7.1742255e-06,""
1714,"recr(35)",-2.9200009,-20,20,-5.0681857e-06,""
1715,"recr(36)",-2.0358613,-20,20,2.1899799e-05,""
1716,"recr(37)",1.3983331,-20,20,-9.5331461e-06,""
1717,"recr(38)",-1.0844111,-20,20,-4.2273759e-06,""
1718,"recr(39)",-2.3680259,-20,20,-7.2396251e-06,""
1719,"recr(40)",-0.90711783,-20,20,9.5078447e-06,""
1720,"recr(41)",0.16633811,-20,20,-3.8571098e-06,""
1721,"recr(42)",0.90041267,-20,20,9.8519889e-06,""
1722,"recr(43)",0.2037891,-20,20,7.8675553e-06,""
1723,"recr(44)",-1.0742124,-20,20,-8.1546049e-06,""
1724,"recr(45)",1.0807824,-20,20,1.659852e-06,""
1725,"recr(46)",-1.2232585,-20,20,-6.1436473e-06,""
1726,"recr(47)",-0.56512819,-20,20,-7.4823635e-06,""
1727,"recr(48)",0.57389614,-20,20,1.3988859e-06,""
1728,"recr(49)",1.1005165,-20,20,-1.1461351e-05,""
1729,"recr(50)",0.028815205,-20,20,-3.9783566e-06,""
1730,"recr(51)",-3.026249,-20,20,-7.9189678e-06,""
1731,"recr(52)",-1.5265086,-20,20,3.2561506e-06,""
1732,"recr(53)",0.77465266,-20,20,-9.172216e-06,""
1733,"recr(54)",0.11765848,-20,20,-2.4623514e-05,""
1734,"recr(55)",-3.2276968,-20,20,-1.2109119e-05,""
1735,"recr(56)",-1.0602955,-20,20,-1.3366443e-06,""
1736,"recr(57)",-1.0974332,-20,20,-4.4565057e-06,""
1737,"recr(58)",1.4146149,-20,20,-4.8789169e-06,""
1738,"recr(59)",-2.191618,-20,20,-6.6290239e-06,""
1739,"recr(60)",0.85885954,-20,20,-5.5143624e-06,""
1740,"recr(61)",0.75249606,-20,20,-4.7119345e-06,""
1741,"recr(62)",-2.5014465,-20,20,-5.655171e-06,""
1742,"recr(63)",-1.5387837,-20,20,5.9908119e-06,""
1743,"recr(64)",-0.43427806,-20,20,-1.8537416e-05,""
1744,"recr(65)",0.90581537,-20,20,1.6509722e-06,""
1745,"recr(66)",-2.3093776,-20,20,-3.0107648e-07,""
1746,"recr(67)",-2.3532777,-20,20,-7.352605e-06,""
1747,"recr(68)",0.62610378,-20,20,5.7641363e-06,""
1748,"recr(69)",0.53029602,-20,20,-1.0918325e-05,""
1749,"recr(70)",0.13903706,-20,20,-2.179822e-05,""
1750,"recr(71)",-2.4573945,-20,20,-6.7203026e-07,""
1751,"recr(72)",0.68870954,-20,20,2.9157919e-07,""
1752,"recr(73)",1.1662117,-20,20,2.8589087e-06,""
1753,"recr(74)",-1.3940126,-20,20,-8.133195e-06,""
1754,"recr(75)",-2.904903,-20,20,6.2816213e-07,""
1755,"recr(76)",0.099050388,-20,20,-4.022071e-05,""
1756,"recr(77)",-1.8183855,-20,20,-5.1521767e-06,""
1757,"recr(78)",-0.18701593,-20,20,-1.454813e-05,""
1758,"recr(79)",-3.0793094,-20,20,-6.7733078e-06,""
1759,"recr(80)",0.79417622,-20,20,-9.1248664e-07,""
1760,"recr(81)",0.35974665,-20,20,-1.1826249e-05,""
1761,"recr(82)",-0.37836203,-20,20,8.6180225e-06,""
1762,"recr(83)",-0.051440232,-20,20,8.7582251e-08,""
1763,"recr(84)",-0.78488396,-20,20,-3.7857495e-06,""
1764,"recr(85)",0.90872453,-20,20,-2.9213728e-06,""
1765,"recr(86)",-0.85642042,-20,20,-1.2430129e-05,""
1766,"recr(87)",-1.6568083,-20,20,-4.8884409e-06,""
1767,"recr(88)",0.85218418,-20,20,-1.2530226e-05,""
1768,"recr(89)",-1.1404326,-20,20,6.7576333e-06,""
1769,"recr(90)",-2.5668578,-20,20,-9.9992077e-07,""
1770,"recr(91)",-0.19749543,-20,20,-7.792088e-06,""
1771,"recr(92)",0.24891223,-20,20,-5.6647474e-06,""
1772,"recr(93)",0.30102335,-20,20,8.8418681e-06,""
1773,"recr(94)",1.2294931,-20,20,-6.5384768e-06,""
1774,"recr(95)",0.49895596,-20,20,-6.7264874e-06,""
1775,"recr(96)",0.30736571,-20,20,1.6963918e-06,""
1776,"recr(97)",-1.0744835,-20,20,-6.6963838e-06,""
1777,"recr(98)",-1.5234586,-20,20,-1.4879833e-05,""
1778,"recr(99)",-0.27578025,-20,20,-8.6238901e-06,""
1779,"recr(100)",0.40142445,-20,20,-1.7431051e-05,""
1780,"recr(101)",0.63643058,-20,20,1.1144561e-05,""
1781,"recr(102)",-2.5695501,-20,20,-1.5070571e-06,""
1782,"recr(103)",-0.57669858,-20,20,4.1597653e-06,""
1783,"recr(104)",1.2967187,-20,20,-4.6152442e-06,""
1784,"recr(105)",-1.3559116,-20,20,-4.4331053e-06,""
1785,"recr(106)",-2.3121933,-20,20,-3.8415922e-06,""
1786,"recr(107)",-2.4679968,-20,20,-6.851442e-06,""
1787,"recr(108)",-0.94238231,-20,20,-2.9466738e-06,""
1788,"recr(109)",0.45678057,-20,20,-4.340255e-06,""
1789,"recr(110)",-2.6447488,-20,20,-5.8684416e-06,""
1790,"recr(111)",-0.73986503,-20,20,5.4986734e-06,""
1791,"recr(112)",0.18706697,-20,20,-5.3598054e-06,""
1792,"recr(113)",0.96278525,-20,20,-7.8112868e-06,""
1793,"recr(114)",-1.5260855,-20,20,5.579064e-06,""
1794,"recr(115)",-0.27516587,-20,20,5.9593259e-06,""
1795,"recr(116)",0.21884932,-20,20,-5.3669243e-06,""
1796,"recr(117)",0.75847471,-20,20,-1.5228927e-05,""
1797,"recr(118)",-0.56063279,-20,20,-1.6268837e-05,""
1798,"recr(119)",0.24547759,-20,20,3.1810781e-05,""
1799,"recr(120)",0.71722388,-20,20,-8.207634e-06,""
1800,"recr(121)",0.78713243,-20,20,-1.917951e-05,""
1801,"recr(122)",0.55743393,-20,20,-4.1444934e-06,""
1802,"recr(123)",0.45524878,-20,20,5.1616503e-06,""
1803,"recr(124)",-0.18738086,-20,20,4.3219624e-08,""
1804,"recr(125)",0.82822049,-20,20,-1.1417185e-05,""
1805,"recr(126)",-0.70008337,-20,20,5.2479923e-06,""
1806,"recr(127)",-0.14654151,-20,20,2.1018719e-05,""
1807,"recr(128)",0.53900708,-20,20,-1.6323503e-05,""
1808,"recr(129)",0.16920094,-20,20,4.0066131e-06,""
1809,"recr(130)",-0.70111142,-20,20,-1.5111135e-05,""
1810,"recr(131)",-1.3533051,-20,20,-2.0651391e-06,""
1811,"recr(132)",1.1952645,-20,20,3.6009537e-06,""
1812,"recr(133)",0.74814962,-20,20,-1.3104386e-05,""
1813,"recr(134)",-1.0088979,-20,20,-3.8696685e-06,""
1814,"recr(135)",0.6305763,-20,20,8.9245408e-06,""
1815,"recr(136)",0.6155677,-20,20,4.2505952e-06,""
1816,"recr(137)",1.0571662,-20,20,-2.4860445e-05,""
1817,"recr(138)",-1.8263499,-20,20,2.4608608e-06,""
1818,"recr(139)",-0.014429166,-20,20,-2.4934396e-05,""
1819,"recr(140)",-0.34817087,-20,20,4.9398176e-06,""
1820,"recr(141)",0.95354363,-20,20,1.4658259e-05,""
1821,"recr(142)",-1.647013,-20,20,-7.8168393e-06,""
1822,"recr(143)",0.23612844,-20,20,-1.3197106e-05,""
1823,"recr(144)",1.3832595,-20,20,6.0997276e-06,""
1824,"recr(145)",1.4775588,-20,20,-1.6942182e-05,""
1825,"recr(146)",-0.65055667,-20,20,-5.9175615e-06,""
1826,"recr(147)",-1.2928598,-20,20,-3.8651526e-06,""
1827,"recr(148)",0.8354945,-20,20,4.6420151e-06,""
1828,"recr(149)",0.69906302,-20,20,-1.73683e-06,""
1829,"recr(150)",-2.3418187,-20,20,-6.6764208e-06,""
1830,"recr(151)",1.1031858,-20,20,1.2305383e-07,""
1831,"recr(152)",0.4560118,-20,20,-3.5292708e-05,""
1832,"recr(153)",-0.21924275,-20,20,4.4341076e-06,""
1833,"recr(154)",0.92380688,-20,20,9.4651467e-06,""
1834,"recr(155)",-0.38536752,-20,20,-5.4622025e-06,""
1835,"recr(156)",0.85011893,-20,20,-7.3898275e-06,""
1836,"recr(157)",-1.3924647,-20,20,-5.3827633e-06,""
1837,"recr(158)",0.034010367,-20,20,-3.2260514e-06,""
1838,"recr(159)",0.24531024,-20,20,8.3432814e-06,""
1839,"recr(160)",1.3058204,-20,20,-1.414221e-05,""
1840,"recr(161)",0.72120731,-20,20,1.9936346e-05,""
1841,"recr(162)",0.32191687,-20,20,-2.2261638e-06,""
1842,"recr(163)",0.22408258,-20,20,2.6398498e-06,""
1843,"recr(164)",1.1716236,-20,20,-3.3302046e-06,""
1844,"recr(165)",-0.53235324,-20,20,-7.8827762e-06,""
1845,"recr(166)",-0.79586954,-20,20,-2.0419756e-05,""
1846,"recr(167)",-0.44306849,-20,20,-5.6960144e-06,""
1847,"recr(168)",1.0208422,-20,20,-4.9613188e-06,""
1848,"recr(169)",0.41146697,-20,20,-7.1591038e-06,""
1849,"recr(170)",-0.91736843,-20,20,1.9655969e-05,""
1850,"recr(171)",-0.42464933,-20,20,1.1258236e-06,""
1851,"recr(172)",1.8527591,-20,20,7.0459738e-06,""
1852,"recr(173)",-0.13219355,-20,20,-4.2099486e-06,""
1853,"recr(174)",0.057312127,-20,20,-1.0933919e-05,""
1854,"recr(175)",-0.89483474,-20,20,6.4435643e-06,""
1855,"recr(176)",0.03744145,-20,20,1.3527315e-05,""
1856,"recr(177)",1.3729802,-20,20,1.1323343e-05,""
1857,"recr(178)",0.85284511,-20,20,-8.7304365e-06,""
1858,"recr(179)",0.14832551,-20,20,-1.2201912e-05,""
1859,"recr(180)",0.93729166,-20,20,1.4261064e-05,""
1860,"recr(181)",0.15489322,-20,20,-1.7875905e-05,""
1861,"recr(182)",-0.59056223,-20,20,9.1121522e-06,""
1862,"recr(183)",-0.68899872,-20,20,3.7076988e-06,""
1863,"recr(184)",0.52143213,-20,20,9.477351e-06,""
1864,"recr(185)",1.4686311,-20,20,1.0346683e-05,""
1865,"recr(186)",0.45040289,-20,20,-2.285534e-05,""
1866,"recr(187)",0.78703542,-20,20,-5.3618909e-06,""
1867,"recr(188)",0.50448353,-20,20,2.3709051e-05,""
1868,"recr(189)",-1.1285177,-20,20,-2.9545825e-06,""
1869,"recr(190)",-0.20971555,-20,20,-2.5482401e-05,""
1870,"recr(191)",-0.58006698,-20,20,7.4468593e-06,""
1871,"recr(192)",1.583757,-20,20,2.0213975e-05,""
1872,"recr(193)",0.9305687,-20,20,-7.1511156e-06,""
1873,"recr(194)",0.68542897,-20,20,-5.6147991e-06,""
1874,"recr(195)",0.62836254,-20,20,1.9470241e-05,""
1875,"recr(196)",1.3955059,-20,20,1.6785564e-05,""
1876,"recr(197)",-0.52225235,-20,20,-1.7512711e-05,""
1877,"recr(198)",-0.63448664,-20,20,9.633365e-06,""
1878,"recr(199)",0.80610313,-20,20,3.9440819e-06,""
1879,"recr(200)",0.37214687,-20,20,-6.8190206e-06,""
1880,"recr(201)",1.0457103,-20,20,2.1735053e-06,""
1881,"recr(202)",0.57724848,-20,20,-8.9198419e-07,""
1882,"recr(203)",1.0297879,-20,20,1.884042e-05,""
1883,"recr(204)",0.10250679,-20,20,6.413621e-06,""
1884,"recr(205)",-0.009963805,-20,20,8.4046959e-06,""
1885,"recr(206)",-0.076008987,-20,20,-1.4728665e-06,""
1886,"recr(207)",0.08986073,-20,20,1.0558523e-05,""
1887,"recr(208)",1.0434241,-20,20,2.3334612e-05,""
1888,"recr(209)",0.83977356,-20,20,1.8774564e-05,""
1889,"recr(210)",1.2517234,-20,20,5.6783264e-06,""
1890,"recr(211)",0.45373033,-20,20,1.9660185e-06,""
1891,"recr(212)",0.89892093,-20,20,1.6320162e-05,""
1892,"recr(213)",0.15237212,-20,20,-1.2273393e-05,""
1893,"recr(214)",0.11171394,-20,20,1.6327625e-05,""
1894,"recr(215)",0.77826819,-20,20,1.5625634e-05,""
1895,"recr(216)",0.46735636,-20,20,1.33851e-06,""
1896,"recr(217)",0.90960343,-20,20,1.1843392e-05,""
1897,"recr(218)",0.69360184,-20,20,9.6582858e-07,""
1898,"recr(219)",0.055233411,-20,20,1.1013681e-05,""
1899,"recr(220)",0.36942752,-20,20,2.4775714e-05,""
1900,"recr(221)",0.052706963,-20,20,1.2823744e-05,""
1901,"recr(222)",0.0024718193,-20,20,-4.7775635e-06,""
1902,"recr(223)",1.1706272,-20,20,2.2066318e-05,""
1903,"recr(224)",0.84260773,-20,20,1.2165203e-05,""
1904,"recr(225)",0.16025261,-20,20,-7.814456e-06,""
1905,"recr(226)",0.60818886,-20,20,4.1894332e-07,""
1906,"recr(227)",0.55540798,-20,20,1.1205765e-05,""
1907,"recr(228)",0.94133745,-20,20,2.0642944e-05,""
1908,"recr(229)",0.42837368,-20,20,8.3302357e-06,""
1909,"recr(230)",0.8874373,-20,20,1.6640269e-05,""
1910,"recr(231)",0.84899693,-20,20,8.8999427e-06,""
1911,"recr(232)",0.54065689,-20,20,7.1689257e-06,""
1912,"recr(233)",0.13066236,-20,20,-3.0204421e-06,""
1913,"recr(234)",0.15319353,-20,20,1.2622946e-05,""
1914,"recr(235)",0.56352952,-20,20,1.0428245e-05,""
1915,"recr(236)",0.59828918,-20,20,-9.3234454e-07,""
1916,"recr(237)",0.12774632,-20,20,1.5428128e-05,""
1917,"recr(238)",0.12209349,-20,20,1.8114634e-06,""
1918,"recr(239)",0.51683562,-20,20,1.7436388e-05,""
1919,"recr(240)",0.89665024,-20,20,1.2571417e-05,""
1920,"recr(241)",0.82106554,-20,20,7.0712824e-07,""
1921,"recr(242)",1.0872357,-20,20,2.2750093e-05,""
1922,"recr(243)",0.83879359,-20,20,1.3233616e-05,""
1923,"recr(244)",0.66536776,-20,20,1.3888865e-05,""
1924,"recr(245)",0.62245303,-20,20,1.329148e-05,""
1925,"recr(246)",0.85534282,-20,20,7.7298777e-06,""
1926,"recr(247)",0.96209039,-20,20,6.1551061e-06,""
1927,"recr(248)",0.77366066,-20,20,1.190299e-05,""
1928,"recr(249)",0.091764523,-20,20,2.0731968e-05,""
1929,"recr(250)",0.17337446,-20,20,5.8349479e-06,""
1930,"recr(251)",0.35373739,-20,20,2.0749447e-05,""
1931,"recr(252)",0.51774217,-20,20,1.3755853e-06,""
1932,"recr(253)",0.36245695,-20,20,1.1983172e-05,""
1933,"recr(254)",0.58800507,-20,20,1.6511398e-05,""
1934,"recr(255)",0.46936797,-20,20,6.1194084e-06,""
1935,"recr(256)",0.86734276,-20,20,2.0172976e-07,""
1936,"recr(257)",0.32914728,-20,20,1.0118441e-05,""
1937,"recr(258)",0.46492003,-20,20,-7.7180815e-06,""
1938,"recr(259)",0.85278796,-20,20,2.5513337e-05,""
1939,"recr(260)",0.67214809,-20,20,-8.102377e-07,""
1940,"recr(261)",8.1803391e-05,-20,20,2.4103316e-06,""
1941,"recr(262)",0.73112005,-20,20,1.3734581e-05,""
1942,"recr(263)",1.03553,-20,20,1.816881e-05,""
1943,"recr(264)",0.54206985,-20,20,2.0206159e-06,""
1944,"recr(265)",0.10682343,-20,20,-1.8394171e-06,""
1945,"recr(266)",0.31313289,-20,20,4.4945225e-06,""
1946,"recr(267)",0.38605351,-20,20,1.8609313e-05,""
1947,"recr(268)",0.64971014,-20,20,7.1542019e-06,""
1948,"recr(269)",0.60949125,-20,20,4.0539287e-07,""
1949,"recr(270)",0.25535795,-20,20,8.799415e-06,""
1950,"recr(271)",0.80922384,-20,20,-7.7662893e-06,""
1951,"recr(272)",-0.027025959,-20,20,7.7874661e-06,""
1952,"recr(273)",0.21888022,-20,20,-3.8215401e-06,""
1953,"recr(274)",1.1892235,-20,20,-3.3899193e-06,""
1954,"recr(275)",0.48818209,-20,20,1.4900523e-05,""
1955,"recr(276)",0.10303919,-20,20,-5.6295122e-06,""
1956,"recr(277)",-0.43732112,-20,20,1.1805441e-06,""
1957,"recr(278)",-0.65039427,-20,20,-1.1893341e-05,""
1958,"recr(279)",0.90105778,-20,20,-1.8180918e-05,""
1959,"recr(280)",1.0033011,-20,20,5.5475347e-06,""
1960,"recr(281)",-0.16385668,-20,20,4.8600712e-06,""
1961,"recr(282)",0.59656228,-20,20,-1.8142069e-05,""
1962,"recr(283)",0.52654165,-20,20,-4.6025868e-06,""
1963,"recr(284)",-0.082814559,-20,20,-1.1710041e-06,""
1964,"recr(285)",0.19357311,-20,20,-4.8275284e-07,""
1965,"recr(286)",1.0561042,-20,20,-1.2248692e-05,""
1966,"totpop",16.243873,8,25,9.6794131e-05,""
1967,"fish_pars(23)_length_dirichlet_mult_var_mult_covariate",-0.57380342,-7,7,-6.415393e-07,""
1968,"fish_pars(23)_length_dirichlet_mult_var_mult_covariate",-0.51847443,-7,7,5.2247134e-08,""
1969,"fish_pars(23)_length_dirichlet_mult_var_mult_covariate",-0.18272038,-7,7,-4.972138e-07,""
1970,"fish_pars(23)_length_dirichlet_mult_var_mult_covariate",-0.16004742,-7,7,-1.0494172e-06,""
1971,"fish_pars(23)_length_dirichlet_mult_var_mult_covariate",0.034267373,-7,7,8.1669604e-06,""
1972,"fish_pars(23)_length_dirichlet_mult_var_mult_covariate",-0.21619843,-7,7,1.3879663e-07,""
1973,"fish_pars(23)_length_dirichlet_mult_var_mult_covariate",1.7506706,-7,7,1.2446655e-05,""
1974,"fish_pars(23)_length_dirichlet_mult_var_mult_covariate",-0.37435867,-7,7,5.2757166e-08,""
1975,"tag_fish_rep(1)",0.25781599,0.001,0.99,-1.2027264e-05,""
1976,"tag_fish_rep(6)",0.63653135,0.001,0.99,-9.5002588e-06,""
1977,"tag_fish_rep(7)",0.62450588,0.001,0.99,-1.2507272e-05,""
1978,"tag_fish_rep(10)",0.566954,0.001,0.99,-7.3326679e-06,""
1979,"tag_fish_rep(13)",0.46108902,0.001,0.99,1.8269387e-05,""
1980,"tag_fish_rep(14)",0.50294475,0.001,0.99,-4.3788632e-06,""
1981,"tag_fish_rep(17)",0.73162548,0.001,0.99,2.2637022e-05,""
1982,"tag_fish_rep(18)",0.84280056,0.001,0.99,-1.2930165e-05,""
1983,"tag_fish_rep(19)",0.66461814,0.001,0.99,5.7167355e-06,""
1984,"tag_fish_rep(20)",0.15915256,0.001,0.99,3.661812e-06,""
1985,"tag_fish_rep(23)",0.99,0.001,0.99,6.4891015e-10,"*"
1986,"tag_fish_rep(29)",0.17269462,0.001,0.99,-1.0977899e-05,""
1987,"region_pars(1)",0.25749688,1e-06,1.5,-2.2622913e-05,""
1988,"region_pars(1)",0.0931696,1e-06,1.5,4.63747e-05,""
1989,"region_pars(1)",0.40789713,1e-06,1.5,3.299184e-07,""
1990,"region_pars(1)",0.097588162,1e-06,1.5,-1.2567265e-05,""
1991,"region_pars(1)",0.14384442,1e-06,1.5,8.5363212e-07,""
1992,"sv(21)",0.027242186,1e-06,1000,-4.5907736e-07,""
1993,"vb_coff(1)",25.682304,10,60,7.1257379e-05,""
1994,"vb_coff(2)",156.43363,130,200,5.0925481e-06,""
1995,"vb_coff(3)",0.095616842,0.01,0.3,8.4690218e-05,""
1996,"var_coff(1)",7.598101,1,10,4.8106988e-06,""
1997,"var_coff(2)",0.63371042,0.1,3,-4.6403719e-06,""
